--
-- PostgreSQL database dump
--

-- Dumped from database version 10.3
-- Dumped by pg_dump version 10.3

SET statement_timeout = 0;
SET lock_timeout = 0;
SET idle_in_transaction_session_timeout = 0;
SET client_encoding = 'UTF8';
SET standard_conforming_strings = on;
SELECT pg_catalog.set_config('search_path', '', false);
SET check_function_bodies = false;
SET client_min_messages = warning;
SET row_security = off;

--
-- Data for Name: series; Type: TABLE DATA; Schema: public; Owner: -
--

COPY public.series (id, title, aired) FROM stdin;
07858cb3-060a-421a-9c44-6028fb13b9de	Star Trek: The Next Generation	[1987-09-28,1994-05-24)
711a7a2e-2fad-4a85-b07e-14077db05150	Star Trek: Deep Space Nine	[1993-01-03,1999-06-03)
b71e1b59-1560-4d80-8f71-2d924a8edb9a	Star Trek: Voyager	[1995-01-16,2001-05-24)
e3656426-3669-442f-95ba-5daa5838270f	Star Trek: Enterprise	[2001-09-26,2005-05-14)
badb4eb9-d493-464f-94b8-21334d2157e1	Star Trek: The Original Series	[1966-09-08,1969-06-04)
e3ca03f7-c94d-4847-8cb1-9f19ba99bd43	Star Trek: The Animated Series	[1973-09-08,1974-10-13)
475cc2a6-c8d5-4f65-abaa-58a01c5bfeae	Star Trek: Discovery	[2017-09-24,)
51994c36-6748-4297-a179-efc44599cd21	Star Trek Continues	[2013-05-26,2017-11-14)
\.


--
-- Data for Name: episode; Type: TABLE DATA; Schema: public; Owner: -
--

COPY public.episode (id, series, title, airdate, remastered_airdate, season, episode_number, production_code, stardate, date_year, date_month, date_day, vignette) FROM stdin;
22abead6-4aba-4b27-a3b3-77de4f9645a5	e3ca03f7-c94d-4847-8cb1-9f19ba99bd43	Beyond the Farthest Star	1973-09-08	\N	1	1	22004	5221.3	\N	\N	\N	\N
537f700c-b205-49d4-917a-ef0a4e794da8	e3ca03f7-c94d-4847-8cb1-9f19ba99bd43	Yesteryear	1973-09-15	\N	1	2	22003	5373.4	\N	\N	\N	\N
7d07308d-a055-4a23-910d-daae8dfcd636	e3ca03f7-c94d-4847-8cb1-9f19ba99bd43	One of Our Planets Is Missing	1973-09-22	\N	1	3	22007	5371.3	\N	\N	\N	\N
d40916ac-017e-4de9-9e02-538110d6275c	e3ca03f7-c94d-4847-8cb1-9f19ba99bd43	The Lorelei Signal	1973-09-29	\N	1	4	22006	5483.7	\N	\N	\N	\N
3593ff7e-a7a8-4189-941f-04589ca2cb8a	e3ca03f7-c94d-4847-8cb1-9f19ba99bd43	More Tribbles, More Troubles	1973-10-06	\N	1	5	22001	5392.4	\N	\N	\N	\N
86de5f92-ec30-403f-b2a7-6c832b94e0cc	e3ca03f7-c94d-4847-8cb1-9f19ba99bd43	The Survivor	1973-10-13	\N	1	6	22005	5143.3	\N	\N	\N	\N
15a7da60-d243-4aa4-afb3-602aa81a44f1	e3ca03f7-c94d-4847-8cb1-9f19ba99bd43	The Infinite Vulcan	1973-10-20	\N	1	7	22002	5554.4	\N	\N	\N	\N
e896d406-ad23-47b4-82e7-947d68785dbb	e3ca03f7-c94d-4847-8cb1-9f19ba99bd43	The Magicks of Megas‐Tu	1973-10-27	\N	1	8	22009	1254.4	\N	\N	\N	\N
1f6fdd3f-5000-44cb-ad0b-8396c19eb510	e3ca03f7-c94d-4847-8cb1-9f19ba99bd43	Once Upon a Planet	1973-11-03	\N	1	9	22017	5591.2	\N	\N	\N	\N
85d92087-55b2-4126-9c16-a05ec16b73f0	e3ca03f7-c94d-4847-8cb1-9f19ba99bd43	Mudd’s Passion	1973-11-10	\N	1	10	22008	4978.5	\N	\N	\N	\N
54693648-4ec6-46c5-8b55-f67e06874a6f	e3ca03f7-c94d-4847-8cb1-9f19ba99bd43	The Terratin Incident	1973-11-17	\N	1	11	22015	5577.3	\N	\N	\N	\N
90bd00c9-1e85-4e5f-8b28-6903a5495fb6	e3ca03f7-c94d-4847-8cb1-9f19ba99bd43	The Time Trap	1973-11-24	\N	1	12	22010	5267.2	\N	\N	\N	\N
d9d23fcc-997a-440e-90fb-ac80dfd6be70	e3ca03f7-c94d-4847-8cb1-9f19ba99bd43	The Ambergris Element	1973-12-01	\N	1	13	22013	5499.9	\N	\N	\N	\N
8343714e-4fbc-4dc0-8fcb-3b30c87a1927	e3ca03f7-c94d-4847-8cb1-9f19ba99bd43	The Slaver Weapon	1973-12-15	\N	1	14	22011	4187.3	\N	\N	\N	\N
0cea0d43-fe63-42e2-bc6b-91b732ff705d	e3ca03f7-c94d-4847-8cb1-9f19ba99bd43	The Eye of the Beholder	1974-01-05	\N	1	15	22016	5501.2	\N	\N	\N	\N
3adf8c94-b1cd-49b5-9556-747a469a87da	e3ca03f7-c94d-4847-8cb1-9f19ba99bd43	The Jihad	1974-01-12	\N	1	16	22014	5683.1	\N	\N	\N	\N
6d09a368-b73f-473a-95b1-e0203bd71045	e3ca03f7-c94d-4847-8cb1-9f19ba99bd43	The Pirates of Orion	1974-09-07	\N	2	1	22020	6334.1	\N	\N	\N	\N
3e49e041-cbb7-4526-828e-0bf79ced40f8	e3ca03f7-c94d-4847-8cb1-9f19ba99bd43	Bem	1974-09-14	\N	2	2	22018	7403.6	\N	\N	\N	\N
90a02c92-2df8-4732-bf52-6c8fcdbe8ad6	e3ca03f7-c94d-4847-8cb1-9f19ba99bd43	The Practical Joker	1974-09-21	\N	2	3	22021	3183.3	\N	\N	\N	\N
0324a9f3-df92-4c6a-8a3b-bee90690119f	e3ca03f7-c94d-4847-8cb1-9f19ba99bd43	Albatross	1974-09-28	\N	2	4	22019	5275.6	\N	\N	\N	\N
0cc5518c-66c8-4899-ad10-078995405c51	e3ca03f7-c94d-4847-8cb1-9f19ba99bd43	How Sharper Than a Serpent’s Tooth	1974-10-05	\N	2	5	22022	6063.4	\N	\N	\N	\N
f303ddaa-eb07-4c00-a892-c541d19622b4	e3ca03f7-c94d-4847-8cb1-9f19ba99bd43	The Counter‐Clock Incident	1974-10-12	\N	2	6	22023	6770.1	\N	\N	\N	\N
ff0b8f69-9e4a-4b29-a3dc-09ce12e59b50	07858cb3-060a-421a-9c44-6028fb13b9de	Evolution	1989-09-25	\N	3	1	40273-150	43125.8	\N	\N	\N	\N
5eb94a70-68c4-4bbf-8a00-4b1d01fada21	07858cb3-060a-421a-9c44-6028fb13b9de	The Ensigns of Command	1989-10-02	\N	3	2	40273-149	43133.3	\N	\N	\N	\N
872e4364-606e-40b9-b475-dfa560cc3cef	07858cb3-060a-421a-9c44-6028fb13b9de	The Survivors	1989-10-09	\N	3	3	40273-151	43152.4	\N	\N	\N	\N
d6c97a0e-659a-4827-a188-b044390eec4f	07858cb3-060a-421a-9c44-6028fb13b9de	Who Watches the Watchers	1989-10-16	\N	3	4	40273-152	43173.5	\N	\N	\N	\N
7421d280-671f-4fb8-b3a3-839b66db8d0b	07858cb3-060a-421a-9c44-6028fb13b9de	The Best of Both Worlds, Part II	1990-09-24	\N	4	1	40274-175	44001.4	\N	\N	\N	\N
830ec115-7102-48f1-b068-adf9c790a11f	07858cb3-060a-421a-9c44-6028fb13b9de	Family	1990-10-01	\N	4	2	40274-178	44012.3	\N	\N	\N	\N
d18f0ce8-e668-41a1-9419-7a4d170439eb	07858cb3-060a-421a-9c44-6028fb13b9de	Brothers	1990-10-08	\N	4	3	40274-177	44085.7	\N	\N	\N	\N
98c38347-7da6-4a3e-8150-26502cdbe0e9	07858cb3-060a-421a-9c44-6028fb13b9de	Suddenly Human	1990-10-15	\N	4	4	40274-176	44143.7	\N	\N	\N	\N
15dd14cb-2552-4c47-a9db-1fa3305d6666	07858cb3-060a-421a-9c44-6028fb13b9de	Qpid	1991-04-22	\N	4	20	40274-194	44741.9	\N	\N	\N	\N
f3ee905c-4df1-4126-9249-e88376c85925	07858cb3-060a-421a-9c44-6028fb13b9de	The Drumhead	1991-04-29	\N	4	21	40274-195	44769.2	\N	\N	\N	\N
78b5a606-a517-4ee7-8663-3c34fa1696f3	07858cb3-060a-421a-9c44-6028fb13b9de	Half a Life	1991-05-06	\N	4	22	40274-196	44805.3	\N	\N	\N	\N
0b6cf612-1a4f-48b4-91d3-2c338f509df4	07858cb3-060a-421a-9c44-6028fb13b9de	The Battle	1987-11-16	\N	1	9	40271-110	41723.9	\N	\N	\N	\N
3e816e8e-dd67-4cf0-ab27-77dd5a16e533	07858cb3-060a-421a-9c44-6028fb13b9de	Hide and Q	1987-11-23	\N	1	10	40271-111	41590.5	\N	\N	\N	\N
45a60111-e6a7-4212-abe1-e5ec33c45678	07858cb3-060a-421a-9c44-6028fb13b9de	The Big Goodbye	1988-01-11	\N	1	12	40271-113	41997.7	\N	\N	\N	\N
45396d2f-d179-48d8-9409-969b3b82e38a	07858cb3-060a-421a-9c44-6028fb13b9de	Datalore	1988-01-18	\N	1	13	40271-114	41242.4	\N	\N	\N	\N
45aa6635-42c2-4070-b5b5-63731d1b4d34	07858cb3-060a-421a-9c44-6028fb13b9de	Angel One	1988-01-25	\N	1	14	40271-115	41636.9	\N	\N	\N	\N
6ad13e7f-85a7-4053-b11f-ba7fd65e510d	07858cb3-060a-421a-9c44-6028fb13b9de	11001001	1988-02-01	\N	1	15	40271-116	41365.9	\N	\N	\N	\N
c448562e-b27c-48d2-93ad-e704c7627435	07858cb3-060a-421a-9c44-6028fb13b9de	Too Short a Season	1988-02-08	\N	1	16	40271-112	41309.5	\N	\N	\N	\N
8817851c-d2c8-4314-92ec-753e10097c05	07858cb3-060a-421a-9c44-6028fb13b9de	The Arsenal of Freedom	1988-04-11	\N	1	21	40271-121	41798.2	\N	\N	\N	\N
6c6efc0e-b8c1-4656-91e6-1811838becf6	07858cb3-060a-421a-9c44-6028fb13b9de	Symbiosis	1988-04-18	\N	1	22	40271-123	\N	\N	\N	\N	\N
0f044f39-dee4-4888-a222-4b3621b39265	07858cb3-060a-421a-9c44-6028fb13b9de	When the Bough Breaks	1988-02-15	\N	1	17	40271-118	41509.1	\N	\N	\N	\N
3aa050ec-3f05-4be6-83c7-2febc2924d31	07858cb3-060a-421a-9c44-6028fb13b9de	Home Soil	1988-02-22	\N	1	18	40271-117	41463.9	\N	\N	\N	\N
49d4b045-2a07-4f34-b6d2-5013d971ce54	07858cb3-060a-421a-9c44-6028fb13b9de	Coming of Age	1988-03-14	\N	1	19	40271-119	41461.2	\N	\N	\N	\N
538af9c4-fad1-4ac9-9d07-21a8d58f4fda	07858cb3-060a-421a-9c44-6028fb13b9de	Heart of Glory	1988-03-21	\N	1	20	40271-120	41503.7	\N	\N	\N	\N
8d54ac38-363b-4b8c-b94e-8f311355c50f	07858cb3-060a-421a-9c44-6028fb13b9de	Skin of Evil	1988-04-25	\N	1	23	40271-122	41601.3	\N	\N	\N	\N
60d28c94-fd42-4b3b-9bc3-e6b47d62c089	07858cb3-060a-421a-9c44-6028fb13b9de	We’ll Always Have Paris	1988-05-02	\N	1	24	40271-124	41697.3	\N	\N	\N	\N
414ed2f6-24e2-4912-9dd8-ffc1799175a2	07858cb3-060a-421a-9c44-6028fb13b9de	Conspiracy	1988-05-09	\N	1	25	40271-125	41775.5	\N	\N	\N	\N
bd3d6e2f-2858-423a-96a6-c27fc0813d9d	07858cb3-060a-421a-9c44-6028fb13b9de	The Host	1991-05-13	\N	4	23	40274-197	44821.3	\N	\N	\N	\N
0c72deca-73e7-4c10-87cc-fc8c07764b40	07858cb3-060a-421a-9c44-6028fb13b9de	The Mind’s Eye	1991-05-27	\N	4	24	40274-198	44885.5	\N	\N	\N	\N
73d7e7b9-bf9a-4f7a-a7f1-9df44af76add	07858cb3-060a-421a-9c44-6028fb13b9de	In Theory	1991-06-03	\N	4	25	40274-199	44932.3	\N	\N	\N	\N
644d24ae-c702-4149-a55d-d0aad085e67b	07858cb3-060a-421a-9c44-6028fb13b9de	Redemption	1991-06-17	\N	4	26	40274-200	44995.3	\N	\N	\N	\N
e9e87a88-91cb-4525-9954-85ce022ba405	07858cb3-060a-421a-9c44-6028fb13b9de	Redemption II	1991-09-23	\N	5	1	40275-201	45020.4	\N	\N	\N	\N
57c2d577-fbc5-4ac4-b4ca-0a8f9e7897fc	07858cb3-060a-421a-9c44-6028fb13b9de	Darmok	1991-09-30	\N	5	2	40275-202	45047.2	\N	\N	\N	\N
0e9cf79c-06f1-4528-a4c1-7d2fef0b9504	07858cb3-060a-421a-9c44-6028fb13b9de	Ensign Ro	1991-10-07	\N	5	3	40275-203	45076.3	\N	\N	\N	\N
a61a5bd0-1c12-4368-9835-a0719807f0d9	b71e1b59-1560-4d80-8f71-2d924a8edb9a	Blink of an Eye	2000-01-19	\N	6	12	233	\N	\N	\N	\N	\N
4d583aa6-16af-4218-8945-94dd3decbe77	07858cb3-060a-421a-9c44-6028fb13b9de	Silicon Avatar	1991-10-14	\N	5	4	40275-204	45122.3	\N	\N	\N	\N
cdb45fb8-aba5-4503-bcce-92bff8cf2eb0	07858cb3-060a-421a-9c44-6028fb13b9de	Gambit, Part II	1993-10-16	\N	7	5	40277-257	47160.1	\N	\N	\N	\N
9ed20389-7b44-4d88-ab13-a2f1f28f76fe	07858cb3-060a-421a-9c44-6028fb13b9de	Phantasms	1993-10-23	\N	7	6	40277-258	47225.7	\N	\N	\N	\N
d2457a58-5cfd-4b4e-a210-61c5d60f4ca8	07858cb3-060a-421a-9c44-6028fb13b9de	Dark Page	1993-10-30	\N	7	7	40277-259	47254.1	\N	\N	\N	\N
5120b310-84d9-478c-bfc5-a842fd69bbbf	07858cb3-060a-421a-9c44-6028fb13b9de	Attached	1993-11-06	\N	7	8	40277-260	47304.2	\N	\N	\N	\N
3bb86e8b-3f03-40f8-a628-4d7b26b162b9	07858cb3-060a-421a-9c44-6028fb13b9de	Where Silence Has Lease	1988-11-28	\N	2	2	40272-128	42193.6	\N	\N	\N	\N
d4d6126e-e228-4da7-be2b-c25decde1756	07858cb3-060a-421a-9c44-6028fb13b9de	Elementary, Dear Data	1988-12-05	\N	2	3	40272-129	42286.3	\N	\N	\N	\N
70f325d2-1198-4e86-b2d9-f410de9f297b	07858cb3-060a-421a-9c44-6028fb13b9de	The Outrageous Okona	1988-12-12	\N	2	4	40272-130	42402.7	\N	\N	\N	\N
67112cb9-cf67-490d-93b2-654962bc2369	07858cb3-060a-421a-9c44-6028fb13b9de	Booby Trap	1989-10-30	\N	3	6	40273-154	43205.6	\N	\N	\N	\N
698aef3e-9dbb-4c1b-acca-5117175483f9	07858cb3-060a-421a-9c44-6028fb13b9de	The Enemy	1989-11-06	\N	3	7	40273-155	43349.2	\N	\N	\N	\N
58be9618-5892-4ed7-bcce-be6908d4d2f6	07858cb3-060a-421a-9c44-6028fb13b9de	The Price	1989-11-13	\N	3	8	40273-156	43385.6	\N	\N	\N	\N
3335391c-b39b-40eb-a9de-299872c43d06	07858cb3-060a-421a-9c44-6028fb13b9de	The Vengeance Factor	1989-11-20	\N	3	9	40273-157	43421.9	\N	\N	\N	\N
f1911196-8b9a-4188-b851-2bd29f7c4b9c	07858cb3-060a-421a-9c44-6028fb13b9de	The Defector	1990-01-01	\N	3	10	40273-158	43462.5	\N	\N	\N	\N
f735f11b-a62f-47f4-8535-c94d91a7d86a	07858cb3-060a-421a-9c44-6028fb13b9de	The Hunted	1990-01-08	\N	3	11	40273-159	43489.2	\N	\N	\N	\N
357ac083-fda2-4f34-ab4c-13b8b72286c6	07858cb3-060a-421a-9c44-6028fb13b9de	The High Ground	1990-01-29	\N	3	12	40273-160	43510.7	\N	\N	\N	\N
d3b5bc31-da2c-47ea-8301-6339cf0a2361	07858cb3-060a-421a-9c44-6028fb13b9de	A Matter of Perspective	1990-02-12	\N	3	14	40273-162	43610.4	\N	\N	\N	\N
06801b18-966f-4b7e-b27e-7dd2903494fb	07858cb3-060a-421a-9c44-6028fb13b9de	Yesterday’s Enterprise	1990-02-19	\N	3	15	40273-163	43625.2	\N	\N	\N	\N
56436d04-6a29-4fb1-8dd9-4fd18b6df0f7	07858cb3-060a-421a-9c44-6028fb13b9de	Sins of the Father	1990-03-19	\N	3	17	40273-165	43685.2	\N	\N	\N	\N
ca4815df-ff99-4f6d-bca7-e533c545ca93	07858cb3-060a-421a-9c44-6028fb13b9de	Allegiance	1990-03-26	\N	3	18	40273-166	43714.1	\N	\N	\N	\N
c8c3b9cc-02af-4c86-b4b1-d78318170f96	07858cb3-060a-421a-9c44-6028fb13b9de	Captain’s Holiday	1990-04-02	\N	3	19	40273-167	43745.2	\N	\N	\N	\N
ab4db464-eb7f-42d4-a174-b623a06c3904	07858cb3-060a-421a-9c44-6028fb13b9de	Tin Man	1990-04-23	\N	3	20	40273-168	43779.3	\N	\N	\N	\N
0a453412-2871-4913-8ca7-6feca2daff2b	07858cb3-060a-421a-9c44-6028fb13b9de	Hollow Pursuits	1990-04-30	\N	3	21	40273-169	43807.4	\N	\N	\N	\N
468e0260-f9ad-4187-9499-4fedbc6e44ea	07858cb3-060a-421a-9c44-6028fb13b9de	The Most Toys	1990-05-07	\N	3	22	40273-170	43872.2	\N	\N	\N	\N
f893102c-2dc2-412f-ae74-40f73da7ffd7	07858cb3-060a-421a-9c44-6028fb13b9de	Sarek	1990-05-14	\N	3	23	40273-171	43917.4	\N	\N	\N	\N
b2d843ff-f300-44f3-8724-3f6441be0409	07858cb3-060a-421a-9c44-6028fb13b9de	Ménage à Troi	1990-05-28	\N	3	24	40273-172	43930.7	\N	\N	\N	\N
bb0fcc91-dbfc-4747-abd2-b4beb9ee67e5	07858cb3-060a-421a-9c44-6028fb13b9de	Transfigurations	1990-06-04	\N	3	25	40273-173	43957.5	\N	\N	\N	\N
94a26d8c-2a74-4aad-bd37-b669c0093451	07858cb3-060a-421a-9c44-6028fb13b9de	The Best of Both Worlds	1990-06-18	\N	3	26	40273-174	43989.1	\N	\N	\N	\N
44811911-10ca-4204-bc4d-81efc82b4b18	07858cb3-060a-421a-9c44-6028fb13b9de	Remember Me	1990-10-22	\N	4	5	40274-179	44161.2	\N	\N	\N	\N
612eb46c-370f-4d44-b28b-3f5eaf094854	07858cb3-060a-421a-9c44-6028fb13b9de	Legacy	1990-10-29	\N	4	6	40274-180	44215.2	\N	\N	\N	\N
58d70977-1b28-4ea9-960d-93ac17527100	07858cb3-060a-421a-9c44-6028fb13b9de	Reunion	1990-11-05	\N	4	7	40274-181	44246.3	\N	\N	\N	\N
dd221211-7a7a-4536-8b48-620cc39c4bc4	07858cb3-060a-421a-9c44-6028fb13b9de	Future Imperfect	1990-11-12	\N	4	8	40274-182	44286.5	\N	\N	\N	\N
2d293dc8-396e-4a16-8562-770a1995ea41	07858cb3-060a-421a-9c44-6028fb13b9de	Final Mission	1990-11-19	\N	4	9	40274-183	44307.3	\N	\N	\N	\N
c0f23a26-fb1e-4b59-a0cc-8b62f8529cf8	07858cb3-060a-421a-9c44-6028fb13b9de	The Loss	1990-12-31	\N	4	10	40274-184	44356.9	\N	\N	\N	\N
714be4ed-eabc-465e-8b38-6d608edf7a23	07858cb3-060a-421a-9c44-6028fb13b9de	Data’s Day	1991-01-07	\N	4	11	40274-185	44390.1	\N	\N	\N	\N
edb70f02-da4c-43ef-934c-bf838045a409	07858cb3-060a-421a-9c44-6028fb13b9de	The Wounded	1991-01-28	\N	4	12	40274-186	44429.6	\N	\N	\N	\N
3701b30f-e128-4744-87bb-5889b44a51ba	07858cb3-060a-421a-9c44-6028fb13b9de	Devil’s Due	1991-02-04	\N	4	13	40274-187	44474.5	\N	\N	\N	\N
62b4a7b3-bf85-4d64-9c85-d207b7f42007	07858cb3-060a-421a-9c44-6028fb13b9de	Clues	1991-02-11	\N	4	14	40274-188	44502.7	\N	\N	\N	\N
22ac6e4c-4c0e-410f-8a8c-69d11f840f6d	07858cb3-060a-421a-9c44-6028fb13b9de	First Contact	1991-02-18	\N	4	15	40274-189	\N	\N	\N	\N	\N
a8e741d3-4ee3-4ac3-a792-257181205f55	07858cb3-060a-421a-9c44-6028fb13b9de	Galaxy’s Child	1991-03-11	\N	4	16	40274-190	44614.6	\N	\N	\N	\N
139c55c1-f52c-41f8-a155-420cfad29e62	07858cb3-060a-421a-9c44-6028fb13b9de	Night Terrors	1991-03-18	\N	4	17	40274-191	44631.2	\N	\N	\N	\N
487cebbe-e5b9-40f3-98cd-51922dcb9666	07858cb3-060a-421a-9c44-6028fb13b9de	Identity Crisis	1991-03-25	\N	4	18	40274-192	44664.5	\N	\N	\N	\N
a3433fa9-0036-465b-a0ac-289af9d31687	07858cb3-060a-421a-9c44-6028fb13b9de	The Nth Degree	1991-04-01	\N	4	19	40274-193	44704.2	\N	\N	\N	\N
5847e8e1-7786-4f3e-a2c8-f021477f258d	07858cb3-060a-421a-9c44-6028fb13b9de	The Child	1988-11-21	\N	2	1	40272-127	42073.1	\N	\N	\N	\N
6d526409-da9a-455b-a1e3-e2ed626bc4e4	07858cb3-060a-421a-9c44-6028fb13b9de	Up the Long Ladder	1989-05-22	\N	2	18	40272-144	42823.2	\N	\N	\N	\N
03599459-97b8-453c-b276-3395b3a66079	07858cb3-060a-421a-9c44-6028fb13b9de	Manhunt	1989-06-19	\N	2	19	40272-145	42859.2	\N	\N	\N	\N
aed8dd3b-db27-41cb-af22-bc2ac1b66a85	07858cb3-060a-421a-9c44-6028fb13b9de	The Emissary	1989-06-29	\N	2	20	40272-146	42901.3	\N	\N	\N	\N
b7cebfee-e4c1-4382-9667-a8cba5cf7597	07858cb3-060a-421a-9c44-6028fb13b9de	Samaritan Snare	1989-05-15	\N	2	17	40272-143	42779.1	\N	\N	\N	\N
aae1c24c-e73f-4c49-a472-b651caaf8820	07858cb3-060a-421a-9c44-6028fb13b9de	Peak Performance	1989-07-10	\N	2	21	40272-147	42923.4	\N	\N	\N	\N
84f2f8af-aa1b-4b94-a1a8-956f77473851	07858cb3-060a-421a-9c44-6028fb13b9de	Shades of Gray	1989-07-17	\N	2	22	40272-148	42976.1	\N	\N	\N	\N
d4c9ac7e-cf94-4624-b30c-6dd2f81af368	07858cb3-060a-421a-9c44-6028fb13b9de	The Bonding	1989-10-23	\N	3	5	40273-153	43198.7	\N	\N	\N	\N
1320de0e-eed2-4a51-bae4-e47a406f2f56	07858cb3-060a-421a-9c44-6028fb13b9de	Deja Q	1990-02-05	\N	3	13	40273-161	43539.1	\N	\N	\N	\N
522fd1a8-a567-411d-b277-befc04dfd95a	07858cb3-060a-421a-9c44-6028fb13b9de	The Game	1991-10-28	\N	5	6	40275-206	45208.2	\N	\N	\N	\N
b135f72e-29db-4eb4-bd65-7a9de6d05924	07858cb3-060a-421a-9c44-6028fb13b9de	Unification I	1991-11-04	\N	5	7	40275-208	45236.4	\N	\N	\N	\N
2ba1e827-d613-44bf-bef7-1ca14acbb354	07858cb3-060a-421a-9c44-6028fb13b9de	Disaster	1991-10-21	\N	5	5	40275-205	45156.1	\N	\N	\N	\N
b5edb8cc-b752-4dce-ba3b-88da6d9027b9	07858cb3-060a-421a-9c44-6028fb13b9de	Imaginary Friend	1992-05-04	\N	5	22	40275-222	45832.1	\N	\N	\N	\N
ddb59668-3d86-49f4-80e9-d0ac103d85f3	07858cb3-060a-421a-9c44-6028fb13b9de	I Borg	1992-05-11	\N	5	23	40275-223	45854.2	\N	\N	\N	\N
57276219-5156-4364-a519-c314f796aa4e	07858cb3-060a-421a-9c44-6028fb13b9de	The Next Phase	1992-05-18	\N	5	24	40275-224	45892.4	\N	\N	\N	\N
51753786-628f-4f62-ac2f-6d2c9bf6c47e	07858cb3-060a-421a-9c44-6028fb13b9de	The Perfect Mate	1992-04-27	\N	5	21	40275-221	45761.3	\N	\N	\N	\N
8e2ef25d-c92b-48a5-bfa3-2cfd4c8190ef	07858cb3-060a-421a-9c44-6028fb13b9de	Time’s Arrow	1992-06-15	\N	5	26	40275-226	45959.1	\N	\N	\N	\N
768e3141-02ab-4448-9a37-963220395878	07858cb3-060a-421a-9c44-6028fb13b9de	The Inner Light	1992-06-01	\N	5	25	40275-225	45944.1	\N	\N	\N	\N
d9c50de4-0095-4e57-a8b0-8a3e1ec5fe2a	07858cb3-060a-421a-9c44-6028fb13b9de	True Q	1992-10-26	\N	6	6	40276-232	46192.3	\N	\N	\N	\N
4c54c2d2-7c4f-4078-b620-eaaf1efc86e9	07858cb3-060a-421a-9c44-6028fb13b9de	Rascals	1992-11-02	\N	6	7	40276-233	46235.7	\N	\N	\N	\N
35097694-e86b-42cc-a33d-22910ae40527	07858cb3-060a-421a-9c44-6028fb13b9de	The Schizoid Man	1989-01-23	\N	2	6	40272-131	42437.5	\N	\N	\N	\N
13610fe3-87b8-482d-824b-31ed99a4c395	badb4eb9-d493-464f-94b8-21334d2157e1	The Cage	\N	2009-05-02	\N	\N	6149-01	\N	\N	\N	\N	\N
ed6c9434-6101-460d-b2c3-101131050ad7	07858cb3-060a-421a-9c44-6028fb13b9de	Unnatural Selection	1989-01-30	\N	2	7	40272-133	42494.8	\N	\N	\N	\N
aea0b9a3-f6a7-46b1-a06a-d8240e3b46ae	07858cb3-060a-421a-9c44-6028fb13b9de	A Matter of Honor	1989-02-06	\N	2	8	40272-134	42506.5	\N	\N	\N	\N
50ddfcd4-746f-423c-9f2e-7e1c2aff4d63	07858cb3-060a-421a-9c44-6028fb13b9de	A Fistful of Datas	1992-11-07	\N	6	8	40276-234	46271.5	\N	\N	\N	\N
7281c9a5-0c86-4693-aaf8-308301b4145b	07858cb3-060a-421a-9c44-6028fb13b9de	Loud as a Whisper	1989-01-09	\N	2	5	40272-132	42477.2	\N	\N	\N	\N
8a0b1dcf-25f3-4372-b240-07304f316c87	07858cb3-060a-421a-9c44-6028fb13b9de	The Dauphin	1989-02-20	\N	2	10	40272-136	42568.8	\N	\N	\N	\N
5f7faf5e-c7de-4c2c-9631-9fe8a8e96a45	07858cb3-060a-421a-9c44-6028fb13b9de	The Royale	1989-03-27	\N	2	12	40272-138	42625.4	\N	\N	\N	\N
46b7322a-6e58-444e-96d9-0e714aab2681	07858cb3-060a-421a-9c44-6028fb13b9de	Contagion	1989-03-20	\N	2	11	40272-137	42609.1	\N	\N	\N	\N
b3a88f9d-d514-46d3-8608-1cd6ff743f8a	07858cb3-060a-421a-9c44-6028fb13b9de	The Measure of a Man	1989-02-13	\N	2	9	40272-135	42523.7	\N	\N	\N	\N
79394064-c6bc-4827-b536-b84ce1454512	07858cb3-060a-421a-9c44-6028fb13b9de	The Icarus Factor	1989-04-24	\N	2	14	40272-140	42686.4	\N	\N	\N	\N
5aef7b8c-ffb8-4f13-9f99-09c8fa226eb2	07858cb3-060a-421a-9c44-6028fb13b9de	Pen Pals	1989-05-01	\N	2	15	40272-141	42695.3	\N	\N	\N	\N
68b70e62-d7bf-4661-a6b5-fd59f10bd877	07858cb3-060a-421a-9c44-6028fb13b9de	Q Who	1989-05-08	\N	2	16	40272-142	42761.3	\N	\N	\N	\N
df70ba0b-fe4c-4a03-a7d1-104c1de2530b	07858cb3-060a-421a-9c44-6028fb13b9de	Schisms	1992-10-19	\N	6	5	40276-231	46154.2	\N	\N	\N	\N
30870cac-596d-4a43-9d0c-9d017ea04557	07858cb3-060a-421a-9c44-6028fb13b9de	Time Squared	1989-04-03	\N	2	13	40272-139	42679.2	\N	\N	\N	\N
6534b58d-7c87-43dd-b1c1-68b99d517041	07858cb3-060a-421a-9c44-6028fb13b9de	Chain of Command, Part I	1992-12-14	\N	6	10	40276-236	46357.4	\N	\N	\N	\N
6a02ab08-4b70-4bd5-aa5a-b72212ebcb59	07858cb3-060a-421a-9c44-6028fb13b9de	Chain of Command, Part II	1992-12-21	\N	6	11	40276-237	46360.8	\N	\N	\N	\N
772002a5-ce93-41ce-8486-3a2e36ef4f2f	07858cb3-060a-421a-9c44-6028fb13b9de	Ship in a Bottle	1993-01-25	\N	6	12	40276-238	46424.1	\N	\N	\N	\N
493f83e8-f0c1-4463-b70c-091ddfd7f00f	07858cb3-060a-421a-9c44-6028fb13b9de	The Quality of Life	1992-11-14	\N	6	9	40276-235	46307.2	\N	\N	\N	\N
2720c73b-8302-4279-b189-00bef3ac2f16	07858cb3-060a-421a-9c44-6028fb13b9de	Tapestry	1993-02-15	\N	6	15	40276-241	\N	\N	\N	\N	\N
9177b4ad-e7d4-475b-a04c-8cf8cea47098	07858cb3-060a-421a-9c44-6028fb13b9de	Birthright, Part I	1993-02-22	\N	6	16	40276-242	46578.4	\N	\N	\N	\N
85b3ba71-042d-4d4e-aaac-39068b7c4a36	07858cb3-060a-421a-9c44-6028fb13b9de	Aquiel	1993-02-01	\N	6	13	40276-239	46461.3	\N	\N	\N	\N
a5fe7090-32b9-4def-83c0-644dd7f4e565	07858cb3-060a-421a-9c44-6028fb13b9de	Lessons	1993-04-05	\N	6	19	40276-245	46693.1	\N	\N	\N	\N
3f05e517-f9c2-46ee-9d7a-140e0a6f8191	07858cb3-060a-421a-9c44-6028fb13b9de	The Chase	1993-04-26	\N	6	20	40276-246	46731.5	\N	\N	\N	\N
af2376b8-b81a-4c79-b5c5-1eb9caf16c49	07858cb3-060a-421a-9c44-6028fb13b9de	Birthright, Part II	1993-03-01	\N	6	17	40276-243	46579.2	\N	\N	\N	\N
9d8a9030-3370-4357-ba9e-301d2a56fcd9	07858cb3-060a-421a-9c44-6028fb13b9de	Suspicions	1993-05-10	\N	6	22	40276-248	46830.1	\N	\N	\N	\N
c6284edb-46c3-442b-91df-791cfe2abf37	07858cb3-060a-421a-9c44-6028fb13b9de	Rightful Heir	1993-05-17	\N	6	23	40276-249	46852.2	\N	\N	\N	\N
1c10f232-bdfa-4330-9ac9-33c2a078bb5c	07858cb3-060a-421a-9c44-6028fb13b9de	Second Chances	1993-05-24	\N	6	24	40276-250	46915.2	\N	\N	\N	\N
ec47dd98-03fa-4783-8e91-1529f28aa666	07858cb3-060a-421a-9c44-6028fb13b9de	Frame of Mind	1993-05-02	\N	6	21	40276-247	46778.1	\N	\N	\N	\N
f6b84d07-1120-4471-9cf3-8b474150e2a5	07858cb3-060a-421a-9c44-6028fb13b9de	Descent	1993-06-21	\N	6	26	40276-252	46982.1	\N	\N	\N	\N
185daedd-adac-4f99-979a-9a739e1b5590	07858cb3-060a-421a-9c44-6028fb13b9de	Timescape	1993-06-12	\N	6	25	40276-251	46944.2	\N	\N	\N	\N
49bfa501-aa3c-470d-a0af-9cc85c580df2	07858cb3-060a-421a-9c44-6028fb13b9de	The Naked Now	1987-10-05	\N	1	3	40271-103	41209.2	\N	\N	\N	\N
effd0402-f589-4f48-9ac4-3e9c87a45363	07858cb3-060a-421a-9c44-6028fb13b9de	Code of Honor	1987-10-12	\N	1	4	40271-104	41235.25	\N	\N	\N	\N
15871499-5453-448d-a4a0-e523e1dfbed5	07858cb3-060a-421a-9c44-6028fb13b9de	The Last Outpost	1987-10-19	\N	1	5	40271-107	41386.4	\N	\N	\N	\N
c486065d-b768-47c3-8f67-7ffcc7a93e40	07858cb3-060a-421a-9c44-6028fb13b9de	Where No One Has Gone Before	1987-10-26	\N	1	6	40271-106	41263.1	\N	\N	\N	\N
ee79d302-6d94-4117-9df7-aed713c597c8	07858cb3-060a-421a-9c44-6028fb13b9de	Lonely Among Us	1987-11-02	\N	1	7	40271-108	41249.3	\N	\N	\N	\N
393c0286-46f9-42ce-ab60-c620461f7c8e	07858cb3-060a-421a-9c44-6028fb13b9de	Justice	1987-11-09	\N	1	8	40271-109	41255.6	\N	\N	\N	\N
8120a979-374d-408b-88c9-000e4decc9f7	07858cb3-060a-421a-9c44-6028fb13b9de	Haven	1987-11-30	\N	1	11	40271-105	41294.5	\N	\N	\N	\N
ed202980-d877-4280-90b7-c5b02528ceeb	07858cb3-060a-421a-9c44-6028fb13b9de	Unification II	1991-11-11	\N	5	8	40275-207	45245.8	\N	\N	\N	\N
435a0c50-90cd-4bd0-a7dd-015b0c79d1af	07858cb3-060a-421a-9c44-6028fb13b9de	A Matter of Time	1991-11-18	\N	5	9	40275-209	45349.1	\N	\N	\N	\N
64262937-53c5-46a4-b75d-9f13de369b03	07858cb3-060a-421a-9c44-6028fb13b9de	New Ground	1992-01-06	\N	5	10	40275-210	45376.3	\N	\N	\N	\N
a79cc781-074c-48d5-aa2a-8af655b68fc2	07858cb3-060a-421a-9c44-6028fb13b9de	Hero Worship	1992-01-27	\N	5	11	40275-211	45397.3	\N	\N	\N	\N
3a25a8e5-6f55-4d3b-952a-6c65c0c02837	07858cb3-060a-421a-9c44-6028fb13b9de	Violations	1992-02-03	\N	5	12	40275-212	45429.3	\N	\N	\N	\N
067aacec-edeb-4d4d-8267-efe66b464f1f	07858cb3-060a-421a-9c44-6028fb13b9de	Genesis	1994-03-19	\N	7	19	40277-271	47653.2	\N	\N	\N	\N
f26821af-02fb-43e2-ad00-a7031fe1b3b7	07858cb3-060a-421a-9c44-6028fb13b9de	The Masterpiece Society	1992-02-10	\N	5	13	40275-213	45470.1	\N	\N	\N	\N
daf41284-6d96-4546-8f73-221bd08803bd	07858cb3-060a-421a-9c44-6028fb13b9de	Conundrum	1992-02-17	\N	5	14	40275-214	45494.2	\N	\N	\N	\N
3792c33e-7f0c-4ccc-aec4-87b0ba460e3d	07858cb3-060a-421a-9c44-6028fb13b9de	Power Play	1992-02-24	\N	5	15	40275-215	45571.2	\N	\N	\N	\N
7e07e5d6-7d98-4c63-8aeb-42d010a3f76e	07858cb3-060a-421a-9c44-6028fb13b9de	Ethics	1992-03-02	\N	5	16	40275-216	45587.3	\N	\N	\N	\N
00863497-68a6-4c32-8e54-ac7ece965461	07858cb3-060a-421a-9c44-6028fb13b9de	The Outcast	1992-03-16	\N	5	17	40275-217	45614.6	\N	\N	\N	\N
efe47378-2fd8-4bf5-819b-2df9851d10ca	07858cb3-060a-421a-9c44-6028fb13b9de	Cause and Effect	1992-03-23	\N	5	18	40275-218	45652.1	\N	\N	\N	\N
1eca2d7f-2313-48af-b045-d1d852e78a57	07858cb3-060a-421a-9c44-6028fb13b9de	The First Duty	1992-03-30	\N	5	19	40275-219	45703.9	\N	\N	\N	\N
6bc16b1a-7e40-4a7e-b980-9087b25520bf	07858cb3-060a-421a-9c44-6028fb13b9de	Cost of Living	1992-04-20	\N	5	20	40275-220	45733.6	\N	\N	\N	\N
7dddcdc9-d1d1-4c75-bc1b-ca035d14d850	07858cb3-060a-421a-9c44-6028fb13b9de	Time’s Arrow, Part II	1992-09-21	\N	6	1	40276-227	46001.3	\N	\N	\N	\N
1caff3fb-babb-4c1a-89de-09549e8e0f49	07858cb3-060a-421a-9c44-6028fb13b9de	Realm of Fear	1992-09-28	\N	6	2	40276-228	46041.1	\N	\N	\N	\N
fe712d47-4a1f-4d8d-ae56-fef369a8f889	07858cb3-060a-421a-9c44-6028fb13b9de	Man of the People	1992-10-05	\N	6	3	40276-229	46071.6	\N	\N	\N	\N
bf2a176e-454c-4218-ac1f-5e9e7166fea1	07858cb3-060a-421a-9c44-6028fb13b9de	Relics	1992-10-12	\N	6	4	40276-230	46125.3	\N	\N	\N	\N
0e8391b1-83f4-4bed-b10c-6a95b9afdfd4	07858cb3-060a-421a-9c44-6028fb13b9de	Descent, Part II	1993-09-18	\N	7	1	40277-253	47025.4	\N	\N	\N	\N
866c9f24-ac55-41ee-9c1d-0c6d4cdec110	07858cb3-060a-421a-9c44-6028fb13b9de	Liasions	1993-09-25	\N	7	2	40277-254	\N	\N	\N	\N	\N
ff20cca9-709d-4015-9675-bf2268498ee1	07858cb3-060a-421a-9c44-6028fb13b9de	Interface	1993-10-04	\N	7	3	40277-255	47215.5	\N	\N	\N	\N
48a5dbac-1220-4b60-babc-136d8d9630be	07858cb3-060a-421a-9c44-6028fb13b9de	Gambit, Part I	1993-10-09	\N	7	4	40277-256	47135.2	\N	\N	\N	\N
fd1412d6-419a-4b96-8616-1fcb6cb63e52	07858cb3-060a-421a-9c44-6028fb13b9de	Force of Nature	1993-11-15	\N	7	9	40277-261	47310.2	\N	\N	\N	\N
a51b886a-aa8b-4548-9bb3-e634dec988b7	07858cb3-060a-421a-9c44-6028fb13b9de	Inheritance	1993-11-22	\N	7	10	40277-262	47410.2	\N	\N	\N	\N
7c7c533f-0fdb-4c93-aa7f-1999738c9a4f	07858cb3-060a-421a-9c44-6028fb13b9de	Parallels	1993-11-27	\N	7	11	40277-263	47391.2	\N	\N	\N	\N
e0ad8dad-c2c1-462d-8306-b10f15d7eb2f	07858cb3-060a-421a-9c44-6028fb13b9de	The Pegasus	1994-01-10	\N	7	12	40277-264	47457.1	\N	\N	\N	\N
0eee321e-a308-4a5a-b17d-4853cc230eb9	07858cb3-060a-421a-9c44-6028fb13b9de	Homeward	1994-01-15	\N	7	13	40277-265	47423.9	\N	\N	\N	\N
539994d1-0a1b-4432-ac52-e498cdb151ff	07858cb3-060a-421a-9c44-6028fb13b9de	Sub Rosa	1994-01-31	\N	7	14	40277-266	\N	\N	\N	\N	\N
89afef8a-1eb4-45df-97ca-24bf0b59af60	07858cb3-060a-421a-9c44-6028fb13b9de	Lower Decks	1994-02-07	\N	7	15	40277-267	47566.7	\N	\N	\N	\N
9804f065-ba62-4d51-ac7b-e0bd75e35d39	07858cb3-060a-421a-9c44-6028fb13b9de	Thine Own Self	1994-02-14	\N	7	16	40277-268	47611.2	\N	\N	\N	\N
1f0c2696-57cd-467a-8ff0-209609e7cca9	07858cb3-060a-421a-9c44-6028fb13b9de	Masks	1994-02-19	\N	7	17	40277-269	47615.2	\N	\N	\N	\N
4d5a7da9-ce73-4532-88d6-78e2b5f3223d	07858cb3-060a-421a-9c44-6028fb13b9de	Eye of the Beholder	1994-02-26	\N	7	18	40277-270	47622.1	\N	\N	\N	\N
e13c46b2-3a08-4ae1-9bf8-d023b5927d9a	07858cb3-060a-421a-9c44-6028fb13b9de	Journey’s End	1994-03-26	\N	7	20	40277-272	47751.2	\N	\N	\N	\N
fb626617-9afc-4e8f-a968-00b1ac47365e	07858cb3-060a-421a-9c44-6028fb13b9de	Starship Mine	1993-03-29	\N	6	18	40276-244	46682.4	\N	\N	\N	\N
c7144a9b-996c-482d-a070-89e443a1503a	07858cb3-060a-421a-9c44-6028fb13b9de	Firstborn	1994-04-23	\N	7	21	40277-273	47779.4	\N	\N	\N	\N
f9e09498-f5e3-4bc6-bb26-0b0f05948bd5	07858cb3-060a-421a-9c44-6028fb13b9de	All Good Things…	1994-05-23	\N	7	25	40277-747	47988.0	\N	\N	\N	\N
78374468-4c2e-45ef-a977-1fe86fd2876a	07858cb3-060a-421a-9c44-6028fb13b9de	Bloodlines	1994-04-30	\N	7	22	40277-274	47829.1	\N	\N	\N	\N
f084354e-0a1b-4649-a6fd-221e7ccd6c8b	07858cb3-060a-421a-9c44-6028fb13b9de	Emergence	1994-05-07	\N	7	23	40277-275	47869.2	\N	\N	\N	\N
3ab2d23c-22ad-465f-a164-d977592267aa	07858cb3-060a-421a-9c44-6028fb13b9de	Preemptive Strike	1994-05-14	\N	7	24	40277-276	47941.7	\N	\N	\N	\N
c267e77c-7e5f-4f5f-9eb9-06be8c0579ce	07858cb3-060a-421a-9c44-6028fb13b9de	Encounter at Farpoint	1987-09-28	\N	1	1	721	41153.7	\N	\N	\N	\N
c495c045-8a29-45bd-877b-97c04ccc0cc3	711a7a2e-2fad-4a85-b07e-14077db05150	Emissary	1993-01-03	\N	1	1	40511-721	46379.1	\N	\N	\N	\N
b7ee73fb-a802-444d-bf4b-38f5c2e47b56	711a7a2e-2fad-4a85-b07e-14077db05150	Past Prologue	1993-01-09	\N	1	3	40511-404	\N	\N	\N	\N	\N
c98de08c-0354-44f7-ad7a-62c2dacf6a23	711a7a2e-2fad-4a85-b07e-14077db05150	A Man Alone	1993-01-17	\N	1	4	40511-403	46421.5	\N	\N	\N	\N
7901ee97-861f-4be3-b058-6df2ae6ff350	711a7a2e-2fad-4a85-b07e-14077db05150	Babel	1993-01-24	\N	1	5	40511-405	46423.7	\N	\N	\N	\N
5e9da1d7-4f7f-4228-b3b6-051278b685e1	711a7a2e-2fad-4a85-b07e-14077db05150	Captive Pursuit	1993-01-30	\N	1	6	40511-406	46477.5	\N	\N	\N	\N
8840acad-c5d0-42df-8861-76355c5563a7	711a7a2e-2fad-4a85-b07e-14077db05150	Q‐Less	1993-02-06	\N	1	7	40511-407	46531.2	\N	\N	\N	\N
b5f53944-c31e-431d-997b-57cce42a396c	711a7a2e-2fad-4a85-b07e-14077db05150	Dax	1993-02-13	\N	1	8	40511-408	46910.1	\N	\N	\N	\N
7754be8d-a77d-4cc3-bc8a-e31f8cb91314	711a7a2e-2fad-4a85-b07e-14077db05150	The Passenger	1993-02-20	\N	1	9	40511-409	\N	\N	\N	\N	\N
87047e97-37b2-4097-a531-0c10acf53458	711a7a2e-2fad-4a85-b07e-14077db05150	Move Along Home	1993-03-14	\N	1	10	40511-410	\N	\N	\N	\N	\N
cff55720-c010-40af-8853-3acd997423e0	711a7a2e-2fad-4a85-b07e-14077db05150	The Nagus	1993-03-21	\N	1	11	40511-411	\N	\N	\N	\N	\N
90405757-7db4-440d-bcaa-f1fa68a1d17d	711a7a2e-2fad-4a85-b07e-14077db05150	Vortex	1993-04-18	\N	1	12	40511-412	\N	\N	\N	\N	\N
240b73bc-4bd3-40d6-a51f-52675d4d333d	711a7a2e-2fad-4a85-b07e-14077db05150	Battle Lines	1993-04-25	\N	1	13	40511-413	\N	\N	\N	\N	\N
4d7a7fbd-de8c-4dae-8383-c984eb28800c	711a7a2e-2fad-4a85-b07e-14077db05150	The Storyteller	1993-05-02	\N	1	14	40511-414	46729.1	\N	\N	\N	\N
29f79dd5-3bf8-4faa-a17a-f54b0479f220	711a7a2e-2fad-4a85-b07e-14077db05150	Progress	1993-05-09	\N	1	15	40511-415	46844.3	\N	\N	\N	\N
52de0d8d-0598-4ac6-86df-4161fcf1444d	711a7a2e-2fad-4a85-b07e-14077db05150	If Wishes Were Horses	1993-05-16	\N	1	16	40511-416	46853.2	\N	\N	\N	\N
90d19af9-23b4-4109-816e-d5f8e719a7ae	711a7a2e-2fad-4a85-b07e-14077db05150	The Forsaken	1993-05-23	\N	1	17	40511-417	46925.1	\N	\N	\N	\N
a31d5880-bca0-4d9e-a0d7-3ee150b65447	711a7a2e-2fad-4a85-b07e-14077db05150	Dramatis Personae	1993-05-30	\N	1	18	40511-418	46922.3	\N	\N	\N	\N
89e35785-5216-470b-a880-2ff17b651bee	711a7a2e-2fad-4a85-b07e-14077db05150	Duet	1993-06-13	\N	1	19	40511-419	\N	\N	\N	\N	\N
00222e6c-6ade-4530-b513-551437306225	711a7a2e-2fad-4a85-b07e-14077db05150	In the Hands of the Prophets	1993-06-20	\N	1	20	40511-420	\N	\N	\N	\N	\N
672fbe8f-180b-432c-9fe7-3fc80e340a83	711a7a2e-2fad-4a85-b07e-14077db05150	The Homecoming	1993-09-26	\N	2	1	40512-421	\N	\N	\N	\N	\N
88282fa1-39ed-4121-a177-36e4e9715ca0	711a7a2e-2fad-4a85-b07e-14077db05150	The Circle	1993-10-03	\N	2	2	40512-422	\N	\N	\N	\N	\N
c213582e-6238-4ca2-9f34-2079e97c1ce0	711a7a2e-2fad-4a85-b07e-14077db05150	The Siege	1993-10-10	\N	2	3	40512-423	\N	\N	\N	\N	\N
21d24351-0d88-4e50-8e34-f26c26a075ad	711a7a2e-2fad-4a85-b07e-14077db05150	Invasive Procedures	1993-10-17	\N	2	4	40512-424	47182.1	\N	\N	\N	\N
3e5bf816-3d72-4d2b-9fc3-b04ec8f46a21	711a7a2e-2fad-4a85-b07e-14077db05150	Cardassians	1993-10-24	\N	2	5	40512-425	47177.2	\N	\N	\N	\N
0c53939f-fc00-42ee-8867-69bdc65fc5d1	711a7a2e-2fad-4a85-b07e-14077db05150	Melora	1993-10-31	\N	2	6	40512-426	47229.1	\N	\N	\N	\N
d9e4b1fc-4b17-4edd-97f0-df85918751f8	711a7a2e-2fad-4a85-b07e-14077db05150	Rules of Acquisition	1993-11-06	\N	2	7	40512-427	\N	\N	\N	\N	\N
966115b2-5dc9-426e-95db-3571e8964bcd	711a7a2e-2fad-4a85-b07e-14077db05150	Necessary Evil	1993-11-14	\N	2	8	40512-428	47282.5	\N	\N	\N	\N
cadf20b7-1c2e-4a9d-85ae-ff39a641500a	711a7a2e-2fad-4a85-b07e-14077db05150	Second Sight	1993-11-20	\N	2	9	40512-429	47329.4	\N	\N	\N	\N
421f6427-09d0-4fe7-bee0-e3b7144a8531	711a7a2e-2fad-4a85-b07e-14077db05150	Sanctuary	1993-11-28	\N	2	10	40512-430	47391.2	\N	\N	\N	\N
a047fe54-4af5-420c-b414-f647175828a2	711a7a2e-2fad-4a85-b07e-14077db05150	Rivals	1994-01-02	\N	2	11	40512-431	\N	\N	\N	\N	\N
97873b6e-bd7a-4991-b89b-64789174d4a7	711a7a2e-2fad-4a85-b07e-14077db05150	The Alternate	1994-01-09	\N	2	12	40512-432	47391.7	\N	\N	\N	\N
4f75c6da-5596-4530-b62e-54d069f17766	711a7a2e-2fad-4a85-b07e-14077db05150	Armageddon Game	1994-01-30	\N	2	13	40512-433	\N	\N	\N	\N	\N
27587577-0a2c-46c3-86c5-8f95df82d33d	711a7a2e-2fad-4a85-b07e-14077db05150	Whispers	1994-02-06	\N	2	14	40512-434	47581.2	\N	\N	\N	\N
16b265c3-472e-40cc-be65-de49fa65982d	711a7a2e-2fad-4a85-b07e-14077db05150	Paradise	1994-02-13	\N	2	15	40512-435	47573.1	\N	\N	\N	\N
e6a4a730-b052-4b15-8b3d-6d286e0dcab2	711a7a2e-2fad-4a85-b07e-14077db05150	Shadowplay	1994-02-20	\N	2	16	40512-436	47603.3	\N	\N	\N	\N
18b64aea-f5ec-4667-b1e1-5c910b850b93	711a7a2e-2fad-4a85-b07e-14077db05150	Playing God	1994-02-27	\N	2	17	40512-437	\N	\N	\N	\N	\N
bd4d104e-269a-42ca-973d-41a452abc3ed	711a7a2e-2fad-4a85-b07e-14077db05150	Profit and Loss	1994-03-20	\N	2	18	40512-438	\N	\N	\N	\N	\N
617e2727-95f7-4712-b263-5f2b98a414b9	711a7a2e-2fad-4a85-b07e-14077db05150	Blood Oath	1994-03-27	\N	2	19	40512-439	\N	\N	\N	\N	\N
20e76bb9-2baf-4109-82fa-1b9696e4285f	711a7a2e-2fad-4a85-b07e-14077db05150	The Maquis, Part I	1994-04-24	\N	2	20	40512-440	\N	\N	\N	\N	\N
c8584f34-25f1-4896-a9da-86a130e47335	711a7a2e-2fad-4a85-b07e-14077db05150	The Maquis, Part II	1994-05-01	\N	2	21	40512-441	\N	\N	\N	\N	\N
9ad792a1-b4cb-440e-ab1f-52803f66bf81	711a7a2e-2fad-4a85-b07e-14077db05150	The Wire	1994-05-08	\N	2	22	40512-442	\N	\N	\N	\N	\N
6db5c1f5-421a-4a73-989d-83671ce78436	711a7a2e-2fad-4a85-b07e-14077db05150	Crossover	1994-05-15	\N	2	23	40512-443	\N	\N	\N	\N	\N
464a8caa-0bd2-4c57-b435-29a0866b5283	711a7a2e-2fad-4a85-b07e-14077db05150	The Collaborator	1994-05-22	\N	2	24	40512-444	\N	\N	\N	\N	\N
8935cd10-7b6c-4288-9bd0-230704c63420	711a7a2e-2fad-4a85-b07e-14077db05150	Trials and Tribble‐ations	1996-11-04	\N	5	6	40510-503	4523.7	\N	\N	\N	\N
ca40648f-3451-43cf-877a-d286f672b330	711a7a2e-2fad-4a85-b07e-14077db05150	Tribunal	1994-06-05	\N	2	25	40512-445	47944.2	\N	\N	\N	\N
f0beb54a-2903-422b-82d0-b3b78040bb44	711a7a2e-2fad-4a85-b07e-14077db05150	The Jem’Hadar	1994-06-12	\N	2	26	40512-446	\N	\N	\N	\N	\N
d294a0ac-abcd-4892-ba44-728763bd193e	711a7a2e-2fad-4a85-b07e-14077db05150	The Search, Part I	1994-09-26	\N	3	1	40512-447	48213.1	\N	\N	\N	\N
4736a00e-2174-4650-8283-2617ccb8ab19	711a7a2e-2fad-4a85-b07e-14077db05150	The Search, Part II	1994-10-03	\N	3	2	40512-447	48217.7	\N	\N	\N	\N
e261b39e-d7f2-46e2-91b4-4843a4ee4b15	711a7a2e-2fad-4a85-b07e-14077db05150	The House of Quark	1994-10-10	\N	3	3	40513-449	48224.2	\N	\N	\N	\N
832e85d1-b93b-46c6-b809-6342d9fe7745	711a7a2e-2fad-4a85-b07e-14077db05150	Equilibrium	1994-10-17	\N	3	4	40513-450	\N	\N	\N	\N	\N
faaa3037-08c3-46c5-ba5a-aacaf6797b11	711a7a2e-2fad-4a85-b07e-14077db05150	Second Skin	1994-10-24	\N	3	5	40513-451	48244.5	\N	\N	\N	\N
8e00081e-a5f6-4605-a86c-8f8b08856d26	711a7a2e-2fad-4a85-b07e-14077db05150	The Abandoned	1994-10-31	\N	3	6	40513-452	48301.1	\N	\N	\N	\N
73be0a66-529b-4215-9941-aa57ccc83415	711a7a2e-2fad-4a85-b07e-14077db05150	Civil Defense	1994-11-07	\N	3	7	40513-453	48388.8	\N	\N	\N	\N
fcef8607-65d6-4399-aa77-e7551b3af17b	711a7a2e-2fad-4a85-b07e-14077db05150	Meridian	1994-11-14	\N	3	8	40513-454	48423.2	\N	\N	\N	\N
abcf2f28-93ae-4aa8-a5db-029237783670	711a7a2e-2fad-4a85-b07e-14077db05150	Defiant	1994-11-21	\N	3	9	40513-455	48467.3	\N	\N	\N	\N
0eb252c2-c81f-439f-a766-c9d63b52942a	711a7a2e-2fad-4a85-b07e-14077db05150	Fascination	1994-11-28	\N	3	10	40513-456	\N	\N	\N	\N	\N
9515270e-6214-40b8-a004-30143c2819f9	711a7a2e-2fad-4a85-b07e-14077db05150	Past Tense, Part I	1995-01-08	\N	3	11	40513-457	48481.2	\N	\N	\N	\N
99c35bef-9db0-4cbc-8689-0f26232ec933	711a7a2e-2fad-4a85-b07e-14077db05150	Past Tense, Part II	1995-01-15	\N	3	12	40513-458	48481.2	\N	\N	\N	\N
eadae91e-9138-48d5-a233-6a8691d992e0	711a7a2e-2fad-4a85-b07e-14077db05150	Life Support	1995-01-31	\N	3	13	40513-459	48498.4	\N	\N	\N	\N
5693e095-b721-42a6-ad67-12f0196704ff	711a7a2e-2fad-4a85-b07e-14077db05150	Heart of Stone	1995-02-06	\N	3	14	40513-460	48521.5	\N	\N	\N	\N
04649036-994f-4e7a-9ac8-33bc30c4dafe	711a7a2e-2fad-4a85-b07e-14077db05150	Destiny	1995-02-13	\N	3	15	40513-461	48543.2	\N	\N	\N	\N
2e69c971-afea-4814-b691-ca714ec221d0	711a7a2e-2fad-4a85-b07e-14077db05150	Prophet Motive	1995-02-20	\N	3	16	40513-462	\N	\N	\N	\N	\N
a87010f7-31f3-4e54-88ef-396fd247acd2	711a7a2e-2fad-4a85-b07e-14077db05150	Visionary	1995-02-27	\N	3	17	40513-463	48576.7	\N	\N	\N	\N
58deed34-27f0-4862-b989-1b17eba93288	711a7a2e-2fad-4a85-b07e-14077db05150	Distant Voices	1995-04-10	\N	3	18	40513-464	48592.2	\N	\N	\N	\N
79f05b5f-ef0a-4cf3-ad08-261b19c76fa2	711a7a2e-2fad-4a85-b07e-14077db05150	Through the Looking Glass	1995-04-17	\N	3	19	40513-466	\N	\N	\N	\N	\N
91d8fda3-e32e-41be-b044-932d4657c1f7	711a7a2e-2fad-4a85-b07e-14077db05150	Improbable Cause	1995-04-24	\N	3	20	40513-465	\N	\N	\N	\N	\N
8d58aba0-68ba-4f5a-b9fe-f82d2156999b	711a7a2e-2fad-4a85-b07e-14077db05150	Explorers	1995-05-08	\N	3	22	40513-468	\N	\N	\N	\N	\N
7c3289d1-bfbd-40b4-a464-053952157098	711a7a2e-2fad-4a85-b07e-14077db05150	Family Business	1995-05-15	\N	3	23	40513-469	\N	\N	\N	\N	\N
7a0f29d1-2c91-4a26-b4d2-705136053572	711a7a2e-2fad-4a85-b07e-14077db05150	Shakaar	1995-05-22	\N	3	24	40513-470	\N	\N	\N	\N	\N
ac196ad9-4bc0-4b2a-ad48-4e66d149ed09	711a7a2e-2fad-4a85-b07e-14077db05150	Facets	1995-06-12	\N	3	25	40513-471	48876.3	\N	\N	\N	\N
adb7d333-3d50-4a45-a8b5-6a07958900fe	711a7a2e-2fad-4a85-b07e-14077db05150	The Adversary	1995-06-25	\N	3	26	40513-472	48959.1	\N	\N	\N	\N
687cbc19-d087-4ffa-9a33-68d3801ba83a	711a7a2e-2fad-4a85-b07e-14077db05150	The Way of the Warrior	1995-10-02	\N	4	1	40514-473	49011.4	\N	\N	\N	\N
96d51549-75ba-4ac7-ba91-2bb9dd533d41	711a7a2e-2fad-4a85-b07e-14077db05150	The Visitor	1995-10-09	\N	4	3	40510-476	49034.7	\N	\N	\N	\N
9e3e97bf-3479-4e2f-a34b-d01ef211fc93	711a7a2e-2fad-4a85-b07e-14077db05150	Hippocratic Oath	1995-10-16	\N	4	4	40510-475	49066.5	\N	\N	\N	\N
355d9519-aabf-47e4-8243-118bd0bdc9c3	711a7a2e-2fad-4a85-b07e-14077db05150	Indiscretion	1995-10-23	\N	4	5	40510-477	\N	\N	\N	\N	\N
da0c2701-3ede-4dae-b2da-6faf6b387470	711a7a2e-2fad-4a85-b07e-14077db05150	Rejoined	1995-10-30	\N	4	6	40510-478	49195.5	\N	\N	\N	\N
825359e5-0d80-4fde-898b-2256cee68095	711a7a2e-2fad-4a85-b07e-14077db05150	Starship Down	1995-11-13	\N	4	7	40510-480	49263.5	\N	\N	\N	\N
cd1d31f4-745c-46d9-9ca1-4a147dea2c34	711a7a2e-2fad-4a85-b07e-14077db05150	Little Green Men	1995-11-15	\N	4	8	40510-479	\N	\N	\N	\N	\N
6b74e4f6-a6b6-4fc9-aebd-86283c949f8e	711a7a2e-2fad-4a85-b07e-14077db05150	The Sword of Kahless	1995-11-20	\N	4	9	40510-481	49289.1	\N	\N	\N	\N
217c9c2a-19a4-44ee-a6be-b327a6beafd8	711a7a2e-2fad-4a85-b07e-14077db05150	Our Man Bashir	1995-11-27	\N	4	10	40510-482	49300.7	\N	\N	\N	\N
e977cb06-5bfc-4c82-8ccd-81c874f4042f	711a7a2e-2fad-4a85-b07e-14077db05150	Homefront	1996-01-01	\N	4	11	40510-483	49170.7	\N	\N	\N	\N
1f6b629c-a4b2-438e-a443-f15cf85651ac	711a7a2e-2fad-4a85-b07e-14077db05150	Paradise Lost	1996-01-08	\N	4	12	40510-484	\N	\N	\N	\N	\N
6ea7332b-9c3a-4fb5-b4cd-25aa732bdd0b	711a7a2e-2fad-4a85-b07e-14077db05150	Crossfire	1996-01-29	\N	4	13	40510-485	\N	\N	\N	\N	\N
e1a408c8-c682-4adf-ac37-153dd511ae3b	711a7a2e-2fad-4a85-b07e-14077db05150	Return to Grace	1996-02-05	\N	4	14	40510-486	\N	\N	\N	\N	\N
2c31356f-61af-4767-b359-d56902fea820	711a7a2e-2fad-4a85-b07e-14077db05150	Sons of Mogh	1996-02-12	\N	4	15	40510-487	49556.2	\N	\N	\N	\N
18bf5f34-b13d-46d6-bc9f-b65d446b1158	711a7a2e-2fad-4a85-b07e-14077db05150	Bar Association	1996-02-19	\N	4	16	40510-488	\N	\N	\N	\N	\N
dddf5e6f-f541-49bb-a5e4-d2e0640d65b8	711a7a2e-2fad-4a85-b07e-14077db05150	Accession	1996-02-24	\N	4	17	40510-489	\N	\N	\N	\N	\N
ef5ca986-8a48-4569-8646-c6a04114f96c	711a7a2e-2fad-4a85-b07e-14077db05150	Rules of Engagement	1996-04-08	\N	4	18	40510-490	49665.3	\N	\N	\N	\N
fd14543b-c2ea-4bd8-bfda-6cb1b866cea9	711a7a2e-2fad-4a85-b07e-14077db05150	Shattered Mirror	1996-04-22	\N	4	20	40510-492	\N	\N	\N	\N	\N
17b7975e-0d4e-4da3-b096-3e56a44f9269	711a7a2e-2fad-4a85-b07e-14077db05150	The Muse	1996-04-29	\N	4	21	40510-493	\N	\N	\N	\N	\N
062b6d0f-5aef-4699-9572-1160f98c50b5	711a7a2e-2fad-4a85-b07e-14077db05150	For the Cause	1996-05-06	\N	4	22	40510-494	\N	\N	\N	\N	\N
40cfbb86-e099-474b-ba6f-d9278875d505	711a7a2e-2fad-4a85-b07e-14077db05150	To the Death	1996-05-13	\N	4	23	40510-496	49904.2	\N	\N	\N	\N
a7240268-6ddc-4f86-a705-89a43c0c0e17	711a7a2e-2fad-4a85-b07e-14077db05150	The Quickening	1996-05-20	\N	4	24	40510-495	\N	\N	\N	\N	\N
90bb3a2f-5122-4d1e-a8c3-448724451fa5	711a7a2e-2fad-4a85-b07e-14077db05150	Body Parts	1996-06-10	\N	4	25	40510-497	49930.3	\N	\N	\N	\N
3e9a2533-7b0f-436d-bd33-8774882b5484	711a7a2e-2fad-4a85-b07e-14077db05150	Broken Link	1996-06-17	\N	4	26	40510-498	49962.4	\N	\N	\N	\N
78508989-8eae-4e2a-9b0a-c5877cd29f85	711a7a2e-2fad-4a85-b07e-14077db05150	Apocalypse Rising	1996-09-30	\N	5	1	40510-499	\N	\N	\N	\N	\N
89338771-21f5-4520-a587-e6381315fe41	711a7a2e-2fad-4a85-b07e-14077db05150	The Ship	1996-10-07	\N	5	2	40510-500	50049.3	\N	\N	\N	\N
c28e3875-73d1-45ce-839c-403bc52fe1b8	711a7a2e-2fad-4a85-b07e-14077db05150	Looking for par’Mach in All the Wrong Places	1996-10-14	\N	5	3	40510-501	50061.2	\N	\N	\N	\N
274b82ca-6176-46a9-94b5-4c5662ceef5a	711a7a2e-2fad-4a85-b07e-14077db05150	Nor the Battle to the Strong	1996-10-21	\N	5	4	40510-502	\N	\N	\N	\N	\N
55cdeb60-e463-4c7e-9452-798bbb5d995e	711a7a2e-2fad-4a85-b07e-14077db05150	The Assignment	1996-10-28	\N	5	5	40510-504	\N	\N	\N	\N	\N
c50894c6-1108-4f0d-b022-c9cf6ddd945e	711a7a2e-2fad-4a85-b07e-14077db05150	Let He Who Is Without Sin…	1996-11-11	\N	5	7	40510-505	\N	\N	\N	\N	\N
a5a18b1f-ea43-45c3-9b40-c75a8d488e4c	711a7a2e-2fad-4a85-b07e-14077db05150	Things Past	1996-11-18	\N	5	8	40510-506	\N	\N	\N	\N	\N
ac64273b-d624-4237-a565-051dc8390b15	711a7a2e-2fad-4a85-b07e-14077db05150	The Ascent	1996-11-25	\N	5	9	40510-507	\N	\N	\N	\N	\N
bb577685-1cd1-47a0-8673-726e3568308f	711a7a2e-2fad-4a85-b07e-14077db05150	Rapture	1996-12-30	\N	5	10	40510-508	\N	\N	\N	\N	\N
dfc50729-94fc-4e4d-a907-41263d2501c2	711a7a2e-2fad-4a85-b07e-14077db05150	The Darkness and the Light	1997-01-06	\N	5	11	40510-509	50416.2	\N	\N	\N	\N
4c0ce094-c5db-4b3b-b184-ee3aaea532c9	711a7a2e-2fad-4a85-b07e-14077db05150	The Begotten	1997-01-27	\N	5	12	40510-510	\N	\N	\N	\N	\N
e762e668-c4a2-472d-b1fa-eb40000665a6	711a7a2e-2fad-4a85-b07e-14077db05150	For the Uniform	1997-02-03	\N	5	13	40510-511	50485.2	\N	\N	\N	\N
630c83c5-9878-4a11-a725-2984ec8214b0	711a7a2e-2fad-4a85-b07e-14077db05150	In Purgatory’s Shadow	1997-02-10	\N	5	14	40510-512	\N	\N	\N	\N	\N
9de9ef14-244b-444d-9509-191574b9a6e2	711a7a2e-2fad-4a85-b07e-14077db05150	By Inferno’s Light	1997-02-17	\N	5	15	40510-513	50564.2	\N	\N	\N	\N
3406e0fd-594d-463f-ac93-3102bb4a41da	711a7a2e-2fad-4a85-b07e-14077db05150	Doctor Bashir, I Presume	1997-02-24	\N	5	16	40510-514	\N	\N	\N	\N	\N
dc944bed-6d2a-4eba-9117-da1a6402724a	711a7a2e-2fad-4a85-b07e-14077db05150	A Simple Investigation	1997-03-31	\N	5	17	40510-515	\N	\N	\N	\N	\N
33d1466f-44fb-44f2-85c9-6b31da988a54	711a7a2e-2fad-4a85-b07e-14077db05150	Business as Usual	1997-04-05	\N	5	18	40510-516	\N	\N	\N	\N	\N
f4e65570-a0b9-4761-a08e-743f8fbf3a00	711a7a2e-2fad-4a85-b07e-14077db05150	Ties of Blood and Water	1997-04-14	\N	5	19	40510-517	50712.5	\N	\N	\N	\N
ebfc8bd3-4c84-485d-943b-52df2434ca2d	711a7a2e-2fad-4a85-b07e-14077db05150	Ferengi Love Songs	1997-04-21	\N	5	20	40510-518	\N	\N	\N	\N	\N
cdc8900a-c091-4ba6-b311-5b5277cbbc4c	711a7a2e-2fad-4a85-b07e-14077db05150	Soldiers of the Empire	1997-04-29	\N	5	21	40510-519	\N	\N	\N	\N	\N
a31ae3da-c973-4f56-8d71-29111f92fae6	711a7a2e-2fad-4a85-b07e-14077db05150	Children of Time	1997-05-05	\N	5	22	40510-520	50814.2	\N	\N	\N	\N
51a411c2-1cc0-4f53-9f6a-fe3816dc2f7b	711a7a2e-2fad-4a85-b07e-14077db05150	Blaze of Glory	1997-05-12	\N	5	23	40510-521	\N	\N	\N	\N	\N
292f361d-e1a5-46af-aa88-25d3b851ff12	711a7a2e-2fad-4a85-b07e-14077db05150	Empok Nor	1997-05-19	\N	5	24	40510-522	50901.7	\N	\N	\N	\N
b00b4d7b-c644-4045-9135-532843ebb8dc	711a7a2e-2fad-4a85-b07e-14077db05150	In the Cards	1997-06-09	\N	5	25	40510-523	50929.4	\N	\N	\N	\N
e0078b9b-8663-4864-bf82-e542c2db25e6	711a7a2e-2fad-4a85-b07e-14077db05150	Call to Arms	1997-06-16	\N	5	26	40510-524	50975.2	\N	\N	\N	\N
63e0955d-af11-4627-ac95-433eab699513	711a7a2e-2fad-4a85-b07e-14077db05150	A Time to Stand	1997-09-29	\N	6	1	40510-525	\N	\N	\N	\N	\N
864cdf77-4cb7-46a6-95fa-27f860db868f	711a7a2e-2fad-4a85-b07e-14077db05150	Rocks and Shoals	1997-10-06	\N	6	2	40510-527	51096.2	\N	\N	\N	\N
c1d843c8-6986-4dc9-af56-199cfedabea0	711a7a2e-2fad-4a85-b07e-14077db05150	Sons and Daughters	1997-10-16	\N	6	3	40510-526	\N	\N	\N	\N	\N
e1ff452f-9799-49a8-87ae-42417c09f0d4	711a7a2e-2fad-4a85-b07e-14077db05150	Behind the Lines	1997-10-20	\N	6	4	40510-528	51145.3	\N	\N	\N	\N
898e1caa-5456-40c3-a5e3-9a03ca0642a1	711a7a2e-2fad-4a85-b07e-14077db05150	Favor the Bold	1997-10-27	\N	6	5	40510-529	\N	\N	\N	\N	\N
23bd6883-f62c-42ae-b093-3534e9cfdcc8	711a7a2e-2fad-4a85-b07e-14077db05150	Sacrifice of Angels	1997-11-03	\N	6	6	40510-530	\N	\N	\N	\N	\N
ee82dd16-eae0-4d38-8e3b-e38cb0e3d0ab	711a7a2e-2fad-4a85-b07e-14077db05150	You Are Cordially Invited	1997-11-10	\N	6	7	40510-531	51247.5	\N	\N	\N	\N
ac2a258c-a582-4e32-93af-7aa97df56fa1	711a7a2e-2fad-4a85-b07e-14077db05150	Resurrection	1997-11-17	\N	6	8	40510-532	\N	\N	\N	\N	\N
8537e67a-f2f1-4b7e-92fd-8e8923ecc9f4	711a7a2e-2fad-4a85-b07e-14077db05150	Statistical Probabilities	1997-11-22	\N	6	9	40510-533	\N	\N	\N	\N	\N
880e30dc-d9b7-4171-828f-44846784ebf5	711a7a2e-2fad-4a85-b07e-14077db05150	The Magnificent Ferengi	1997-12-17	\N	6	10	40510-534	\N	\N	\N	\N	\N
877a7eff-844a-4011-beae-f2534ef84a3a	711a7a2e-2fad-4a85-b07e-14077db05150	Waltz	1998-01-03	\N	6	11	40510-535	51408.6	\N	\N	\N	\N
68b8782e-9e8d-458e-9af4-a3e0710c7b35	711a7a2e-2fad-4a85-b07e-14077db05150	Who Mourns for Morn?	1998-02-04	\N	6	12	40510-536	\N	\N	\N	\N	\N
572beb44-fe10-4ef2-9850-41b419ccedda	711a7a2e-2fad-4a85-b07e-14077db05150	Far Beyond the Stars	1998-02-11	\N	6	13	40510-538	\N	\N	\N	\N	\N
5042c18d-efe0-4acd-8a90-dcbbb5887dd3	711a7a2e-2fad-4a85-b07e-14077db05150	One Little Ship	1998-02-14	\N	6	14	40510-537	51474.2	\N	\N	\N	\N
3018335a-2588-4c48-bb01-24b9fffb411a	711a7a2e-2fad-4a85-b07e-14077db05150	Honor Among Thieves	1998-02-21	\N	6	15	40510-539	\N	\N	\N	\N	\N
852c57e8-7a9e-4fe1-bbe8-0ec96a2bfe2a	711a7a2e-2fad-4a85-b07e-14077db05150	Change of Heart	1998-02-28	\N	6	16	40510-540	51597.2	\N	\N	\N	\N
5ee17054-d83a-48e2-9af7-2643ad67dcdf	711a7a2e-2fad-4a85-b07e-14077db05150	Wrongs Darker Than Death or Night	1998-03-28	\N	6	17	40510-541	\N	\N	\N	\N	\N
a85fd36d-c231-4e44-b7da-969b45361f8c	711a7a2e-2fad-4a85-b07e-14077db05150	Inquisition	1998-04-08	\N	6	18	40510-542	\N	\N	\N	\N	\N
c5554b6a-e374-43f6-ae78-b6cfb9b6f4e1	711a7a2e-2fad-4a85-b07e-14077db05150	In the Pale Moonlight	1998-04-15	\N	6	19	40510-543	51721.3	\N	\N	\N	\N
08dd4f74-64ca-4acc-acec-58566b60eab3	711a7a2e-2fad-4a85-b07e-14077db05150	Hard Time	1996-04-15	\N	4	19	40510-491	\N	\N	\N	\N	\N
89f62345-719a-4e53-8fc4-071a69c6e3d5	711a7a2e-2fad-4a85-b07e-14077db05150	His Way	1998-04-22	\N	6	20	40510-544	\N	\N	\N	\N	\N
364eb18d-8668-4287-bcf0-da9c14214237	711a7a2e-2fad-4a85-b07e-14077db05150	The Reckoning	1998-04-29	\N	6	21	40510-545	\N	\N	\N	\N	\N
169f67af-01cd-49ac-ae14-2e9cadccad5a	711a7a2e-2fad-4a85-b07e-14077db05150	Valiant	1998-05-06	\N	6	22	40510-546	51825.4	\N	\N	\N	\N
abb6e54c-21c9-4213-ac47-21b64e09c4a9	711a7a2e-2fad-4a85-b07e-14077db05150	Profit and Lace	1998-05-13	\N	6	23	40510-547	\N	\N	\N	\N	\N
32c73a95-9f30-4a07-af18-3c09a624f758	711a7a2e-2fad-4a85-b07e-14077db05150	Time’s Orphan	1998-05-20	\N	6	24	40510-548	\N	\N	\N	\N	\N
743e5d49-78d7-4fad-acc6-63b5868b41ce	711a7a2e-2fad-4a85-b07e-14077db05150	The Sound of Her Voice	1998-06-10	\N	6	25	40510-549	51948.3	\N	\N	\N	\N
a51c9a89-4a20-428f-b39b-8ee951640040	b71e1b59-1560-4d80-8f71-2d924a8edb9a	Warlord	1996-11-20	\N	3	10	152	50348.1	\N	\N	\N	\N
a073e3f0-ecc9-4d45-9674-a44d806150b9	711a7a2e-2fad-4a85-b07e-14077db05150	Tears of the Prophets	1998-06-17	\N	6	26	40510-550	\N	\N	\N	\N	\N
84de9761-2fd5-4c85-8cec-662630561645	711a7a2e-2fad-4a85-b07e-14077db05150	Image in the Sand	1998-09-30	\N	7	1	40510-551	\N	\N	\N	\N	\N
bccc38e6-c4b7-4ce8-8334-c8f88c80816a	711a7a2e-2fad-4a85-b07e-14077db05150	Shadows and Symbols	1998-10-07	\N	7	2	40510-552	52152.6	\N	\N	\N	\N
b249bd2e-13f2-4422-93b5-1fb2da81e937	711a7a2e-2fad-4a85-b07e-14077db05150	Take Me Out to the Holosuite	1998-10-21	\N	7	4	40510-554	\N	\N	\N	\N	\N
64934404-42ea-435f-9e5d-348e898de73b	711a7a2e-2fad-4a85-b07e-14077db05150	Chrysalis	1998-10-28	\N	7	5	40510-555	\N	\N	\N	\N	\N
931537ee-66ac-4f03-9f44-ae1dd05f3f6d	711a7a2e-2fad-4a85-b07e-14077db05150	Treachery, Faith and the Great River	1998-11-04	\N	7	6	40510-556	\N	\N	\N	\N	\N
96a2af46-1d96-4bc9-9072-7645a330148f	711a7a2e-2fad-4a85-b07e-14077db05150	Once More Unto the Breach	1998-11-11	\N	7	7	40510-557	\N	\N	\N	\N	\N
822abd4b-cf82-4743-b27f-d36917a438d1	711a7a2e-2fad-4a85-b07e-14077db05150	The Siege of AR‐558	1998-11-18	\N	7	8	40510-558	\N	\N	\N	\N	\N
0f2ac755-fa6f-44f0-b913-02a4577c162b	711a7a2e-2fad-4a85-b07e-14077db05150	Covenant	1998-11-25	\N	7	9	40510-559	\N	\N	\N	\N	\N
ea10fa7c-d7f6-4112-a6e8-1346cd94591e	711a7a2e-2fad-4a85-b07e-14077db05150	It’s Only a Paper Moon	1998-12-30	\N	7	10	40510-560	\N	\N	\N	\N	\N
79ed4b0a-d91d-4ddd-afd7-c702fb47dd62	711a7a2e-2fad-4a85-b07e-14077db05150	Prodigal Daughter	1999-01-06	\N	7	11	40510-561	\N	\N	\N	\N	\N
0e239d6b-caa8-4c96-a414-e1808523a6da	711a7a2e-2fad-4a85-b07e-14077db05150	The Emperor’s New Cloak	1999-02-03	\N	7	12	40510-562	\N	\N	\N	\N	\N
b72622cd-1646-41c8-a0f9-c2410b92212e	711a7a2e-2fad-4a85-b07e-14077db05150	Field of Fire	1999-02-10	\N	7	13	40510-563	\N	\N	\N	\N	\N
7e8129db-6a84-4620-83c2-2d8b8cb60822	711a7a2e-2fad-4a85-b07e-14077db05150	Chimera	1999-02-17	\N	7	14	40510-564	\N	\N	\N	\N	\N
91250c4f-e6e9-440d-ae4a-ee7d76188465	711a7a2e-2fad-4a85-b07e-14077db05150	Badda‐Bing, Badda‐Bang	1999-02-24	\N	7	15	40510-566	\N	\N	\N	\N	\N
13e2eafd-311a-40b5-b640-b2ab6fc0fddc	711a7a2e-2fad-4a85-b07e-14077db05150	Inter Arma Enim Silent Leges	1999-03-03	\N	7	16	40510-565	\N	\N	\N	\N	\N
eca6397d-b643-4dca-94c1-23c948dbb827	711a7a2e-2fad-4a85-b07e-14077db05150	Penumbra	1999-04-07	\N	7	17	40510-567	52576.2	\N	\N	\N	\N
80d46227-3ff9-4db8-8441-0283cce206a8	711a7a2e-2fad-4a85-b07e-14077db05150	’Til Death Do Us Part	1999-04-14	\N	7	18	40510-568	\N	\N	\N	\N	\N
da517f1a-25f5-4341-bfba-9b46f9c86a73	711a7a2e-2fad-4a85-b07e-14077db05150	Strange Bedfellows	1999-04-21	\N	7	19	40510-569	\N	\N	\N	\N	\N
a492cb7f-7bfa-43c6-b226-b99caddb61e4	711a7a2e-2fad-4a85-b07e-14077db05150	The Changing Face of Evil	1999-04-28	\N	7	20	40510-570	\N	\N	\N	\N	\N
fcca6962-5992-495f-b345-e549a28ef5d7	711a7a2e-2fad-4a85-b07e-14077db05150	When It Rains…	1999-05-05	\N	7	21	40510-571	\N	\N	\N	\N	\N
b7c75732-3d80-475a-9df3-ef28eb4890f2	711a7a2e-2fad-4a85-b07e-14077db05150	Tacking Into the Wind	1999-05-12	\N	7	22	40510-572	\N	\N	\N	\N	\N
101c00d6-7da3-4e52-b8f5-af2962837f1c	711a7a2e-2fad-4a85-b07e-14077db05150	Extreme Measures	1999-05-19	\N	7	23	40510-573	52645.7	\N	\N	\N	\N
dd41df68-57ba-4c76-918d-c9e22b8eea9b	711a7a2e-2fad-4a85-b07e-14077db05150	The Dogs of War	1999-05-26	\N	7	24	40510-574	52861.3	\N	\N	\N	\N
c9acbfc3-a2f8-4810-95ad-b11d3deb70da	711a7a2e-2fad-4a85-b07e-14077db05150	What You Leave Behind	1999-06-02	\N	7	25	40510-575	\N	\N	\N	\N	\N
ef012a7b-f3b1-4ec2-b6ff-708acd6e15ef	b71e1b59-1560-4d80-8f71-2d924a8edb9a	Caretaker	1995-01-16	\N	1	1	101	48315.6	\N	\N	\N	\N
7c0cc777-98c4-4a79-8bf1-81b5974345f9	b71e1b59-1560-4d80-8f71-2d924a8edb9a	Parallax	1995-01-23	\N	1	3	103	48439.7	\N	\N	\N	\N
3c68090d-5228-44d8-b37c-b8b54f261b6e	b71e1b59-1560-4d80-8f71-2d924a8edb9a	Time and Again	1995-01-30	\N	1	4	104	\N	\N	\N	\N	\N
547dea27-c6ab-446d-a275-441c596d2d07	b71e1b59-1560-4d80-8f71-2d924a8edb9a	Phage	1995-02-06	\N	1	5	105	48532.4	\N	\N	\N	\N
850a062d-8c41-4688-a2de-dad424f902f3	b71e1b59-1560-4d80-8f71-2d924a8edb9a	The Cloud	1995-02-13	\N	1	6	106	48546.2	\N	\N	\N	\N
557424ea-6d48-4bd8-8a12-d1e8b59da21c	b71e1b59-1560-4d80-8f71-2d924a8edb9a	Eye of the Needle	1995-02-20	\N	1	7	107	48579.4	\N	\N	\N	\N
d4ead5fe-39c8-4706-b291-2ccc9521604e	b71e1b59-1560-4d80-8f71-2d924a8edb9a	Ex Post Facto	1995-02-27	\N	1	8	108	\N	\N	\N	\N	\N
2984c86a-f964-4387-8c16-c1259cd53efc	b71e1b59-1560-4d80-8f71-2d924a8edb9a	Emanations	1995-03-13	\N	1	9	109	48623.5	\N	\N	\N	\N
1574c658-84a9-4488-9472-e89907af34e0	b71e1b59-1560-4d80-8f71-2d924a8edb9a	Prime Factors	1995-03-20	\N	1	10	110	48642.5	\N	\N	\N	\N
c27cb939-2b8c-4fd0-8bff-6f5eb090f4d5	b71e1b59-1560-4d80-8f71-2d924a8edb9a	State of Flux	1995-04-10	\N	1	11	111	48658.2	\N	\N	\N	\N
a1c16a1e-dce2-4ce6-a82b-3a26415ba8fe	b71e1b59-1560-4d80-8f71-2d924a8edb9a	Heroes and Demons	1995-04-24	\N	1	12	112	48693.2	\N	\N	\N	\N
f294e4f3-8d95-4662-9f80-86d1260c163d	b71e1b59-1560-4d80-8f71-2d924a8edb9a	Cathexis	1995-05-01	\N	1	13	113	48734.2	\N	\N	\N	\N
15fa00d0-f3af-4529-b9a8-e99d0f7b05f4	b71e1b59-1560-4d80-8f71-2d924a8edb9a	Faces	1995-05-08	\N	1	14	114	48784.2	\N	\N	\N	\N
175a4a21-0d50-4cba-bab1-cd587d63d2f9	b71e1b59-1560-4d80-8f71-2d924a8edb9a	Jetrel	1995-05-15	\N	1	15	115	48832.1	\N	\N	\N	\N
7aaa4e39-d83f-4393-b045-a6ab8ead3bd3	b71e1b59-1560-4d80-8f71-2d924a8edb9a	Learning Curve	1995-05-22	\N	1	16	116	48846.5	\N	\N	\N	\N
ba95f5aa-98ab-4a64-90d8-bfd7d520e2b3	b71e1b59-1560-4d80-8f71-2d924a8edb9a	The 37’s	1995-08-28	\N	2	1	120	48975.1	\N	\N	\N	\N
acd6ea5f-456d-4bce-a95a-c8888a4f285d	b71e1b59-1560-4d80-8f71-2d924a8edb9a	Initiations	1995-09-04	\N	2	2	121	49005.3	\N	\N	\N	\N
d454c7d9-d235-4f5e-a9ad-8e17213cfde7	b71e1b59-1560-4d80-8f71-2d924a8edb9a	Projections	1995-09-11	\N	2	3	117	48892.1	\N	\N	\N	\N
4db22748-53bd-4fb9-bb19-070f3445d5a3	b71e1b59-1560-4d80-8f71-2d924a8edb9a	Elogium	1995-09-18	\N	2	4	118	48921.3	\N	\N	\N	\N
41f14cc2-db47-42ca-8638-63d8b018cf7c	b71e1b59-1560-4d80-8f71-2d924a8edb9a	Parturition	1995-10-09	\N	2	7	123	49068.5	\N	\N	\N	\N
740d315e-1e82-4763-9112-bada920c6b73	b71e1b59-1560-4d80-8f71-2d924a8edb9a	Persistence of Vision	1995-10-30	\N	2	8	124	\N	\N	\N	\N	\N
71693719-51bd-422d-a422-24c0d1a236a8	b71e1b59-1560-4d80-8f71-2d924a8edb9a	Tattoo	1995-11-06	\N	2	9	125	\N	\N	\N	\N	\N
c7cfcd3f-4cbc-41ff-9126-69c73b191927	b71e1b59-1560-4d80-8f71-2d924a8edb9a	Cold Fire	1995-11-13	\N	2	10	126	49164.8	\N	\N	\N	\N
85118178-174f-47c4-99b6-9fec7e957b9c	b71e1b59-1560-4d80-8f71-2d924a8edb9a	Maneuvers	1995-11-20	\N	2	11	127	49208.5	\N	\N	\N	\N
985f7249-cebe-4914-b8e2-a96dca3f9d10	b71e1b59-1560-4d80-8f71-2d924a8edb9a	Resistance	1995-11-27	\N	2	12	128	\N	\N	\N	\N	\N
5ea8d54b-6847-4603-9bef-87a0fbec54a9	b71e1b59-1560-4d80-8f71-2d924a8edb9a	Prototype	1996-01-15	\N	2	13	129	\N	\N	\N	\N	\N
7abb78ae-f2ad-4187-aba6-db013ae52f26	b71e1b59-1560-4d80-8f71-2d924a8edb9a	Alliances	1996-01-22	\N	2	14	131	49337.4	\N	\N	\N	\N
643145a9-45ec-4432-aa0f-20aafd6ecd8b	b71e1b59-1560-4d80-8f71-2d924a8edb9a	Threshold	1996-01-29	\N	2	15	132	49373.4	\N	\N	\N	\N
7e02bedc-4b74-4cba-88eb-8e62a2832fcb	b71e1b59-1560-4d80-8f71-2d924a8edb9a	Meld	1996-02-05	\N	2	16	133	\N	\N	\N	\N	\N
915e1f06-4b6f-4447-a145-e50068d78d69	b71e1b59-1560-4d80-8f71-2d924a8edb9a	Death Wish	1996-02-19	\N	2	18	130	49301.2	\N	\N	\N	\N
f9868df0-5167-4b83-b141-f1e8bea8d70d	b71e1b59-1560-4d80-8f71-2d924a8edb9a	Lifesigns	1996-02-26	\N	2	19	136	49504.3	\N	\N	\N	\N
48f007ff-0d1b-4c50-960c-438c5140e8b3	b71e1b59-1560-4d80-8f71-2d924a8edb9a	Investigations	1996-03-13	\N	2	20	135	49485.2	\N	\N	\N	\N
ded06c68-892b-4c0c-b01a-8078f3fba88c	b71e1b59-1560-4d80-8f71-2d924a8edb9a	Deadlock	1996-03-18	\N	2	21	137	49548.7	\N	\N	\N	\N
69b431a7-8456-4986-9b61-2ba4c3bc48c5	b71e1b59-1560-4d80-8f71-2d924a8edb9a	Innocence	1996-04-08	\N	2	22	138	49578.2	\N	\N	\N	\N
0ecd742e-e8c2-4191-b0ab-fa74c1d743ec	b71e1b59-1560-4d80-8f71-2d924a8edb9a	The Thaw	1996-04-29	\N	2	23	139	\N	\N	\N	\N	\N
5e0dc52e-7799-45fd-b620-e24f26671ce6	b71e1b59-1560-4d80-8f71-2d924a8edb9a	Tuvix	1996-05-06	\N	2	24	140	49655.2	\N	\N	\N	\N
2c09f0b5-665f-4453-8837-b8518b4925a4	b71e1b59-1560-4d80-8f71-2d924a8edb9a	Resolutions	1996-05-13	\N	2	25	141	49690.1	\N	\N	\N	\N
0893e082-363f-4b1a-b3be-ce22e1dde745	51994c36-6748-4297-a179-efc44599cd21	Embracing the Winds	2016-09-03	\N	\N	7	\N	6295.3	\N	\N	\N	f
25799c34-7fa7-4e52-a05f-dc589ec9c6bd	b71e1b59-1560-4d80-8f71-2d924a8edb9a	Basics, Part I	1996-05-20	\N	2	26	142	\N	\N	\N	\N	\N
9b8c82fb-cc0b-45f4-bc03-1fdc2de76eec	b71e1b59-1560-4d80-8f71-2d924a8edb9a	Basics, Part II	1996-09-04	\N	3	1	146	50032.7	\N	\N	\N	\N
4bc8bd2f-f55d-4fb7-be89-49964c179b33	b71e1b59-1560-4d80-8f71-2d924a8edb9a	Flashback	1996-09-11	\N	3	2	145	50126.4	\N	\N	\N	\N
c560e8b9-266f-419d-9a66-d97119bc1be3	b71e1b59-1560-4d80-8f71-2d924a8edb9a	The Chute	1996-09-18	\N	3	3	147	50156.2	\N	\N	\N	\N
18657b3d-7f4b-46b2-9760-447ef41fab28	b71e1b59-1560-4d80-8f71-2d924a8edb9a	Dreadnought	1996-02-12	\N	2	17	134	49447.0	\N	\N	\N	\N
3b91e9ed-4901-4d98-b0bc-b57caa097f24	b71e1b59-1560-4d80-8f71-2d924a8edb9a	The Swarm	1996-09-25	\N	3	4	149	50252.3	\N	\N	\N	\N
e9660e55-ce6d-4dd4-b531-f23267af9c3a	b71e1b59-1560-4d80-8f71-2d924a8edb9a	False Profits	1996-10-02	\N	3	5	144	50074.3	\N	\N	\N	\N
abef00e9-5709-451c-b681-4cd3e8035410	b71e1b59-1560-4d80-8f71-2d924a8edb9a	Sacred Ground	1996-10-30	\N	3	7	143	50063.2	\N	\N	\N	\N
043a4dc9-aae4-4912-80fb-6562fdd264fd	b71e1b59-1560-4d80-8f71-2d924a8edb9a	Future’s End	1996-11-06	\N	3	8	150	50312.5	\N	\N	\N	\N
31086b21-1b47-41fa-9a05-fe3102ba59f2	b71e1b59-1560-4d80-8f71-2d924a8edb9a	Future’s End, Part II	1996-11-13	\N	3	9	151	50312.5	\N	\N	\N	\N
cfa6db29-58f0-43da-9f81-eac74d1decb9	e3656426-3669-442f-95ba-5daa5838270f	Judgment	2003-04-09	\N	2	19	45	\N	\N	\N	\N	\N
8ab258b4-9137-47bb-9507-c30404ff0800	b71e1b59-1560-4d80-8f71-2d924a8edb9a	The Q and the Grey	1996-11-27	\N	3	11	153	50384.2	\N	\N	\N	\N
fa975518-dbf5-48be-af8d-c2b8054ab0e2	b71e1b59-1560-4d80-8f71-2d924a8edb9a	Macrocosm	1996-12-11	\N	3	12	154	50425.1	\N	\N	\N	\N
2b670481-fa6d-4cf0-b839-ba00cb4a9731	b71e1b59-1560-4d80-8f71-2d924a8edb9a	Fair Trade	1997-01-08	\N	3	13	156	\N	\N	\N	\N	\N
ea80b1ac-c62f-43da-b77c-6d75a4a33216	b71e1b59-1560-4d80-8f71-2d924a8edb9a	Alter Ego	1997-01-15	\N	3	14	155	50460.3	\N	\N	\N	\N
9c95f524-f1ab-4a20-9713-7923194b4654	b71e1b59-1560-4d80-8f71-2d924a8edb9a	Coda	1997-01-29	\N	3	15	158	50518.6	\N	\N	\N	\N
18e34e49-311e-4074-b9ee-95cc5a9ac5e0	b71e1b59-1560-4d80-8f71-2d924a8edb9a	Blood Fever	1997-02-05	\N	3	16	157	50537.2	\N	\N	\N	\N
764df340-c99f-482a-a9dc-8c3d07ad0dae	b71e1b59-1560-4d80-8f71-2d924a8edb9a	Unity	1997-02-12	\N	3	17	159	50614.2	\N	\N	\N	\N
09b8f7a9-58fb-4de4-b502-2c4763589d95	b71e1b59-1560-4d80-8f71-2d924a8edb9a	Darkling	1997-02-19	\N	3	18	161	50693.2	\N	\N	\N	\N
71c363d7-bf6f-415e-b1de-fa7ced7f407c	b71e1b59-1560-4d80-8f71-2d924a8edb9a	Rise	1997-02-26	\N	3	19	160	\N	\N	\N	\N	\N
5bf2f8ab-e4a5-40b3-a36b-dfeb7d7e33c7	b71e1b59-1560-4d80-8f71-2d924a8edb9a	Favorite Son	1997-03-19	\N	3	20	162	50732.4	\N	\N	\N	\N
ae08190d-b800-4ce6-9ef4-0b2a7310e72c	b71e1b59-1560-4d80-8f71-2d924a8edb9a	Before and After	1997-04-09	\N	3	21	163	\N	\N	\N	\N	\N
3a9c5164-c8a2-4eaa-b96e-fc90737f1e8e	b71e1b59-1560-4d80-8f71-2d924a8edb9a	Real Life	1997-04-23	\N	3	22	164	50836.2	\N	\N	\N	\N
4bb95e8b-7df1-407b-9654-8323fc69b942	b71e1b59-1560-4d80-8f71-2d924a8edb9a	Distant Origin	1997-04-30	\N	3	23	165	\N	\N	\N	\N	\N
8d544b84-ecfc-4c35-b02e-721698fad2fc	b71e1b59-1560-4d80-8f71-2d924a8edb9a	Displaced	1997-05-07	\N	3	24	166	50912.4	\N	\N	\N	\N
de2ba502-2f5b-4be8-9377-c174b90f1414	b71e1b59-1560-4d80-8f71-2d924a8edb9a	Worst Case Scenario	1997-05-14	\N	3	25	167	50953.4	\N	\N	\N	\N
d856b6f2-36fd-4183-a42a-8a741207d5ee	b71e1b59-1560-4d80-8f71-2d924a8edb9a	Scorpion	1997-05-21	\N	3	26	168	50984.3	\N	\N	\N	\N
2eecab19-c623-4722-b46b-d3546c390500	b71e1b59-1560-4d80-8f71-2d924a8edb9a	Scorpion, Part II	1997-09-03	\N	4	1	169	51003.7	\N	\N	\N	\N
db0e9145-9f07-4f74-b218-e534e46236b4	b71e1b59-1560-4d80-8f71-2d924a8edb9a	Day of Honor	1997-09-17	\N	4	3	172	\N	\N	\N	\N	\N
01131293-a0ed-4e11-8528-4fce2d366c4c	b71e1b59-1560-4d80-8f71-2d924a8edb9a	Nemesis	1997-09-24	\N	4	4	171	51082.4	\N	\N	\N	\N
666be21b-92b9-4796-a9bf-316b4de9835c	b71e1b59-1560-4d80-8f71-2d924a8edb9a	Revulsion	1997-10-01	\N	4	5	173	51186.2	\N	\N	\N	\N
fc4bb492-ed02-481a-94bd-3dcb115281d7	b71e1b59-1560-4d80-8f71-2d924a8edb9a	Scientific Method	1997-10-29	\N	4	7	175	51244.3	\N	\N	\N	\N
32c43078-bdf8-4c5d-9dc3-94a620e14269	b71e1b59-1560-4d80-8f71-2d924a8edb9a	Year of Hell	1997-11-05	\N	4	8	176	51268.4	\N	\N	\N	\N
f4c7679b-4921-4e0f-9393-ae7ca3e2cc62	b71e1b59-1560-4d80-8f71-2d924a8edb9a	Year of Hell, Part II	1997-11-12	\N	4	9	177	51425.4	\N	\N	\N	\N
4e20f2b2-ce78-4a84-aee5-fad2021ae5f1	b71e1b59-1560-4d80-8f71-2d924a8edb9a	Random Thoughts	1997-11-19	\N	4	10	178	51367.2	\N	\N	\N	\N
95798915-bf6c-48e5-a7cd-4b2f55776060	b71e1b59-1560-4d80-8f71-2d924a8edb9a	Concerning Flight	1997-11-26	\N	4	11	179	51386.4	\N	\N	\N	\N
7a0105d4-afc5-4631-80ce-0372f63bd2e0	b71e1b59-1560-4d80-8f71-2d924a8edb9a	Mortal Coil	1997-12-17	\N	4	12	180	51449.2	\N	\N	\N	\N
49c1526e-8ed9-4ebf-aa7b-cd351690971e	b71e1b59-1560-4d80-8f71-2d924a8edb9a	Waking Moments	1998-01-14	\N	4	13	182	51471.3	\N	\N	\N	\N
cb6000d7-9f1a-4d70-997f-639363a48c52	b71e1b59-1560-4d80-8f71-2d924a8edb9a	Hunters	1998-02-11	\N	4	15	183	51501.4	\N	\N	\N	\N
9739c634-9955-4ce7-bab9-01211d89f92c	b71e1b59-1560-4d80-8f71-2d924a8edb9a	Prey	1998-02-18	\N	4	16	184	51652.3	\N	\N	\N	\N
b8d6a8d4-b6d8-4e11-b2ef-4d922ca22902	b71e1b59-1560-4d80-8f71-2d924a8edb9a	Retrospect	1998-02-25	\N	4	17	185	51658.2	\N	\N	\N	\N
ecbca15c-4b00-4017-b4f1-1e34b8c03460	b71e1b59-1560-4d80-8f71-2d924a8edb9a	The Killing Game	1998-03-04	\N	4	18	186	\N	\N	\N	\N	\N
82c1c3cf-7f96-46e5-8684-dd15993f76c2	b71e1b59-1560-4d80-8f71-2d924a8edb9a	The Killing Game, Part II	1998-03-04	\N	4	19	187	51715.2	\N	\N	\N	\N
98acddc2-a131-4619-a861-916cfa17d934	b71e1b59-1560-4d80-8f71-2d924a8edb9a	Vis à Vis	1998-04-08	\N	4	20	188	51762.4	\N	\N	\N	\N
eb9db289-3649-427b-832c-2cb9cc43b346	b71e1b59-1560-4d80-8f71-2d924a8edb9a	The Omega Directive	1998-04-15	\N	4	21	189	51781.2	\N	\N	\N	\N
eaf67a70-fc37-443d-af5a-8d91c6572c4c	b71e1b59-1560-4d80-8f71-2d924a8edb9a	Unforgettable	1998-04-22	\N	4	22	190	51813.4	\N	\N	\N	\N
709796d0-b0ef-4de8-af96-987805443948	b71e1b59-1560-4d80-8f71-2d924a8edb9a	Living Witness	1998-04-29	\N	4	23	191	\N	\N	\N	\N	\N
b861cd57-696d-4b34-87db-f0ac1da65bdc	b71e1b59-1560-4d80-8f71-2d924a8edb9a	Demon	1998-05-06	\N	4	24	192	\N	\N	\N	\N	\N
7fc68ebc-307d-45d3-9e10-e97b5cb3dfc3	b71e1b59-1560-4d80-8f71-2d924a8edb9a	One	1998-05-13	\N	4	25	193	51929.3	\N	\N	\N	\N
0e7a72d8-701e-4a18-8cc6-9bf559cd96e4	b71e1b59-1560-4d80-8f71-2d924a8edb9a	Hope and Fear	1998-05-20	\N	4	26	194	51978.2	\N	\N	\N	\N
97cfcc4f-344b-41b5-988a-191b3d5a1ec1	b71e1b59-1560-4d80-8f71-2d924a8edb9a	Night	1998-10-14	\N	5	1	195	52081.2	\N	\N	\N	\N
6ead7ec1-2389-4367-bd91-1f0eabe5fafb	b71e1b59-1560-4d80-8f71-2d924a8edb9a	Drone	1998-10-21	\N	5	2	196	\N	\N	\N	\N	\N
e03c93f4-125e-45a1-8ce3-dc2fd66f84dd	b71e1b59-1560-4d80-8f71-2d924a8edb9a	Extreme Risk	1998-10-28	\N	5	3	197	\N	\N	\N	\N	\N
437d7bf5-a8e4-4715-86e3-7c775eb10a43	b71e1b59-1560-4d80-8f71-2d924a8edb9a	In the Flesh	1998-11-04	\N	5	4	198	52136.4	\N	\N	\N	\N
4af69a92-ef7f-4c0c-bb4d-ae04a2cbf354	b71e1b59-1560-4d80-8f71-2d924a8edb9a	Once Upon a Time	1998-11-11	\N	5	5	199	\N	\N	\N	\N	\N
658a4084-7605-4212-b93c-e382e2551e8a	b71e1b59-1560-4d80-8f71-2d924a8edb9a	Timeless	1998-11-18	\N	5	6	201	52164.3	\N	\N	\N	\N
42864255-8b75-434f-8d34-c063fb37f867	b71e1b59-1560-4d80-8f71-2d924a8edb9a	Infinite Regress	1998-11-25	\N	5	7	203	52356.2	\N	\N	\N	\N
a8c51c1f-f607-4810-a4c8-e44180c860a5	b71e1b59-1560-4d80-8f71-2d924a8edb9a	Nothing Human	1998-12-02	\N	5	8	200	\N	\N	\N	\N	\N
2074e15c-a579-43cd-86a7-4476ab462dc9	b71e1b59-1560-4d80-8f71-2d924a8edb9a	Thirty Days	1998-12-09	\N	5	9	202	52179.4	\N	\N	\N	\N
425f7689-add0-484a-acff-76203a4cdad7	b71e1b59-1560-4d80-8f71-2d924a8edb9a	Counterpoint	1998-12-16	\N	5	10	204	\N	\N	\N	\N	\N
cdea65a8-98e7-4b47-b093-7560180314a7	b71e1b59-1560-4d80-8f71-2d924a8edb9a	Latent Image	1999-01-20	\N	5	11	206	\N	\N	\N	\N	\N
7b980a04-e449-4c0e-867f-db079e6f3375	b71e1b59-1560-4d80-8f71-2d924a8edb9a	Bride of Chaotica!	1999-01-27	\N	5	12	207	\N	\N	\N	\N	\N
a1275ff4-b317-49f8-900a-ed30830ec1a6	b71e1b59-1560-4d80-8f71-2d924a8edb9a	Gravity	1999-02-03	\N	5	13	205	52438.9	\N	\N	\N	\N
cc844faa-e950-4913-a486-c60c607a9846	b71e1b59-1560-4d80-8f71-2d924a8edb9a	Bliss	1999-02-10	\N	5	14	209	52542.3	\N	\N	\N	\N
0acb3cbf-d7d4-4501-ab00-19a60ece76eb	b71e1b59-1560-4d80-8f71-2d924a8edb9a	Dark Frontier	1999-02-17	\N	5	15	211	52619.2	\N	\N	\N	\N
13cbbe21-5d88-485f-bc17-5995b681a6e9	b71e1b59-1560-4d80-8f71-2d924a8edb9a	The Disease	1999-02-24	\N	5	17	210	\N	\N	\N	\N	\N
3ff17aa7-10b4-4355-a1c5-ada3d7eaa5d6	b71e1b59-1560-4d80-8f71-2d924a8edb9a	Course: Oblivion	1999-03-03	\N	5	18	213	52586.3	\N	\N	\N	\N
63154d08-5001-4e62-a541-b59b93675502	b71e1b59-1560-4d80-8f71-2d924a8edb9a	The Fight	1999-03-24	\N	5	19	208	\N	\N	\N	\N	\N
6c66e162-4bbf-466e-97f9-d0fc422963fc	b71e1b59-1560-4d80-8f71-2d924a8edb9a	Think Tank	1999-03-31	\N	5	20	214	\N	\N	\N	\N	\N
5820619b-103a-481d-945c-d686b8bfba5d	b71e1b59-1560-4d80-8f71-2d924a8edb9a	Juggernaut	1999-04-26	\N	5	21	215	\N	\N	\N	\N	\N
24e2e163-1ee2-45b3-92d7-7c3cbae94d8e	b71e1b59-1560-4d80-8f71-2d924a8edb9a	11:59	1999-05-05	\N	5	23	217	\N	\N	\N	\N	\N
3469859d-becd-4167-b89a-4815aedc0429	b71e1b59-1560-4d80-8f71-2d924a8edb9a	Relativity	1999-05-12	\N	5	24	218	52861.274	\N	\N	\N	\N
c3800c99-8867-449f-8223-550e0c132cad	b71e1b59-1560-4d80-8f71-2d924a8edb9a	Warhead	1999-05-19	\N	5	25	219	\N	\N	\N	\N	\N
876957d3-01da-4bee-ad21-3f7a00c03c87	b71e1b59-1560-4d80-8f71-2d924a8edb9a	Equinox	1999-05-26	\N	5	26	220	\N	\N	\N	\N	\N
ad0d117f-e66a-4cdb-9a49-94f59f581227	b71e1b59-1560-4d80-8f71-2d924a8edb9a	Equinox, Part II	1999-09-22	\N	6	1	221	\N	\N	\N	\N	\N
1208c545-baf0-4344-81ee-811c059f41fb	b71e1b59-1560-4d80-8f71-2d924a8edb9a	Survival Instinct	1999-09-29	\N	6	2	222	53049.2	\N	\N	\N	\N
6b6a59cb-6d8a-476b-a5d8-93cb196696b1	b71e1b59-1560-4d80-8f71-2d924a8edb9a	Barge of the Dead	1999-10-06	\N	6	3	223	\N	\N	\N	\N	\N
358b2855-071c-47e8-a212-257fe4ca7360	b71e1b59-1560-4d80-8f71-2d924a8edb9a	Message in a Bottle	1998-01-21	\N	4	14	181	51462.0	\N	\N	\N	\N
328665c0-78eb-4789-b93c-690e2aaf9b64	b71e1b59-1560-4d80-8f71-2d924a8edb9a	Someone to Watch Over Me	1999-04-28	\N	5	22	216	52648.0	\N	\N	\N	\N
100765f9-7436-46da-9113-c0dd3bf1dfbf	b71e1b59-1560-4d80-8f71-2d924a8edb9a	Tinker Tenor Doctor Spy	1999-10-13	\N	6	4	224	\N	\N	\N	\N	\N
96843337-33a2-4a82-bef7-64a340029300	b71e1b59-1560-4d80-8f71-2d924a8edb9a	Alice	1999-10-20	\N	6	5	226	\N	\N	\N	\N	\N
0ef80887-c8e5-4406-b7ca-2c3724887ca8	b71e1b59-1560-4d80-8f71-2d924a8edb9a	Riddles	1999-11-03	\N	6	6	227	53263.2	\N	\N	\N	\N
c5af980d-1e49-4ad8-86c9-957202fa9b3a	b71e1b59-1560-4d80-8f71-2d924a8edb9a	Dragon’s Teeth	1999-11-10	\N	6	7	225	53167.9	\N	\N	\N	\N
912eff34-2e27-4aa4-9cb0-c762f5b45267	b71e1b59-1560-4d80-8f71-2d924a8edb9a	Pathfinder	1999-12-01	\N	6	10	230	\N	\N	\N	\N	\N
afed0915-ec15-466c-88a3-30a778abe57f	b71e1b59-1560-4d80-8f71-2d924a8edb9a	Fair Haven	2000-01-12	\N	6	11	231	\N	\N	\N	\N	\N
27a537f2-a023-43bc-b026-7673d62c8ca4	b71e1b59-1560-4d80-8f71-2d924a8edb9a	Virtuoso	2000-01-26	\N	6	13	234	53556.4	\N	\N	\N	\N
3653235b-4767-4a4d-adac-b5e092f014c0	b71e1b59-1560-4d80-8f71-2d924a8edb9a	Memorial	2000-02-02	\N	6	14	236	\N	\N	\N	\N	\N
a5955a4d-e15f-47d1-8145-acaf20ae7075	b71e1b59-1560-4d80-8f71-2d924a8edb9a	Tsunkatse	2000-02-09	\N	6	15	232	53447.2	\N	\N	\N	\N
1dcea1fd-af5c-402f-8a3b-6e4cc5ec8e0c	b71e1b59-1560-4d80-8f71-2d924a8edb9a	Collective	2000-02-16	\N	6	16	235	\N	\N	\N	\N	\N
373efbdb-abf7-4b40-8395-29f49d32626a	b71e1b59-1560-4d80-8f71-2d924a8edb9a	Spirit Folk	2000-02-23	\N	6	17	237	\N	\N	\N	\N	\N
0a30d0b6-ba32-4bc2-9be9-2f78b5a1d00f	b71e1b59-1560-4d80-8f71-2d924a8edb9a	Ashes to Ashes	2000-03-01	\N	6	18	238	53679.4	\N	\N	\N	\N
311cd0f1-405e-47f2-9b70-b62ce6aec17e	b71e1b59-1560-4d80-8f71-2d924a8edb9a	Child’s Play	2000-03-08	\N	6	19	239	\N	\N	\N	\N	\N
32de4914-a12d-437a-a0c1-63dffe2deadf	b71e1b59-1560-4d80-8f71-2d924a8edb9a	Good Shepherd	2000-03-15	\N	6	20	240	53753.2	\N	\N	\N	\N
28893cfb-eabc-454e-a755-85dc835ce449	b71e1b59-1560-4d80-8f71-2d924a8edb9a	Live Fast and Prosper	2000-04-19	\N	6	21	242	53849.2	\N	\N	\N	\N
df7be982-4a45-4032-81ec-fd95a9a0d8ce	b71e1b59-1560-4d80-8f71-2d924a8edb9a	Fury	2000-05-03	\N	6	23	241	\N	\N	\N	\N	\N
b2372246-0a1d-4072-b555-dcf774a3b7e9	b71e1b59-1560-4d80-8f71-2d924a8edb9a	Life Line	2000-05-10	\N	6	24	243	\N	\N	\N	\N	\N
b12e35c5-6fdc-46a2-8433-714fae0f21a4	b71e1b59-1560-4d80-8f71-2d924a8edb9a	The Haunting of Deck Twelve	2000-05-17	\N	6	25	245	\N	\N	\N	\N	\N
1df76f7d-0a48-441a-a09f-65803dcdc43e	b71e1b59-1560-4d80-8f71-2d924a8edb9a	Unimatrix Zero	2000-05-24	\N	6	26	246	\N	\N	\N	\N	\N
f1c4a908-1d86-4b8c-bf01-b5b1845d4fb1	b71e1b59-1560-4d80-8f71-2d924a8edb9a	Unimatrix Zero, Part II	2000-10-04	\N	7	1	247	54014.4	\N	\N	\N	\N
34e14330-ca82-4854-8f14-a31375564475	b71e1b59-1560-4d80-8f71-2d924a8edb9a	Imperfection	2000-10-11	\N	7	2	248	54129.4	\N	\N	\N	\N
a4ffb5b8-996f-496a-b417-4c8c847f0d7a	b71e1b59-1560-4d80-8f71-2d924a8edb9a	Drive	2000-10-18	\N	7	3	249	54058.6	\N	\N	\N	\N
2efa3cf2-a241-46e3-acda-4ebfd3f4e463	b71e1b59-1560-4d80-8f71-2d924a8edb9a	Repression	2000-10-25	\N	7	4	251	54090.4	\N	\N	\N	\N
01fbb43d-5890-4c52-adc3-21f2e25de4a2	b71e1b59-1560-4d80-8f71-2d924a8edb9a	Inside Man	2000-11-08	\N	7	6	252	54208.3	\N	\N	\N	\N
62db219f-9fbf-41f2-ba92-5714619df9d6	b71e1b59-1560-4d80-8f71-2d924a8edb9a	Body and Soul	2000-11-15	\N	7	7	255	54238.3	\N	\N	\N	\N
c22b430f-6fc4-4628-ba01-533c7b4e51dc	b71e1b59-1560-4d80-8f71-2d924a8edb9a	Nightingale	2000-11-22	\N	7	8	256	54274.7	\N	\N	\N	\N
9e2b049f-7d36-436d-b844-9ac38351e048	b71e1b59-1560-4d80-8f71-2d924a8edb9a	Flesh and Blood	2000-11-29	\N	7	9	253	54315.3	\N	\N	\N	\N
6a881a73-fb8f-409a-9ba8-b0bddc50ec12	b71e1b59-1560-4d80-8f71-2d924a8edb9a	Lineage	2001-01-24	\N	7	12	258	54452.6	\N	\N	\N	\N
5ce82372-740f-4285-868a-9d44177deca1	b71e1b59-1560-4d80-8f71-2d924a8edb9a	Repentance	2001-01-31	\N	7	13	259	54474.6	\N	\N	\N	\N
254472d1-2b32-4f46-8229-829027df1af9	b71e1b59-1560-4d80-8f71-2d924a8edb9a	Prophecy	2001-02-07	\N	7	14	260	54518.2	\N	\N	\N	\N
3696ac27-5b05-4be8-855d-914a195ce0ab	b71e1b59-1560-4d80-8f71-2d924a8edb9a	The Void	2001-02-14	\N	7	15	261	54553.4	\N	\N	\N	\N
8fd8dae3-6418-43e9-b9c4-40c18861c2ca	b71e1b59-1560-4d80-8f71-2d924a8edb9a	Workforce	2001-02-21	\N	7	16	262	54584.3	\N	\N	\N	\N
e05ca663-4c24-43a0-adac-c2bbff5ef6ce	b71e1b59-1560-4d80-8f71-2d924a8edb9a	Workforce, Part II	2001-02-28	\N	7	17	263	54622.4	\N	\N	\N	\N
f0a32dfe-ed0f-4bfd-bcaf-c212ced6ef73	b71e1b59-1560-4d80-8f71-2d924a8edb9a	Human Error	2001-03-07	\N	7	18	264	\N	\N	\N	\N	\N
06a87e1c-c949-4be9-acdd-b243fac73f9e	b71e1b59-1560-4d80-8f71-2d924a8edb9a	Author, Author	2001-04-18	\N	7	20	266	54732.3	\N	\N	\N	\N
ba681b5d-c609-4d71-8c10-313f6d0745ca	b71e1b59-1560-4d80-8f71-2d924a8edb9a	Friendship One	2001-04-25	\N	7	21	267	54775.4	\N	\N	\N	\N
c099e18c-d9f1-4634-bfa2-88adb465ecb9	b71e1b59-1560-4d80-8f71-2d924a8edb9a	Natural Law	2001-05-02	\N	7	22	268	54827.7	\N	\N	\N	\N
18b13dbb-3a55-46ea-b745-aee95e984415	b71e1b59-1560-4d80-8f71-2d924a8edb9a	Homestead	2001-05-09	\N	7	23	269	54868.6	\N	\N	\N	\N
bec99d88-fe00-4fcc-8243-92ba4326dc2a	b71e1b59-1560-4d80-8f71-2d924a8edb9a	Renaissance Man	2001-05-16	\N	7	24	270	54890.7	\N	\N	\N	\N
60313e81-335d-4c2a-a94e-c9486bb445d1	b71e1b59-1560-4d80-8f71-2d924a8edb9a	Endgame	2001-05-23	\N	7	25	271	54973.4	\N	\N	\N	\N
00e339b2-4e9f-4f32-9f8a-8fefdf60d6b9	b71e1b59-1560-4d80-8f71-2d924a8edb9a	Q2	2001-04-11	\N	7	19	265	54704.5	\N	\N	\N	\N
60992d57-9c21-4075-b4bc-9ccc5a3b2899	e3656426-3669-442f-95ba-5daa5838270f	Broken Bow	2001-09-26	\N	1	1	1	\N	2151	4	16	\N
1248acb6-f82f-4ae4-81a8-d31375e7b457	e3656426-3669-442f-95ba-5daa5838270f	Fight or Flight	2001-10-03	\N	1	3	3	\N	2151	5	6	\N
9fb60f00-ef5f-426b-a28f-3b6e63e19d69	e3656426-3669-442f-95ba-5daa5838270f	Strange New World	2001-10-10	\N	1	4	4	\N	\N	\N	\N	\N
6ca2b918-5a22-4cf5-bf31-9eb483ed7822	e3656426-3669-442f-95ba-5daa5838270f	Unexpected	2001-10-17	\N	1	5	5	\N	\N	\N	\N	\N
49c2565f-c2f0-4234-874c-ea89856a2d8f	e3656426-3669-442f-95ba-5daa5838270f	Terra Nova	2001-10-24	\N	1	6	6	\N	\N	\N	\N	\N
af3a844a-7e92-4be8-a82c-3e5dce1d4c46	e3656426-3669-442f-95ba-5daa5838270f	The Andorian Incident	2001-10-31	\N	1	7	7	\N	\N	\N	\N	\N
d455dffc-154b-486b-8dec-f94fbb372537	e3656426-3669-442f-95ba-5daa5838270f	Breaking the Ice	2001-11-07	\N	1	8	8	\N	\N	\N	\N	\N
fa44a843-5ccc-40b8-af4f-ce1c5768581c	e3656426-3669-442f-95ba-5daa5838270f	Civilization	2001-11-14	\N	1	9	9	\N	2151	7	31	\N
f797ba2d-afdd-4b4a-9083-f23d5b618dcc	e3656426-3669-442f-95ba-5daa5838270f	Fortunate Son	2001-11-21	\N	1	10	10	\N	\N	\N	\N	\N
4faee738-0ec7-488f-bf3a-ddeb421915f1	e3656426-3669-442f-95ba-5daa5838270f	Cold Front	2001-11-28	\N	1	11	11	\N	2151	9	9	\N
9fe5063e-dc64-4080-8b78-9661fb866dd2	e3656426-3669-442f-95ba-5daa5838270f	Silent Enemy	2002-01-16	\N	1	12	12	\N	2151	9	1	\N
f8fac98c-c1af-4862-90f8-668e73f3e024	e3656426-3669-442f-95ba-5daa5838270f	Dear Doctor	2002-01-23	\N	1	13	13	\N	\N	\N	\N	\N
8f4de7ac-1f55-4d2e-af67-9c4532b6dbff	e3656426-3669-442f-95ba-5daa5838270f	Sleeping Dogs	2002-01-30	\N	1	14	15	\N	\N	\N	\N	\N
5ea2846f-17fc-4d8a-ab09-a38056e6763b	e3656426-3669-442f-95ba-5daa5838270f	Shadows of P’Jem	2002-02-06	\N	1	15	14	\N	\N	\N	\N	\N
31516d53-ffcd-4acc-bb37-b1fe16ee3cd4	e3656426-3669-442f-95ba-5daa5838270f	Shuttlepod One	2002-02-13	\N	1	16	16	\N	2151	11	9	\N
86336a57-97b8-4b01-81f4-711e50c74e85	e3656426-3669-442f-95ba-5daa5838270f	Fusion	2002-02-27	\N	1	17	17	\N	\N	\N	\N	\N
287bdbf6-76bc-41fa-983b-a4ae81d68d3a	e3656426-3669-442f-95ba-5daa5838270f	Rogue Planet	2002-03-20	\N	1	18	18	\N	\N	\N	\N	\N
2054d4ee-0c4b-48ff-ba77-019a5015d1f6	e3656426-3669-442f-95ba-5daa5838270f	Acquisition	2002-03-27	\N	1	19	19	\N	\N	\N	\N	\N
390310a5-30c8-4ae3-af04-29c89b822f06	e3656426-3669-442f-95ba-5daa5838270f	Oasis	2002-04-03	\N	1	20	20	\N	\N	\N	\N	\N
81b07858-4294-45ef-86e8-4882cf1c4829	e3656426-3669-442f-95ba-5daa5838270f	Detained	2002-04-24	\N	1	21	21	\N	\N	\N	\N	\N
70da5369-4957-483f-8471-622c9f998fba	e3656426-3669-442f-95ba-5daa5838270f	Vox Sola	2002-05-01	\N	1	22	22	\N	\N	\N	\N	\N
3e71bf8d-7a77-47ca-bbb9-f441588c3891	e3656426-3669-442f-95ba-5daa5838270f	Fallen Hero	2002-05-08	\N	1	23	23	\N	2152	2	9	\N
6d718930-3d66-4c6c-bf6d-a28cc2bc346c	e3656426-3669-442f-95ba-5daa5838270f	Desert Crossing	2002-05-08	\N	1	24	24	\N	2152	2	12	\N
5b4d63a3-2ccd-4983-bd55-1b99993df063	e3656426-3669-442f-95ba-5daa5838270f	Two Days and Two Nights	2002-05-15	\N	1	25	25	\N	2152	2	18	\N
39420ac9-0d91-4b92-b828-3360fe3d2232	e3656426-3669-442f-95ba-5daa5838270f	Shockwave	2002-05-22	\N	1	26	26	\N	\N	\N	\N	\N
50aae810-2de6-4d97-9d82-c494856b8e77	e3656426-3669-442f-95ba-5daa5838270f	Shockwave, Part II	2002-09-18	\N	2	1	28	\N	\N	\N	\N	\N
ce504f19-86a1-47d9-a1de-250ec03e4f59	e3656426-3669-442f-95ba-5daa5838270f	Carbon Creek	2002-09-25	\N	2	2	27	\N	2152	4	12	\N
1242eae3-bd45-42ce-abd4-fa35c4321826	e3656426-3669-442f-95ba-5daa5838270f	Minefield	2002-10-02	\N	2	3	29	\N	\N	\N	\N	\N
8a9c3be1-70d9-4908-b6fb-84fcc3572f30	e3656426-3669-442f-95ba-5daa5838270f	Dead Stop	2002-10-09	\N	2	4	31	\N	\N	\N	\N	\N
6b42195e-ed20-4913-893f-b9e0e6c58340	e3656426-3669-442f-95ba-5daa5838270f	A Night in Sickbay	2002-10-16	\N	2	5	30	\N	\N	\N	\N	\N
63431422-d456-4509-85db-9ef223759d61	e3656426-3669-442f-95ba-5daa5838270f	Marauders	2002-10-30	\N	2	6	32	\N	\N	\N	\N	\N
86d3d582-56c0-44ac-99dd-5149f81618b3	e3656426-3669-442f-95ba-5daa5838270f	The Seventh	2002-11-06	\N	2	7	33	\N	\N	\N	\N	\N
60c6e5d9-f2bb-465c-b174-7303f483deec	e3656426-3669-442f-95ba-5daa5838270f	The Communicator	2002-11-13	\N	2	8	34	\N	\N	\N	\N	\N
c2fc69a9-abf9-4d04-a40c-415c1cff0376	e3656426-3669-442f-95ba-5daa5838270f	Singularity	2002-11-20	\N	2	9	35	\N	2152	8	14	\N
4859aa5f-e6cd-4c4c-8124-6dacc83f4df2	b71e1b59-1560-4d80-8f71-2d924a8edb9a	Muse	2000-04-26	\N	6	22	244	53918.0	\N	\N	\N	\N
91958a00-8e09-440a-b4c6-4d5eb17abae3	e3656426-3669-442f-95ba-5daa5838270f	Vanishing Point	2002-11-27	\N	2	10	36	\N	\N	\N	\N	\N
139d9f3b-2c6e-4f1d-80b6-8fac082a6f0e	e3656426-3669-442f-95ba-5daa5838270f	Precious Cargo	2002-12-11	\N	2	11	37	\N	2152	9	12	\N
5a802ef8-97e8-4274-b1dc-b57660ed988d	e3656426-3669-442f-95ba-5daa5838270f	The Catwalk	2002-12-18	\N	2	12	38	\N	2152	9	18	\N
f693e8b7-fd0f-4340-a80c-152a46aad044	e3656426-3669-442f-95ba-5daa5838270f	Dawn	2003-01-08	\N	2	13	39	\N	\N	\N	\N	\N
3abd20be-15ef-42d8-8ea6-3a9af7a6ece5	e3656426-3669-442f-95ba-5daa5838270f	Stigma	2003-02-05	\N	2	14	40	\N	\N	\N	\N	\N
236022f4-ad85-4010-85ac-d0fa3c20b4ff	e3656426-3669-442f-95ba-5daa5838270f	Cease Fire	2003-02-12	\N	2	15	41	\N	\N	\N	\N	\N
6f900d65-c780-4ba4-a166-d36486ff4165	e3656426-3669-442f-95ba-5daa5838270f	Future Tense	2003-02-19	\N	2	16	42	\N	\N	\N	\N	\N
80e4a875-2f39-458d-8079-71ccfcccf09d	e3656426-3669-442f-95ba-5daa5838270f	Canamar	2003-02-26	\N	2	17	43	\N	\N	\N	\N	\N
17814123-6cc9-438c-990d-cce9a12d413f	e3656426-3669-442f-95ba-5daa5838270f	The Crossing	2003-04-02	\N	2	18	44	\N	\N	\N	\N	\N
ee14dc6d-c09a-45c0-a02e-e1ef068b851a	e3656426-3669-442f-95ba-5daa5838270f	Horizon	2003-04-16	\N	2	20	46	\N	2153	1	10	\N
b27b83ce-83a6-4396-b6b6-fb5483e26ab5	e3656426-3669-442f-95ba-5daa5838270f	The Breach	2003-04-23	\N	2	21	47	\N	\N	\N	\N	\N
c76b99af-a7ef-4a27-953d-97ed7437d405	e3656426-3669-442f-95ba-5daa5838270f	The Xindi	2003-09-10	\N	3	1	53	\N	\N	\N	\N	\N
1f54fcc2-a971-4230-8fea-903465bf5f97	e3656426-3669-442f-95ba-5daa5838270f	Anomaly	2003-09-17	\N	3	2	54	\N	\N	\N	\N	\N
e6ffe8d7-c81f-4150-aeb4-b0c72393e114	e3656426-3669-442f-95ba-5daa5838270f	Extinction	2003-09-24	\N	3	3	55	\N	\N	\N	\N	\N
b5c9f8d2-b062-4550-abdd-a4705c0d83d9	e3656426-3669-442f-95ba-5daa5838270f	Rajiin	2003-10-01	\N	3	4	56	\N	\N	\N	\N	\N
2aea7458-4bc6-421a-952d-45c7bbdfe03c	e3656426-3669-442f-95ba-5daa5838270f	Impulse	2003-10-08	\N	3	5	57	\N	\N	\N	\N	\N
17ba9981-e86a-45b2-a126-5328f66d692c	e3656426-3669-442f-95ba-5daa5838270f	Exile	2003-10-15	\N	3	6	58	\N	\N	\N	\N	\N
15c63a58-4ea4-4706-8151-726b3d081e24	e3656426-3669-442f-95ba-5daa5838270f	The Shipment	2003-10-29	\N	3	7	59	\N	\N	\N	\N	\N
fc4084ec-376f-456b-9607-c580b0402a68	e3656426-3669-442f-95ba-5daa5838270f	Twilight	2003-11-05	\N	3	8	60	\N	\N	\N	\N	\N
3cc9d841-55ab-4b40-aece-29d6fbc5dd84	e3656426-3669-442f-95ba-5daa5838270f	North Star	2003-11-12	\N	3	9	61	\N	\N	\N	\N	\N
b1eefec8-4be9-41d7-ae94-5151df9282b8	e3656426-3669-442f-95ba-5daa5838270f	Similitude	2003-11-19	\N	3	10	62	\N	\N	\N	\N	\N
cbf79614-3cc4-4969-9331-0b2edc70e55b	e3656426-3669-442f-95ba-5daa5838270f	Carpenter Street	2003-11-26	\N	3	11	63	\N	\N	\N	\N	\N
dfbb948c-6172-457d-bb30-d57d1378b048	e3656426-3669-442f-95ba-5daa5838270f	Chosen Realm	2004-01-14	\N	3	12	64	\N	\N	\N	\N	\N
34ed207a-dcd3-49e6-ad3f-7e3fc67024c3	e3656426-3669-442f-95ba-5daa5838270f	Proving Ground	2004-01-21	\N	3	13	65	\N	2153	12	6	\N
a17825d6-a21d-4b6f-9c2f-121320db5c37	e3656426-3669-442f-95ba-5daa5838270f	Stratagem	2004-02-04	\N	3	14	66	\N	2153	12	12	\N
cc7c0039-1da2-435a-aedb-ee4692c8fbe8	e3656426-3669-442f-95ba-5daa5838270f	Harbinger	2004-02-11	\N	3	15	67	\N	2153	12	27	\N
0df1ca84-09c1-4916-b10c-16bafced4dfa	e3656426-3669-442f-95ba-5daa5838270f	Doctor’s Orders	2004-02-18	\N	3	16	68	\N	\N	\N	\N	\N
c7712c6e-9550-406d-b9e0-828f1229b83e	e3656426-3669-442f-95ba-5daa5838270f	Regeneration	2003-05-07	\N	2	23	49	\N	2153	3	1	\N
82fe39b0-40e8-48a7-b3f9-c1562657d4e0	e3656426-3669-442f-95ba-5daa5838270f	First Flight	2003-05-14	\N	2	24	50	\N	\N	\N	\N	\N
51596326-98f9-451d-b05d-809d57a99eb2	e3656426-3669-442f-95ba-5daa5838270f	Bounty	2003-05-14	\N	2	25	51	\N	2153	3	21	\N
54ac4fbc-9c31-4f6b-bf5d-468756c9ab63	51994c36-6748-4297-a179-efc44599cd21	Lolani	2014-02-08	\N	\N	2	\N	6154.1	\N	\N	\N	f
16048761-8bc2-4613-84cb-2a52256138a0	51994c36-6748-4297-a179-efc44599cd21	Fairest of Them All	2014-06-15	\N	\N	3	\N	\N	\N	\N	\N	f
aba74955-c297-47b3-acf2-7d152f3305ed	51994c36-6748-4297-a179-efc44599cd21	Turnabout Intruder	2012-07-31	\N	\N	1	\N	5928.5	\N	\N	\N	t
618ee313-ddac-4633-a4c3-db97dac9dc7f	51994c36-6748-4297-a179-efc44599cd21	Happy Birthday, Scotty	2012-11-30	\N	\N	3	\N	\N	\N	\N	\N	t
f4484229-e9a5-451e-a064-f9a8a4b4d7a0	badb4eb9-d493-464f-94b8-21334d2157e1	The Doomsday Machine	1967-10-20	2007-02-10	2	6	60335	\N	\N	\N	\N	\N
3c64275d-6e72-4dc2-bc25-56baecbf0e98	badb4eb9-d493-464f-94b8-21334d2157e1	That Which Survives	1969-01-24	2008-03-15	3	14	60032-69	\N	\N	\N	\N	\N
6c6a91b6-bd0b-4238-ba9d-6a7ef670c22b	badb4eb9-d493-464f-94b8-21334d2157e1	The City on the Edge of Forever	1967-04-06	2006-10-07	1	28	6149-28	\N	\N	\N	\N	\N
ac0e4e92-2435-4e48-84a2-7bd4daf8229a	badb4eb9-d493-464f-94b8-21334d2157e1	The Omega Glory	1968-03-01	2007-06-30	2	25	60354	\N	\N	\N	\N	\N
5db2bb81-ba7d-4a93-ba8d-72420b191a85	badb4eb9-d493-464f-94b8-21334d2157e1	Assignment: Earth	1968-03-29	2008-05-03	2	26	60355	\N	\N	\N	\N	\N
3d4f6b8e-75bc-4f52-8874-5e4ef66fee93	badb4eb9-d493-464f-94b8-21334d2157e1	Mirror, Mirror	1967-10-06	2006-11-11	2	10	60339	\N	\N	\N	\N	\N
f06395ad-ed8c-461c-add5-24735dc25e4d	badb4eb9-d493-464f-94b8-21334d2157e1	Metamorphosis	1967-11-10	2007-11-03	2	2	60331	\N	\N	\N	\N	\N
0e033fe7-e722-4c0b-93b5-f0b5b073c5c8	badb4eb9-d493-464f-94b8-21334d2157e1	A Piece of the Action	1968-01-12	2007-04-28	2	20	60349	\N	\N	\N	\N	\N
eaeaa090-756b-4793-bba8-bc0b372c72a2	badb4eb9-d493-464f-94b8-21334d2157e1	Patterns of Force	1968-02-16	2007-05-19	2	23	60352	\N	\N	\N	\N	\N
46c5d807-4ef4-4cd8-9212-1e2a0ba5cd11	badb4eb9-d493-464f-94b8-21334d2157e1	I, Mudd	1967-11-03	2006-10-14	2	12	60341	4513.3	\N	\N	\N	\N
46991b13-45ec-4720-8467-deb0618a6845	e3656426-3669-442f-95ba-5daa5838270f	The Expanse	2003-05-21	\N	2	26	52	\N	2153	4	24	\N
d6c9bd09-ca47-42ca-ba5e-c98bad63c0c9	e3656426-3669-442f-95ba-5daa5838270f	Hatchery	2004-02-25	\N	3	17	69	\N	2154	1	8	\N
6e6f6f0d-d6ef-411b-a092-9ad5d164b6fa	51994c36-6748-4297-a179-efc44599cd21	Come Not Between the Dragons	2016-05-28	\N	\N	6	\N	6257.4	\N	\N	\N	f
3304c6bb-7b4e-47f0-8bd1-7ea1af2e72d7	51994c36-6748-4297-a179-efc44599cd21	You’ve Got the Conn	2012-09-30	\N	\N	2	\N	\N	\N	\N	\N	t
650417d6-8ad3-4d19-b86e-607d34329ee7	b71e1b59-1560-4d80-8f71-2d924a8edb9a	Twisted	1995-10-02	\N	2	6	119	\N	\N	\N	\N	\N
f56e3274-7327-4e21-a6d0-421cbdc15ece	b71e1b59-1560-4d80-8f71-2d924a8edb9a	The Raven	1997-10-08	\N	4	6	174	\N	\N	\N	\N	\N
ffed3bd8-a0c4-4006-aae1-273cd37e1673	badb4eb9-d493-464f-94b8-21334d2157e1	Catspaw	1967-10-27	2006-10-28	2	1	60330	3018.2	\N	\N	\N	\N
95a3c251-bf93-4f97-bcc8-e3a4fa46d9cd	badb4eb9-d493-464f-94b8-21334d2157e1	Obsession	1967-12-15	2008-04-12	2	18	60347	3619.2	\N	\N	\N	\N
03d8b53d-0f42-47c8-ba07-08ce11796439	badb4eb9-d493-464f-94b8-21334d2157e1	Wolf in the Fold	1967-12-22	2007-03-10	2	7	60336	3614.9	\N	\N	\N	\N
01aca396-7ef8-4135-8bab-11f166942b15	badb4eb9-d493-464f-94b8-21334d2157e1	A Private Little War	1968-02-02	2008-05-17	2	16	60345	4211.4	\N	\N	\N	\N
4ae9d5cb-8240-41c4-86a5-ce3933a052e8	badb4eb9-d493-464f-94b8-21334d2157e1	The Empath	1968-12-06	2008-07-26	3	8	60032-63	5121.5	\N	\N	\N	\N
a0946d7f-9a40-4dbd-aa07-f835efd4c0c8	badb4eb9-d493-464f-94b8-21334d2157e1	Let That Be Your Last Battlefield	1969-01-10	2008-01-19	3	15	60032-70	5730.2	\N	\N	\N	\N
61ed1c85-f8bb-4f1d-99fe-5f04ecfdb345	badb4eb9-d493-464f-94b8-21334d2157e1	Elaan of Troyius	1968-12-20	2008-03-29	3	2	60032-57	4372.5	\N	\N	\N	\N
3d632871-504b-4d6b-bd1d-ad253cd32b84	badb4eb9-d493-464f-94b8-21334d2157e1	Turnabout Intruder	1969-06-03	2008-08-02	3	24	60032-79	5928.5	\N	\N	\N	\N
cf051f02-7134-4e1d-9bf9-3209c4c64927	badb4eb9-d493-464f-94b8-21334d2157e1	The Naked Time	1966-09-29	2006-09-30	1	6	6149-07	1704.2	\N	\N	\N	\N
9e326fbd-b010-4991-a70d-a77b1df2d513	badb4eb9-d493-464f-94b8-21334d2157e1	The Conscience of the King	1966-12-08	2007-09-22	1	12	6149-13	2817.6	\N	\N	\N	\N
ba633a06-19cb-4509-862c-e8eac7124ab4	badb4eb9-d493-464f-94b8-21334d2157e1	Balance of Terror	1966-12-13	2006-09-16	1	8	6149-09	1709.2	\N	\N	\N	\N
4061c178-1f30-4eb0-9773-0678b7c4349e	badb4eb9-d493-464f-94b8-21334d2157e1	The Galileo Seven	1967-01-05	2007-09-15	1	13	6149-14	2821.5	\N	\N	\N	\N
41202051-2c88-458a-b660-52cff1807313	badb4eb9-d493-464f-94b8-21334d2157e1	Shore Leave	1966-12-29	2007-05-26	1	17	6149-17	2025.3	\N	\N	\N	\N
f96ee09d-5927-42f7-a27b-110a7a6b272d	badb4eb9-d493-464f-94b8-21334d2157e1	Arena	1967-01-19	2006-10-21	1	19	6149-19	3045.6	\N	\N	\N	\N
18513676-6497-46e9-8c11-492537fd9437	badb4eb9-d493-464f-94b8-21334d2157e1	Court Martial	1967-02-02	2008-05-10	1	14	6149-15	2947.3	\N	\N	\N	\N
243a2c69-477a-4800-9f20-0659a2a9daa4	badb4eb9-d493-464f-94b8-21334d2157e1	Where No Man Has Gone Before	1966-09-22	2007-01-20	1	1	6149-02	1312.4	\N	\N	\N	\N
ca41484f-e28a-4020-9f33-5c32556b1dea	badb4eb9-d493-464f-94b8-21334d2157e1	Charlie X	1966-09-15	2007-07-14	1	7	6149-08	1533.6	\N	\N	\N	\N
b12403e7-4413-489d-b74c-b74deb3d41b2	badb4eb9-d493-464f-94b8-21334d2157e1	The Man Trap	1966-09-08	2007-09-29	1	5	6149-06	1513.1	\N	\N	\N	\N
33d3922d-0229-4180-b158-f86d6191c8af	e3656426-3669-442f-95ba-5daa5838270f	Cogenitor	2003-04-30	\N	2	22	48	\N	\N	\N	\N	\N
da53ec17-4e2b-41fd-ba84-cd6c8a7a2ca9	b71e1b59-1560-4d80-8f71-2d924a8edb9a	Remember	1996-10-09	\N	3	6	148	50203.1	\N	\N	\N	\N
9a07f019-8d73-45ee-96fa-0dafcf13d29c	b71e1b59-1560-4d80-8f71-2d924a8edb9a	One Small Step	1999-11-17	\N	6	8	228	53292.7	\N	\N	\N	\N
30e429c0-9606-437c-90c3-e2ae50eb145f	badb4eb9-d493-464f-94b8-21334d2157e1	The Enemy Within	1966-10-06	2008-01-26	1	4	6149-05	1672.1	\N	\N	\N	\N
39a855e9-19e2-4bc9-80af-a5163b316ba4	badb4eb9-d493-464f-94b8-21334d2157e1	Miri	1966-10-27	2006-09-16	1	11	6149-12	2713.5	\N	\N	\N	\N
0c6640a0-6372-4a71-b1cb-5bd31370a2a3	badb4eb9-d493-464f-94b8-21334d2157e1	What Are Little Girls Made Of?	1966-10-20	2007-10-06	1	9	6149-10	2712.4	\N	\N	\N	\N
b55f33f2-2ceb-4ffb-8e4e-7e2be15744bd	badb4eb9-d493-464f-94b8-21334d2157e1	Dagger of the Mind	1966-11-03	2007-10-13	1	10	6149-11	2715.1	\N	\N	\N	\N
433a25d3-c815-4df0-8b9f-54d49beeff2d	badb4eb9-d493-464f-94b8-21334d2157e1	The Menagerie, Part II	1966-11-24	2006-12-02	1	16	6149-16B	3013.1	\N	\N	\N	\N
4d7c62e2-2e4d-44ba-b9e8-f38aa90326a9	badb4eb9-d493-464f-94b8-21334d2157e1	The Alternative Factor	1967-03-30	2007-12-01	1	20	6149-20	3087.6	\N	\N	\N	\N
dead0079-8812-4df6-a24f-b0f9365f3bd2	badb4eb9-d493-464f-94b8-21334d2157e1	Errand of Mercy	1967-03-23	2007-05-12	1	27	6149-27	3198.4	\N	\N	\N	\N
fb64150b-2062-4671-ba05-d98164ee9da4	badb4eb9-d493-464f-94b8-21334d2157e1	The Menagerie, Part I	1966-11-17	2006-11-25	1	15	6149-16A	3012.4	\N	\N	\N	\N
c4e1c830-714d-4eef-a287-56da2eb86ab8	badb4eb9-d493-464f-94b8-21334d2157e1	The Corbomite Maneuver	1966-11-10	2006-12-09	1	2	6149-03	1512.2	\N	\N	\N	\N
d5a4558e-2882-4e96-a28f-b47d0d665223	badb4eb9-d493-464f-94b8-21334d2157e1	The Squire of Gothos	1967-01-12	2007-07-21	1	18	6149-18	2124.5	\N	\N	\N	\N
f562a91e-c26c-49f3-b7ea-b7021783331e	badb4eb9-d493-464f-94b8-21334d2157e1	The Return of the Archons	1967-02-09	2007-12-08	1	22	6149-22	3156.2	\N	\N	\N	\N
e97e0302-75f8-434a-8ab5-30fb3b1ed959	badb4eb9-d493-464f-94b8-21334d2157e1	This Side of Paradise	1967-03-02	2007-07-28	1	25	6149-25	3417.3	\N	\N	\N	\N
03b6bcb5-2157-425b-8366-25d19cf36231	badb4eb9-d493-464f-94b8-21334d2157e1	Space Seed	1967-02-16	2006-11-18	1	24	6149-24	3141.9	\N	\N	\N	\N
8083c770-b5f8-41ee-8fcb-b798859e862d	badb4eb9-d493-464f-94b8-21334d2157e1	A Taste of Armageddon	1967-02-23	2007-12-15	1	23	6149-23	3192.1	\N	\N	\N	\N
2d6b3251-d271-4cbe-a6ca-86458cd81a99	badb4eb9-d493-464f-94b8-21334d2157e1	The Devil in the Dark	1967-03-09	2006-09-23	1	26	6149-26	3196.1	\N	\N	\N	\N
74e7fecc-79f6-479d-8399-7ad64ab339f1	badb4eb9-d493-464f-94b8-21334d2157e1	Operation — Annihilate!	1967-04-13	2008-02-23	1	29	6149-29	3287.2	\N	\N	\N	\N
dd3f5050-38e5-4d33-a5b5-9e72e027f19e	badb4eb9-d493-464f-94b8-21334d2157e1	Whom Gods Destroy	1969-01-03	2008-05-24	3	16	60032-71	5718.3	\N	\N	\N	\N
12d1a87b-8050-41ae-8101-e050624fc0f7	badb4eb9-d493-464f-94b8-21334d2157e1	Bread and Circuses	1968-03-15	2007-06-02	2	14	60343	4040.7	\N	\N	\N	\N
4fd95a80-2927-4f96-8b2d-06f5a55d6b7b	badb4eb9-d493-464f-94b8-21334d2157e1	The Ultimate Computer	1968-03-08	2008-02-09	2	24	60353	4729.4	\N	\N	\N	\N
13768eef-c4a3-4dfd-82f1-331294624cf4	badb4eb9-d493-464f-94b8-21334d2157e1	All Our Yesterdays	1969-03-14	2007-04-21	3	23	60032-78	5943.7	\N	\N	\N	\N
9f782ab5-9ca2-4c0a-897b-6e2bde6c2f8d	badb4eb9-d493-464f-94b8-21334d2157e1	Amok Time	1967-09-15	2007-02-17	2	5	60334	3372.7	\N	\N	\N	\N
6c5ac036-dd01-4696-bc81-77b1c4e527cb	badb4eb9-d493-464f-94b8-21334d2157e1	The Changeling	1967-09-29	2008-02-02	2	8	60337	3541.9	\N	\N	\N	\N
5122bb51-3288-48e3-b89e-72da50399bee	badb4eb9-d493-464f-94b8-21334d2157e1	The Apple	1967-10-13	2008-03-01	2	9	60338	3715.3	\N	\N	\N	\N
929c2b36-ea71-4933-a3de-cc864271523d	badb4eb9-d493-464f-94b8-21334d2157e1	The Deadly Years	1967-12-08	2007-11-10	2	11	60340	3478.2	\N	\N	\N	\N
8494576a-5ffe-47c5-afd4-16e9eaa330a4	badb4eb9-d493-464f-94b8-21334d2157e1	The Trouble with Tribbles	1967-12-29	2006-11-04	2	13	60342	4523.3	\N	\N	\N	\N
4aad77fb-a28f-44a6-939c-2384e0dc7901	badb4eb9-d493-464f-94b8-21334d2157e1	The Immunity Syndrome	1968-01-19	2007-04-07	2	19	60348	4307.1	\N	\N	\N	\N
500cc9cd-49c0-4bea-bc07-f7831ff17ea4	badb4eb9-d493-464f-94b8-21334d2157e1	The Gamesters of Triskelion	1968-01-05	2007-10-20	2	17	60346	3211.7	\N	\N	\N	\N
d796085a-ff6c-4b8c-ab3c-a5514aee2998	badb4eb9-d493-464f-94b8-21334d2157e1	Return to Tomorrow	1968-02-09	2007-07-07	2	22	60351	4768.3	\N	\N	\N	\N
16196e69-25be-45d5-9667-6494ea959440	badb4eb9-d493-464f-94b8-21334d2157e1	By Any Other Name	1968-02-23	2008-03-08	2	21	60350	4657.5	\N	\N	\N	\N
91d345dd-3213-442b-b806-adfb4c1fe984	badb4eb9-d493-464f-94b8-21334d2157e1	The Cloud Minders	1969-02-28	2008-07-12	3	19	60032-74	5818.4	\N	\N	\N	\N
13b8b25a-3f99-479e-85d1-849f99a1ab7b	e3656426-3669-442f-95ba-5daa5838270f	Azati Prime	2004-03-03	\N	3	18	70	\N	2154	1	1	\N
7d038cd4-37c8-4b48-844b-ea6e2e59dd36	e3656426-3669-442f-95ba-5daa5838270f	The Forgotten	2004-04-28	\N	3	20	72	\N	\N	\N	\N	\N
23f7d712-2faf-484b-be22-806630d17f61	e3656426-3669-442f-95ba-5daa5838270f	E²	2004-05-05	\N	3	21	73	\N	\N	\N	\N	\N
8ed307a9-9643-412f-9398-3ca1b525de80	e3656426-3669-442f-95ba-5daa5838270f	The Council	2004-05-12	\N	3	22	74	\N	2154	2	12	\N
e66e3a5e-10ea-475f-820f-5181ad05c905	e3656426-3669-442f-95ba-5daa5838270f	Countdown	2004-05-19	\N	3	23	75	\N	2154	2	13	\N
b73b2669-d0e7-45b6-b2a8-4fc6691fd0a3	e3656426-3669-442f-95ba-5daa5838270f	Zero Hour	2004-05-26	\N	3	24	76	\N	2154	2	14	\N
4e577014-ca17-4945-8d93-c08c40c2d64e	711a7a2e-2fad-4a85-b07e-14077db05150	The Die Is Cast	1995-05-01	\N	3	21	40513-467	\N	\N	\N	\N	\N
7fc4c466-9c8b-4265-8832-ec10f339bc12	badb4eb9-d493-464f-94b8-21334d2157e1	For the World Is Hollow and I Have Touched the Sky	1968-11-08	2007-01-27	3	10	60032-65	5476.3	\N	\N	\N	\N
ab6fba79-7ae2-4dd3-a46d-202d13db9b67	badb4eb9-d493-464f-94b8-21334d2157e1	Tomorrow Is Yesterday	1967-01-26	2007-05-05	1	21	6149-21	3113.2	\N	\N	\N	\N
015f97ba-5836-415a-be4f-3b5a0a6238f5	475cc2a6-c8d5-4f65-abaa-58a01c5bfeae	The Vulcan Hello	2017-09-24	\N	1	1	101	1207.3	2256	5	11	\N
f4cd31ce-7793-476d-8cf6-a543c03ed76d	475cc2a6-c8d5-4f65-abaa-58a01c5bfeae	Battle at the Binary Stars	2017-09-24	\N	1	2	102	1207.3	2256	5	11	\N
0230dbe0-3471-4da0-937a-8060a53d189d	475cc2a6-c8d5-4f65-abaa-58a01c5bfeae	Context Is for Kings	2017-10-01	\N	1	3	103	\N	2256	11	\N	\N
72a8f795-633c-4138-81a3-5deb72b10d87	b71e1b59-1560-4d80-8f71-2d924a8edb9a	Shattered	2001-01-17	\N	7	11	257	\N	\N	\N	\N	\N
840c815b-5079-4599-afe9-76b52c18c27e	51994c36-6748-4297-a179-efc44599cd21	Pilgrim of Eternity	2013-05-26	\N	\N	1	\N	6147.3	\N	\N	\N	f
2728e81a-dae7-4571-bf6d-ba1769755909	badb4eb9-d493-464f-94b8-21334d2157e1	The Enterprise Incident	1968-09-27	2008-04-05	3	4	60032-59	5027.3	\N	\N	\N	\N
5a6288ee-8a0f-4e94-a725-e832f272e9e7	badb4eb9-d493-464f-94b8-21334d2157e1	Mudd’s Women	1966-10-13	2008-04-26	1	3	6149-04	1329.1	\N	\N	\N	\N
e41cfd34-c671-49f4-bebd-94928c601b0e	badb4eb9-d493-464f-94b8-21334d2157e1	Friday’s Child	1967-12-01	2007-01-06	2	3	60332	3497.2	\N	\N	\N	\N
052fdfa2-1512-4c5a-90b2-b1ace183bcf1	badb4eb9-d493-464f-94b8-21334d2157e1	Day of the Dove	1968-11-01	2008-01-05	3	11	60032-66	\N	\N	\N	\N	\N
2cee9fa3-7e46-4f5d-971e-b7d88ff6d106	badb4eb9-d493-464f-94b8-21334d2157e1	Who Mourns for Adonais?	1967-09-22	2008-01-12	2	4	60333	3468.1	\N	\N	\N	\N
4c08ee66-cb3a-40ff-9a5c-8f317b0c2d6c	badb4eb9-d493-464f-94b8-21334d2157e1	Journey to Babel	1967-11-17	2007-02-03	2	15	60344	3842.3	\N	\N	\N	\N
5eda7dd4-9701-4914-b431-0d251eec6ed2	711a7a2e-2fad-4a85-b07e-14077db05150	Afterimage	1998-10-14	\N	7	3	40510-553	\N	\N	\N	\N	\N
4dd9fbb8-346d-4899-82db-d6481904a147	badb4eb9-d493-464f-94b8-21334d2157e1	The Tholian Web	1968-11-15	2007-03-31	3	9	60032-64	5693.2	\N	\N	\N	\N
5186c74e-4760-4f6e-af3e-0bbbc1b6db9d	badb4eb9-d493-464f-94b8-21334d2157e1	The Mark of Gideon	1969-01-17	2008-05-31	3	17	60032-72	5423.4	\N	\N	\N	\N
5ced3d66-9fa3-4c90-ae55-485844a83349	badb4eb9-d493-464f-94b8-21334d2157e1	Is There in Truth No Beauty?	1968-10-18	2008-03-22	3	7	60032-62	5630.7	\N	\N	\N	\N
2a25c830-e8e6-4c01-a1fb-a80f5463673e	badb4eb9-d493-464f-94b8-21334d2157e1	The Paradise Syndrome	1968-10-04	2007-02-24	3	3	60032-58	4842.6	\N	\N	\N	\N
13ff33bc-fb6f-4546-9a9b-733092205109	badb4eb9-d493-464f-94b8-21334d2157e1	And the Children Shall Lead	1968-10-11	2007-04-14	3	5	60032-60	5029.5	\N	\N	\N	\N
6fe500a6-5e79-48b9-ad00-ec075174fd61	badb4eb9-d493-464f-94b8-21334d2157e1	Spectre of the Gun	1968-10-25	2008-07-19	3	1	60032-56	4385.3	\N	\N	\N	\N
e886c54b-d337-4e41-b095-a9bb7c1e3f26	badb4eb9-d493-464f-94b8-21334d2157e1	Plato’s Stepchildren	1968-11-22	2007-06-16	3	12	60032-67	5784.2	\N	\N	\N	\N
ab4cb565-07e1-4cb8-8e58-65e9a858cce9	badb4eb9-d493-464f-94b8-21334d2157e1	Wink of an Eye	1968-11-29	2007-01-13	3	13	60032-68	5710.5	\N	\N	\N	\N
f5a16a93-434a-405a-b9a6-5c885100dc44	badb4eb9-d493-464f-94b8-21334d2157e1	The Lights of Zetar	1969-01-31	2008-06-07	3	18	60032-73	5725.3	\N	\N	\N	\N
00f6d449-1678-434c-88d1-45e6e6ee5dd4	badb4eb9-d493-464f-94b8-21334d2157e1	The Way to Eden	1969-02-21	2008-06-14	3	20	60032-75	5832.3	\N	\N	\N	\N
758d42d6-fb2e-4d7d-80f1-ad8a579b7958	badb4eb9-d493-464f-94b8-21334d2157e1	Requiem for Methuselah	1969-02-14	2008-06-21	3	21	60032-76	5843.7	\N	\N	\N	\N
bcfbdddc-f807-475c-8077-479080de1e99	b71e1b59-1560-4d80-8f71-2d924a8edb9a	Critical Care	2000-11-01	\N	7	5	250	\N	\N	\N	\N	\N
db4dcba6-8a18-42de-b267-b1a2a32c36dc	badb4eb9-d493-464f-94b8-21334d2157e1	The Savage Curtain	1969-03-07	2008-06-28	3	22	60032-77	5906.4	\N	\N	\N	\N
d6d02d62-5f54-4700-8e60-3972abe113ed	badb4eb9-d493-464f-94b8-21334d2157e1	Spock’s Brain	1968-09-20	2007-06-09	3	6	60032-61	5431.4	\N	\N	\N	\N
a70f14eb-6d4d-4a3b-a8f3-8d22fc9dc649	e3656426-3669-442f-95ba-5daa5838270f	Damage	2004-04-21	\N	3	19	71	\N	\N	\N	\N	\N
a660a8db-4b68-478b-8a44-943ebebb9dc4	e3656426-3669-442f-95ba-5daa5838270f	Storm Front	2004-10-08	\N	4	1	77	\N	\N	\N	\N	\N
399211b0-0c0a-4cb2-b911-cf47f84281f9	e3656426-3669-442f-95ba-5daa5838270f	Storm Front, Part II	2004-10-15	\N	4	2	78	\N	\N	\N	\N	\N
7c1258ce-8ba8-4651-924f-6971af5cb446	e3656426-3669-442f-95ba-5daa5838270f	Home	2004-10-22	\N	4	3	79	\N	\N	\N	\N	\N
b55f6b74-c026-45b1-a2e8-f0f502859d5a	e3656426-3669-442f-95ba-5daa5838270f	Borderland	2004-10-29	\N	4	4	80	\N	2154	5	17	\N
01b65a2d-561d-4f9b-bcb2-dd5987bd31f7	e3656426-3669-442f-95ba-5daa5838270f	Cold Station 12	2004-11-05	\N	4	5	81	\N	\N	\N	\N	\N
a4784b9f-82d7-4f24-97da-ec02dae7bf60	e3656426-3669-442f-95ba-5daa5838270f	The Augments	2004-11-12	\N	4	6	82	\N	2154	5	27	\N
9f5686b1-fef7-49db-b4de-2ccead4ca37d	e3656426-3669-442f-95ba-5daa5838270f	The Forge	2004-11-19	\N	4	7	83	\N	\N	\N	\N	\N
9dffb673-9ad9-4644-baa1-649c17e3fb3b	e3656426-3669-442f-95ba-5daa5838270f	Awakening	2004-11-26	\N	4	8	84	\N	\N	\N	\N	\N
298a6e47-7800-4435-98f3-ad3f4ff75c83	e3656426-3669-442f-95ba-5daa5838270f	Kir’Shara	2004-12-03	\N	4	9	85	\N	\N	\N	\N	\N
967fd1e7-9f78-4bcd-a921-7eed4a2ca4fa	e3656426-3669-442f-95ba-5daa5838270f	Daedalus	2005-01-14	\N	4	10	86	\N	\N	\N	\N	\N
673ea4b3-632b-47c0-8aec-b9561b7e1b70	e3656426-3669-442f-95ba-5daa5838270f	Observer Effect	2005-01-21	\N	4	11	87	\N	\N	\N	\N	\N
2eb241c5-a099-4df4-8bbc-cad53c442ae6	e3656426-3669-442f-95ba-5daa5838270f	Babel One	2005-01-28	\N	4	12	88	\N	2154	11	12	\N
7cffa8df-063b-4684-b444-1e2e655da8d7	e3656426-3669-442f-95ba-5daa5838270f	United	2005-02-04	\N	4	13	89	\N	2154	11	15	\N
337d8abb-a3b9-4684-9189-50a75fb0da4d	e3656426-3669-442f-95ba-5daa5838270f	The Aenar	2005-02-11	\N	4	14	90	\N	\N	\N	\N	\N
5cd4e093-e424-413b-b6ec-eb54ebd910eb	e3656426-3669-442f-95ba-5daa5838270f	Affliction	2005-02-18	\N	4	15	91	\N	2154	11	27	\N
6b3b1f65-e705-4a95-aa26-edd09063c7eb	e3656426-3669-442f-95ba-5daa5838270f	Divergence	2005-02-25	\N	4	16	92	\N	2154	12	1	\N
71ec67a3-de5c-4a23-b552-91dab9a0e8e4	e3656426-3669-442f-95ba-5daa5838270f	Bound	2005-04-15	\N	4	17	93	\N	2154	12	27	\N
aab4c2e3-606d-4464-be26-88ce0c20d093	e3656426-3669-442f-95ba-5daa5838270f	In a Mirror, Darkly	2005-04-22	\N	4	18	94	\N	2155	1	13	\N
7994d9f9-ea02-4970-8236-2d2f74136ccb	e3656426-3669-442f-95ba-5daa5838270f	In a Mirror, Darkly, Part II	2005-04-29	\N	4	19	95	\N	2155	1	18	\N
4802dcd9-1b85-4c5a-93d4-e3ca7a379e83	e3656426-3669-442f-95ba-5daa5838270f	Demons	2005-05-06	\N	4	20	96	\N	2155	1	19	\N
dabf9c56-6eb1-419e-96e9-8be7e938bbc0	e3656426-3669-442f-95ba-5daa5838270f	Terra Prime	2005-05-13	\N	4	21	97	\N	\N	\N	\N	\N
c05d847c-c8ea-475a-a8da-a94e009c4678	e3656426-3669-442f-95ba-5daa5838270f	These Are the Voyages…	2005-05-13	\N	4	22	98	47457.1	\N	\N	\N	\N
02b8be1f-c3a1-4b0b-a9e5-6d204b05c700	07858cb3-060a-421a-9c44-6028fb13b9de	The Neutral Zone	1988-05-16	\N	1	26	40271-126	41986.0	\N	\N	\N	\N
ce97db61-eade-4846-81a5-5da047895f48	07858cb3-060a-421a-9c44-6028fb13b9de	The Offspring	1990-03-12	\N	3	16	40273-164	43657.0	\N	\N	\N	\N
fb906c07-ecbd-4c74-a2df-6e5dfdc00454	07858cb3-060a-421a-9c44-6028fb13b9de	Face of the Enemy	1993-02-08	\N	6	14	40276-240	46519.0	\N	\N	\N	\N
5917b225-0cdd-4072-85f5-6a87571d89ea	b71e1b59-1560-4d80-8f71-2d924a8edb9a	Non Sequitur	1995-09-25	\N	2	5	122	49011.0	\N	\N	\N	\N
094f4ece-8d1d-4f3c-9ebf-639154cf5487	b71e1b59-1560-4d80-8f71-2d924a8edb9a	The Gift	1997-09-10	\N	4	2	170	51008.0	\N	\N	\N	\N
cac49a13-bd0e-44a9-a8e1-b43212be81ab	b71e1b59-1560-4d80-8f71-2d924a8edb9a	The Voyager Conspiracy	1999-11-24	\N	6	9	229	53329.0	\N	\N	\N	\N
28a19afd-ad7d-4c57-ae80-5799ee693192	badb4eb9-d493-464f-94b8-21334d2157e1	Where No Man Has Gone Before (pilot cut)	\N	\N	\N	\N	6149-02	1312.4	\N	\N	\N	\N
a56e5f53-1f64-4c3e-b582-c5a8763409c3	badb4eb9-d493-464f-94b8-21334d2157e1	The Cage (extended)	1988-10-04	\N	\N	\N	6149-01	\N	\N	\N	\N	\N
c68975dd-0d0a-4302-a50a-9a444978b884	51994c36-6748-4297-a179-efc44599cd21	The White Iris	2015-05-29	\N	\N	4	\N	6182.3	\N	\N	\N	f
ae4df5d2-5456-48f4-ad7e-8ab7bd54875b	51994c36-6748-4297-a179-efc44599cd21	Divided We Stand	2015-09-26	\N	\N	5	\N	6202.1	\N	\N	\N	f
bf49d725-77c4-44ac-802e-65e1efc33ab8	51994c36-6748-4297-a179-efc44599cd21	Still Treads the Shadow	2017-04-01	\N	\N	8	\N	6563.4	\N	\N	\N	f
b2c05a5b-5cc6-467c-b908-caa3d27259a0	51994c36-6748-4297-a179-efc44599cd21	What Ships Are For	2017-07-30	\N	\N	9	\N	6892.3	\N	\N	\N	f
4adb734f-5222-4227-89b7-c3124a6bdf8f	475cc2a6-c8d5-4f65-abaa-58a01c5bfeae	The Butcher’s Knife Cares Not for the Lamb’s Cry	2017-10-08	\N	1	4	104	\N	2256	11	\N	\N
c18fa871-b27e-4ebc-ae61-76daeed685f9	475cc2a6-c8d5-4f65-abaa-58a01c5bfeae	Into the Forest I Go	2017-11-12	\N	1	9	109	\N	\N	\N	\N	\N
6cc33717-496c-4a3c-ab0c-b7d6698ddc38	51994c36-6748-4297-a179-efc44599cd21	To Boldly Go, Part I	2017-10-18	\N	\N	10	\N	6988.4	\N	\N	\N	f
c0cce65e-f623-42e3-b565-cc4688da433d	475cc2a6-c8d5-4f65-abaa-58a01c5bfeae	Choose Your Pain	2017-10-15	\N	1	5	105	\N	2256	12	\N	\N
6eab1907-1c00-45b6-ab7c-37319136950e	475cc2a6-c8d5-4f65-abaa-58a01c5bfeae	Lethe	2017-10-22	\N	1	6	106	\N	2256	12	\N	\N
b887d6d1-79fa-4a7a-b63c-f0f27fc82e9f	475cc2a6-c8d5-4f65-abaa-58a01c5bfeae	Magic to Make the Sanest Man Go Mad	2017-10-29	\N	1	7	107	2136.8	\N	\N	\N	\N
d331da4d-3acc-4115-a05c-f9dc30e68de1	475cc2a6-c8d5-4f65-abaa-58a01c5bfeae	Si Vis Pacem, Para Bellum	2017-11-05	\N	1	8	108	1308.9	\N	\N	\N	\N
ad8877aa-7eea-49e5-9a31-f07f20753175	51994c36-6748-4297-a179-efc44599cd21	To Boldly Go, Part II	2017-11-13	\N	\N	11	\N	6995.1	\N	\N	\N	f
8fbc38de-4949-4eb5-aa13-842c43d5dece	475cc2a6-c8d5-4f65-abaa-58a01c5bfeae	Despite Yourself	2018-01-07	\N	1	10	110	\N	\N	\N	\N	\N
4338172c-b812-4bc6-8e1e-fc0040408b15	475cc2a6-c8d5-4f65-abaa-58a01c5bfeae	The Wolf Inside	2018-01-14	\N	1	11	111	\N	\N	\N	\N	\N
14d25079-a99a-4424-a874-f159760b3856	475cc2a6-c8d5-4f65-abaa-58a01c5bfeae	Vaulting Ambition	2018-01-21	\N	1	12	112	\N	\N	\N	\N	\N
d83f72bf-d10b-4e68-94d2-329d838838a1	475cc2a6-c8d5-4f65-abaa-58a01c5bfeae	The War Without, the War Within	2018-02-04	\N	1	14	114	\N	\N	\N	\N	\N
85ea560b-3f16-4951-8f17-9e0ab2d47965	475cc2a6-c8d5-4f65-abaa-58a01c5bfeae	Will You Take My Hand?	2018-02-11	\N	1	15	115	\N	\N	\N	\N	\N
3ab60516-3ab8-4ad3-997c-92f22c986192	475cc2a6-c8d5-4f65-abaa-58a01c5bfeae	What’s Past Is Prologue	2018-01-28	\N	1	13	113	1834.2	\N	\N	\N	\N
\.


--
-- Data for Name: medium_type; Type: TABLE DATA; Schema: public; Owner: -
--

COPY public.medium_type (id, type) FROM stdin;
054dd069-ab0d-4559-bce4-dc60a8a117b3	DVD
cbe2b80a-24e9-4419-8082-49eee80f6178	Blu-ray
e586af79-3b61-4814-9266-0c980745531e	HD DVD
efd6b8a0-bc4a-4fea-a270-e2aae4493b1a	DVD-R
\.


--
-- Data for Name: media_set; Type: TABLE DATA; Schema: public; Owner: -
--

COPY public.media_set (id, series, type, season) FROM stdin;
55467c09-2659-4a62-8a13-db0f84feb3ea	badb4eb9-d493-464f-94b8-21334d2157e1	cbe2b80a-24e9-4419-8082-49eee80f6178	1
ad4bf37f-dd46-4404-aa53-d25cc7b070a6	07858cb3-060a-421a-9c44-6028fb13b9de	054dd069-ab0d-4559-bce4-dc60a8a117b3	1
1c79041c-09c8-468f-b9d8-5c1a41be50dc	badb4eb9-d493-464f-94b8-21334d2157e1	cbe2b80a-24e9-4419-8082-49eee80f6178	2
580e9a87-abf6-4e69-9a05-b60b66c39423	07858cb3-060a-421a-9c44-6028fb13b9de	054dd069-ab0d-4559-bce4-dc60a8a117b3	2
32b24d2c-0922-4b67-9c16-1520271871a8	badb4eb9-d493-464f-94b8-21334d2157e1	cbe2b80a-24e9-4419-8082-49eee80f6178	3
0d81e5a4-2184-4cee-b534-26de11e959fb	07858cb3-060a-421a-9c44-6028fb13b9de	054dd069-ab0d-4559-bce4-dc60a8a117b3	3
5d4101c4-3b2c-4f99-b6dd-e17ab24a2f3d	07858cb3-060a-421a-9c44-6028fb13b9de	054dd069-ab0d-4559-bce4-dc60a8a117b3	4
745a5303-25c0-45a3-9126-fef90ec54134	07858cb3-060a-421a-9c44-6028fb13b9de	054dd069-ab0d-4559-bce4-dc60a8a117b3	5
b612f908-9e65-4ebf-a80f-02c3d2aa9fc2	07858cb3-060a-421a-9c44-6028fb13b9de	054dd069-ab0d-4559-bce4-dc60a8a117b3	6
b2a9ee13-0f07-4308-a449-9d78d73c1072	07858cb3-060a-421a-9c44-6028fb13b9de	054dd069-ab0d-4559-bce4-dc60a8a117b3	7
28c73f45-8fa8-4639-8394-f6949b28959c	badb4eb9-d493-464f-94b8-21334d2157e1	e586af79-3b61-4814-9266-0c980745531e	1
6a554ce1-e7b9-409c-bb75-6147094c0cf0	07858cb3-060a-421a-9c44-6028fb13b9de	cbe2b80a-24e9-4419-8082-49eee80f6178	1
7506f3ca-f55b-47bf-9c99-c62df54ebc4a	07858cb3-060a-421a-9c44-6028fb13b9de	cbe2b80a-24e9-4419-8082-49eee80f6178	2
a884727f-2c06-4637-8315-fc30624dba10	07858cb3-060a-421a-9c44-6028fb13b9de	cbe2b80a-24e9-4419-8082-49eee80f6178	3
ce5ca4f4-fcb8-467a-804a-d9f442ce7687	07858cb3-060a-421a-9c44-6028fb13b9de	cbe2b80a-24e9-4419-8082-49eee80f6178	4
d5b55c27-f0dc-4c6f-a4af-97ee7116faf4	07858cb3-060a-421a-9c44-6028fb13b9de	cbe2b80a-24e9-4419-8082-49eee80f6178	5
dc5c3202-fdf4-4fbc-aaad-f3813ecb6176	07858cb3-060a-421a-9c44-6028fb13b9de	cbe2b80a-24e9-4419-8082-49eee80f6178	6
afeef276-97b9-43fd-8b78-fd643191b99a	07858cb3-060a-421a-9c44-6028fb13b9de	cbe2b80a-24e9-4419-8082-49eee80f6178	7
48aa1aef-336e-46c7-8882-e8a932f22278	badb4eb9-d493-464f-94b8-21334d2157e1	efd6b8a0-bc4a-4fea-a270-e2aae4493b1a	1
4651112d-8568-4968-9209-7361acd28682	badb4eb9-d493-464f-94b8-21334d2157e1	efd6b8a0-bc4a-4fea-a270-e2aae4493b1a	2
ed516e50-4111-4c58-92a2-305e2584f2d1	badb4eb9-d493-464f-94b8-21334d2157e1	efd6b8a0-bc4a-4fea-a270-e2aae4493b1a	3
dbe8e946-54e1-47a6-ae7f-279278accdd1	e3656426-3669-442f-95ba-5daa5838270f	cbe2b80a-24e9-4419-8082-49eee80f6178	1
dcf9cf4b-d460-493b-b26c-49371aa31479	e3656426-3669-442f-95ba-5daa5838270f	cbe2b80a-24e9-4419-8082-49eee80f6178	2
aa20412a-2a19-489f-884f-18a9758a7554	e3656426-3669-442f-95ba-5daa5838270f	cbe2b80a-24e9-4419-8082-49eee80f6178	3
a69592e0-58c3-4881-a7ed-d6f47e272acd	e3656426-3669-442f-95ba-5daa5838270f	cbe2b80a-24e9-4419-8082-49eee80f6178	4
\.


--
-- Data for Name: medium_volume; Type: TABLE DATA; Schema: public; Owner: -
--

COPY public.medium_volume (id, media_set, sequence) FROM stdin;
ba53f11f-93f8-47e0-b574-441f89bb3b4d	55467c09-2659-4a62-8a13-db0f84feb3ea	1
a348e3b0-8699-40da-9996-76470874dd61	55467c09-2659-4a62-8a13-db0f84feb3ea	2
9e898052-98a1-47fd-81c6-1d049afe87c8	55467c09-2659-4a62-8a13-db0f84feb3ea	3
f7737cfb-26fd-457b-b216-4fda8142dca9	55467c09-2659-4a62-8a13-db0f84feb3ea	4
6a9bf5ae-d0fd-4075-9e16-719294913276	55467c09-2659-4a62-8a13-db0f84feb3ea	5
8b0c7611-3ce1-4216-b22d-f928ca4d631a	55467c09-2659-4a62-8a13-db0f84feb3ea	6
29f2fe88-1b54-4fb9-ba1f-3b86d3649635	55467c09-2659-4a62-8a13-db0f84feb3ea	7
74a37e34-edae-4415-9535-ca8a20ad0b37	1c79041c-09c8-468f-b9d8-5c1a41be50dc	1
072f9c78-ed29-4b14-8efe-c45eeef6a050	1c79041c-09c8-468f-b9d8-5c1a41be50dc	2
803f08c1-dc38-473e-b2a2-47aac3daefa0	1c79041c-09c8-468f-b9d8-5c1a41be50dc	3
89c7fb1d-fa3e-45a9-863a-4b0c96234d67	1c79041c-09c8-468f-b9d8-5c1a41be50dc	4
35e6ec44-fa8c-4153-ae1a-1443506ba01b	1c79041c-09c8-468f-b9d8-5c1a41be50dc	5
cf2a00de-71aa-4091-9e5a-6bf36dd08415	1c79041c-09c8-468f-b9d8-5c1a41be50dc	6
acf34e5b-479e-4a5d-8ca6-a4d66c916d4b	1c79041c-09c8-468f-b9d8-5c1a41be50dc	7
81cb37c7-bc36-486b-98d7-5b7c2f821733	32b24d2c-0922-4b67-9c16-1520271871a8	1
62f0a17a-6c2e-4532-a5b8-32aed3e56a65	32b24d2c-0922-4b67-9c16-1520271871a8	2
de63c1f8-8d82-41cb-a265-081857182fb5	32b24d2c-0922-4b67-9c16-1520271871a8	3
52dfb0a8-c263-4e44-ba73-d7feb15b40af	32b24d2c-0922-4b67-9c16-1520271871a8	4
3d661ab1-c9ef-4427-8fb2-688b18a4bcfd	32b24d2c-0922-4b67-9c16-1520271871a8	5
53ad8ca1-bd68-47b4-95c1-f7b57cd952d3	32b24d2c-0922-4b67-9c16-1520271871a8	6
f03f2f04-c985-40c4-bd5a-57814f3db5ef	ad4bf37f-dd46-4404-aa53-d25cc7b070a6	1
6580292c-71a4-42e5-a9cf-be849e94a84b	ad4bf37f-dd46-4404-aa53-d25cc7b070a6	2
85e8242c-36c0-42b0-850d-9e8b97854ada	ad4bf37f-dd46-4404-aa53-d25cc7b070a6	3
d96a1223-cb2d-43ef-9f7c-96710b98cdc7	ad4bf37f-dd46-4404-aa53-d25cc7b070a6	4
dd91b37f-c497-4b0c-855a-fd75be83e44a	ad4bf37f-dd46-4404-aa53-d25cc7b070a6	5
0c17693a-5ef2-42a8-9237-6cd0485210aa	ad4bf37f-dd46-4404-aa53-d25cc7b070a6	6
9c0c799d-5d3c-419b-85b3-1f3b28634345	ad4bf37f-dd46-4404-aa53-d25cc7b070a6	7
bfdb8e44-249f-4885-95de-d69bc88093ea	580e9a87-abf6-4e69-9a05-b60b66c39423	1
5619e392-e331-47e2-8ab5-d08189d6e4a2	580e9a87-abf6-4e69-9a05-b60b66c39423	2
99bc8291-04d8-404d-bd9d-0189a9012ff3	580e9a87-abf6-4e69-9a05-b60b66c39423	3
3e3fdf82-93e6-4bdc-ac1d-0d4ccdd38284	580e9a87-abf6-4e69-9a05-b60b66c39423	4
d7737059-88b4-477d-a24b-6ca493c287a8	580e9a87-abf6-4e69-9a05-b60b66c39423	5
8b6e17ee-6483-471d-9780-b94460d549b1	580e9a87-abf6-4e69-9a05-b60b66c39423	6
d4e7b708-04fb-4e56-9d3a-065bb84795be	0d81e5a4-2184-4cee-b534-26de11e959fb	1
fe3e1b04-790a-4d93-9aa1-65ee32088545	0d81e5a4-2184-4cee-b534-26de11e959fb	2
dbae87ff-406b-48bb-8d7d-5af6f9ed79ca	0d81e5a4-2184-4cee-b534-26de11e959fb	3
b3573ebf-e84e-4ca8-9886-a337f781ab51	0d81e5a4-2184-4cee-b534-26de11e959fb	4
95fd5f1a-a6da-42b7-9aad-61e31f8c705a	0d81e5a4-2184-4cee-b534-26de11e959fb	5
6481d0fe-e35a-4490-91bb-f8bf12376a2b	0d81e5a4-2184-4cee-b534-26de11e959fb	6
f37d20de-cbf8-41d2-b225-911eb8c38093	0d81e5a4-2184-4cee-b534-26de11e959fb	7
fe8a9c3f-f3cc-4b98-b2cc-ee58dfd0d0fa	5d4101c4-3b2c-4f99-b6dd-e17ab24a2f3d	1
b59cfec5-0be8-4a59-93db-fcdb17bb1eab	5d4101c4-3b2c-4f99-b6dd-e17ab24a2f3d	2
15d07ab8-d37f-4cce-854e-5ecc7a5db3b9	5d4101c4-3b2c-4f99-b6dd-e17ab24a2f3d	3
c35d7c5f-cc01-499e-9e99-6da0261c9bde	5d4101c4-3b2c-4f99-b6dd-e17ab24a2f3d	4
b7c2bd21-56eb-498b-af0f-660a297cc7b1	5d4101c4-3b2c-4f99-b6dd-e17ab24a2f3d	5
b9df7ae7-b99f-400d-97ae-a8a3ebb41121	5d4101c4-3b2c-4f99-b6dd-e17ab24a2f3d	6
e0e94e1e-3a55-4ee6-9011-4cb19d77d7e1	5d4101c4-3b2c-4f99-b6dd-e17ab24a2f3d	7
c3b49a9e-061c-40b4-9d47-e6c37d3bded9	745a5303-25c0-45a3-9126-fef90ec54134	1
735c7be5-1db3-43bc-b891-c2dbb057f36e	745a5303-25c0-45a3-9126-fef90ec54134	2
4dc5df4b-4d93-406b-ae2e-7d924fa899f7	745a5303-25c0-45a3-9126-fef90ec54134	3
08184060-a9ed-4d81-bea9-a0aa8850107e	745a5303-25c0-45a3-9126-fef90ec54134	4
2a614b23-0bc6-4a4b-9581-b750c6848c52	745a5303-25c0-45a3-9126-fef90ec54134	5
d326e6f3-2455-4ddb-87a5-aef41a367c60	745a5303-25c0-45a3-9126-fef90ec54134	6
dc2615f4-fb45-4323-adbd-be05006987d3	745a5303-25c0-45a3-9126-fef90ec54134	7
677ae1a3-9e03-4ea3-98fe-2db68025673e	b612f908-9e65-4ebf-a80f-02c3d2aa9fc2	1
19a4d403-bfa1-4049-b07c-8eae3501856e	b612f908-9e65-4ebf-a80f-02c3d2aa9fc2	2
112342b4-9c47-4640-bc05-1e8763b0cf4f	b612f908-9e65-4ebf-a80f-02c3d2aa9fc2	3
20535eac-9cfd-4ea4-bf62-610473042355	b612f908-9e65-4ebf-a80f-02c3d2aa9fc2	4
3109279a-fbb5-47bb-8e36-e6fedcc41c30	b612f908-9e65-4ebf-a80f-02c3d2aa9fc2	5
efe6ec8d-f277-4487-ab1e-f466b1d10e88	b612f908-9e65-4ebf-a80f-02c3d2aa9fc2	6
40ab0926-fa87-4d56-ada5-e77cb548ead7	b612f908-9e65-4ebf-a80f-02c3d2aa9fc2	7
624f1c1b-1101-4782-9060-d0505d1c366b	b2a9ee13-0f07-4308-a449-9d78d73c1072	1
c0798c50-6ff2-491e-aa92-3ba2fcbb754b	b2a9ee13-0f07-4308-a449-9d78d73c1072	2
c4d58f44-597a-43e4-bb1d-20cab358d400	b2a9ee13-0f07-4308-a449-9d78d73c1072	3
1edcdfcf-0d7a-4f86-b495-942b5df5ead3	b2a9ee13-0f07-4308-a449-9d78d73c1072	4
d72628dd-bc47-409f-bdc1-a673fb6dba04	b2a9ee13-0f07-4308-a449-9d78d73c1072	5
78b35d0f-ea2f-4f7e-a4e7-8cf37e776189	b2a9ee13-0f07-4308-a449-9d78d73c1072	6
6d0c1da5-0e96-4e67-bc9f-ad36c51d3b30	b2a9ee13-0f07-4308-a449-9d78d73c1072	7
0e820cfa-a041-4e78-850f-9f5f61ff39ef	28c73f45-8fa8-4639-8394-f6949b28959c	1
c27ff0c7-ad33-4750-b7d0-17ea498c597c	28c73f45-8fa8-4639-8394-f6949b28959c	2
7dbd8c95-a735-4d1e-93fd-6d61693b9a5c	28c73f45-8fa8-4639-8394-f6949b28959c	3
8530d023-5ec3-407b-824f-f9a77cbeafae	28c73f45-8fa8-4639-8394-f6949b28959c	4
41364d8c-a381-4a85-b381-0f21956b0a4f	28c73f45-8fa8-4639-8394-f6949b28959c	5
e331deb5-ef4a-4c4f-913a-82549fb87d4e	28c73f45-8fa8-4639-8394-f6949b28959c	6
ec0c1638-7669-4064-a85b-4b7fa24d2584	28c73f45-8fa8-4639-8394-f6949b28959c	7
3538fb56-8bab-4b46-a3ea-9dfbd7a1cac7	28c73f45-8fa8-4639-8394-f6949b28959c	8
2e855a15-3d1b-4892-b8b8-2151697c84bc	28c73f45-8fa8-4639-8394-f6949b28959c	9
8e583678-3820-4df6-bcab-afd7ea5a1189	28c73f45-8fa8-4639-8394-f6949b28959c	10
7d7b2617-9d04-47e6-9d36-e6b4a2a0d54f	6a554ce1-e7b9-409c-bb75-6147094c0cf0	1
e4feb0b7-7a1f-4fcf-bab5-666e9eedd0e2	6a554ce1-e7b9-409c-bb75-6147094c0cf0	2
73ae1bb5-efbc-4fa6-ac20-c3bcd82f145a	6a554ce1-e7b9-409c-bb75-6147094c0cf0	3
eb46e179-1965-4cd2-b695-8efb05ed046b	6a554ce1-e7b9-409c-bb75-6147094c0cf0	4
c30fd6fc-4657-4541-9b2c-6b17c214c681	6a554ce1-e7b9-409c-bb75-6147094c0cf0	5
e248acc0-6745-4c85-baa6-b2205aba9527	6a554ce1-e7b9-409c-bb75-6147094c0cf0	6
dc07d578-5bf1-4bda-a011-6fb50c33888d	7506f3ca-f55b-47bf-9c99-c62df54ebc4a	1
eb27bb7d-50e9-453e-97ce-156cfdcb45e6	7506f3ca-f55b-47bf-9c99-c62df54ebc4a	2
ae73fa3e-eaa3-4f79-bde9-b3e405329ff4	7506f3ca-f55b-47bf-9c99-c62df54ebc4a	3
9ce2d2d0-aaa9-468f-8714-891381d2d5bb	7506f3ca-f55b-47bf-9c99-c62df54ebc4a	4
1e119bf3-3d2a-4b89-97af-870241aeda75	7506f3ca-f55b-47bf-9c99-c62df54ebc4a	5
dda9b0ed-6796-4913-a95e-6e73a32d83fb	a884727f-2c06-4637-8315-fc30624dba10	1
02a3e156-9c8e-4de9-88ba-dc8b47086824	a884727f-2c06-4637-8315-fc30624dba10	2
63e6c1b3-2539-4761-a4e5-dfa86d4d6996	a884727f-2c06-4637-8315-fc30624dba10	3
fd17dcea-ce4f-4882-8945-9eb3f95c56ee	a884727f-2c06-4637-8315-fc30624dba10	4
eb2233f8-8d3c-4fb4-89a3-3222c889a11f	a884727f-2c06-4637-8315-fc30624dba10	5
18797542-1872-4ed9-b8e4-8dcafe6246c6	a884727f-2c06-4637-8315-fc30624dba10	6
c07aa021-64e4-4a4c-9d56-ea1556898306	ce5ca4f4-fcb8-467a-804a-d9f442ce7687	1
e153a862-5aa3-4524-9778-331910091ff8	ce5ca4f4-fcb8-467a-804a-d9f442ce7687	2
fcb1ab39-6318-4f98-9aa9-3f2efc6ed095	ce5ca4f4-fcb8-467a-804a-d9f442ce7687	3
e85272d8-0d1f-4ad1-9154-630240113366	ce5ca4f4-fcb8-467a-804a-d9f442ce7687	4
7ee83429-bbc6-4e23-b5a8-5d7ea6a7cd18	ce5ca4f4-fcb8-467a-804a-d9f442ce7687	5
d1660c1e-3c4a-4552-986a-5da7ba5cac61	ce5ca4f4-fcb8-467a-804a-d9f442ce7687	6
f64cb98c-6415-4140-aa7e-ee46cce77aae	d5b55c27-f0dc-4c6f-a4af-97ee7116faf4	1
0e2631aa-9dd7-4624-9383-13cf2c09b9cb	d5b55c27-f0dc-4c6f-a4af-97ee7116faf4	2
82355570-3bbc-497a-882e-246381063d3d	d5b55c27-f0dc-4c6f-a4af-97ee7116faf4	3
664df8b1-ac3d-495c-8ada-26f548f97dbd	d5b55c27-f0dc-4c6f-a4af-97ee7116faf4	4
5cda05f2-ea6a-4d2b-a6ec-f329d3388f74	d5b55c27-f0dc-4c6f-a4af-97ee7116faf4	5
9a13a02d-7844-48d1-ba57-776a829bd9e2	d5b55c27-f0dc-4c6f-a4af-97ee7116faf4	6
fd338972-c620-485f-bf26-1543b19aa08e	dc5c3202-fdf4-4fbc-aaad-f3813ecb6176	1
de321cfe-aeef-4628-8f2f-abb4b8eef0df	dc5c3202-fdf4-4fbc-aaad-f3813ecb6176	2
295cf2cb-965b-4591-a478-73ba9d15da7d	dc5c3202-fdf4-4fbc-aaad-f3813ecb6176	3
7bf92201-9eda-4e75-8d5b-f5677c7e255a	dc5c3202-fdf4-4fbc-aaad-f3813ecb6176	4
497d5a8a-109a-4597-a92f-1108187dfaba	dc5c3202-fdf4-4fbc-aaad-f3813ecb6176	5
25e5bb2b-9e20-4034-9554-ce98ca20299e	dc5c3202-fdf4-4fbc-aaad-f3813ecb6176	6
8a14466e-97aa-4ce1-8c06-06c8271f7be2	afeef276-97b9-43fd-8b78-fd643191b99a	1
c491eeda-59d3-4130-aa0d-ab999849424f	afeef276-97b9-43fd-8b78-fd643191b99a	2
db6614e0-af20-4c1b-a76a-9565568670ad	afeef276-97b9-43fd-8b78-fd643191b99a	3
19f7eaba-2f2c-4489-9193-46c4f7dc1f91	afeef276-97b9-43fd-8b78-fd643191b99a	4
44faab37-3b7e-4621-9d10-95cfa0e1956c	afeef276-97b9-43fd-8b78-fd643191b99a	5
f74959db-05e6-4d80-a9c4-e4a566a5d7a1	afeef276-97b9-43fd-8b78-fd643191b99a	6
ac50c5d2-1661-4220-9220-5666534e66f4	48aa1aef-336e-46c7-8882-e8a932f22278	1
6ebaf6a8-69fe-41c3-9b11-2520cf1e0947	48aa1aef-336e-46c7-8882-e8a932f22278	2
85df4322-21e0-46a4-8390-4b9e6b6bff6f	48aa1aef-336e-46c7-8882-e8a932f22278	3
394e4618-838c-4544-8c4a-8ee57e8de464	48aa1aef-336e-46c7-8882-e8a932f22278	4
89612d33-ec7c-45bc-b6d0-751ab7f215b9	48aa1aef-336e-46c7-8882-e8a932f22278	5
7b572026-5289-46c9-a3f2-2f2c5c062e40	48aa1aef-336e-46c7-8882-e8a932f22278	6
d351c40e-4c62-4f58-9024-455c937776dd	48aa1aef-336e-46c7-8882-e8a932f22278	7
f1ec8937-813b-4643-bdb6-d7f3acfcdbdb	48aa1aef-336e-46c7-8882-e8a932f22278	8
3f43275f-2162-434f-80c0-65e318ccc329	48aa1aef-336e-46c7-8882-e8a932f22278	9
0a96f110-8379-43bc-9987-db71f6828ab6	48aa1aef-336e-46c7-8882-e8a932f22278	10
51f5a4cb-3d6c-45d2-81a3-ba728770f1f7	4651112d-8568-4968-9209-7361acd28682	1
0ccf438a-7313-4f5d-aa6d-0787d6f76eff	4651112d-8568-4968-9209-7361acd28682	2
085f6524-573d-47a1-bf84-d07b33294032	4651112d-8568-4968-9209-7361acd28682	3
10bba036-4133-4715-84cb-7eb3aabf508a	4651112d-8568-4968-9209-7361acd28682	4
10c98e7f-77c0-4cf7-837f-a0654ef922b3	4651112d-8568-4968-9209-7361acd28682	5
badf0c5d-6e96-4286-85b2-dad205744246	4651112d-8568-4968-9209-7361acd28682	6
2886b13b-8b9b-461f-b9ca-e274f49179a0	4651112d-8568-4968-9209-7361acd28682	7
37f10ead-eb55-440e-beaa-3c48d6ce6005	4651112d-8568-4968-9209-7361acd28682	8
81856da1-ea78-4fea-bfe9-1c3b8f5a55f5	ed516e50-4111-4c58-92a2-305e2584f2d1	1
75f798a4-5e02-4908-8490-bb588a97bb99	ed516e50-4111-4c58-92a2-305e2584f2d1	2
0d3395d1-c4ab-4941-b993-732862028b6a	ed516e50-4111-4c58-92a2-305e2584f2d1	3
c9483b29-1eed-4d4e-bc42-e5a988decee2	ed516e50-4111-4c58-92a2-305e2584f2d1	4
d938448b-a79c-4c94-9700-ca96845d71f7	ed516e50-4111-4c58-92a2-305e2584f2d1	5
970c56b8-3a98-44e5-a575-ffc3ac39850d	ed516e50-4111-4c58-92a2-305e2584f2d1	6
e9ac4cc4-b7e2-47ac-b66f-b2a7700eb910	ed516e50-4111-4c58-92a2-305e2584f2d1	7
2b83e650-f648-4b40-978b-fdbf515e31b5	dbe8e946-54e1-47a6-ae7f-279278accdd1	1
342e5cce-b124-4c10-a7f7-f24940b119e1	dbe8e946-54e1-47a6-ae7f-279278accdd1	2
fb7825da-e8ef-4193-b8ab-47bd3de0f2d3	dbe8e946-54e1-47a6-ae7f-279278accdd1	3
6495ef22-04f6-4dbf-984f-399e8f0cfe03	dbe8e946-54e1-47a6-ae7f-279278accdd1	4
b836b98f-271d-4cb3-a255-e9b7b91b53a2	dbe8e946-54e1-47a6-ae7f-279278accdd1	5
7d7ae678-1343-4d26-8373-c17a209ff0bd	dbe8e946-54e1-47a6-ae7f-279278accdd1	6
b0543d4a-c42a-4c25-ae9d-4086895f4d0b	dcf9cf4b-d460-493b-b26c-49371aa31479	1
990c9297-2541-4a87-a9a6-3abe187b473f	dcf9cf4b-d460-493b-b26c-49371aa31479	2
ef465cfd-381a-4a12-a20b-fd1a351cefbc	dcf9cf4b-d460-493b-b26c-49371aa31479	3
5e2f7417-5026-49ae-b2e6-cea0343fa538	dcf9cf4b-d460-493b-b26c-49371aa31479	4
049f7522-0660-41d7-8a23-c3fc34a0afd7	dcf9cf4b-d460-493b-b26c-49371aa31479	5
40c95838-2057-4583-bbfb-4638936e56a6	dcf9cf4b-d460-493b-b26c-49371aa31479	6
2c524cb8-8ceb-4389-9b3e-2bd9849f9321	aa20412a-2a19-489f-884f-18a9758a7554	1
7b36aaff-5ad2-45ac-a97b-de55588c0c48	aa20412a-2a19-489f-884f-18a9758a7554	2
0ba3c67e-d04b-487b-b82f-0f666bef80e3	aa20412a-2a19-489f-884f-18a9758a7554	3
2f6db2de-0619-4128-a88d-e07fb01c856d	aa20412a-2a19-489f-884f-18a9758a7554	4
1228c941-d144-41b2-8ff1-ab8d832c7cdc	aa20412a-2a19-489f-884f-18a9758a7554	5
56efc939-5010-415f-8b31-e89bda8875aa	aa20412a-2a19-489f-884f-18a9758a7554	6
95fed209-7a3a-40e5-8dd7-9337d36cd122	a69592e0-58c3-4881-a7ed-d6f47e272acd	1
ce2c8f9b-e8b4-40ca-a0bb-780889f84106	a69592e0-58c3-4881-a7ed-d6f47e272acd	2
08e16713-62f3-4495-9a3d-5d2949ebd717	a69592e0-58c3-4881-a7ed-d6f47e272acd	3
47fc8ce1-4059-4469-be9c-96dee7961f33	a69592e0-58c3-4881-a7ed-d6f47e272acd	4
35bd34d5-186f-4111-b2aa-a8567a2af6f0	a69592e0-58c3-4881-a7ed-d6f47e272acd	5
063d69ac-b550-4119-b79b-8c59c128bc85	a69592e0-58c3-4881-a7ed-d6f47e272acd	6
\.


--
-- Data for Name: medium_volume_episode; Type: TABLE DATA; Schema: public; Owner: -
--

COPY public.medium_volume_episode (id, volume, episode) FROM stdin;
33bd26fa-0da6-401c-807c-706bb3af4c16	ba53f11f-93f8-47e0-b574-441f89bb3b4d	cf051f02-7134-4e1d-9bf9-3209c4c64927
969f74f6-86ef-4cb8-9d09-d91b21f74dec	ba53f11f-93f8-47e0-b574-441f89bb3b4d	243a2c69-477a-4800-9f20-0659a2a9daa4
e12bc89f-5305-46c9-9d4b-80aece131b76	ba53f11f-93f8-47e0-b574-441f89bb3b4d	ca41484f-e28a-4020-9f33-5c32556b1dea
da211025-35f2-49e0-a56c-82e4a0651d52	ba53f11f-93f8-47e0-b574-441f89bb3b4d	b12403e7-4413-489d-b74c-b74deb3d41b2
b9c91cde-426d-4f7e-9c41-8a7a1861fa3a	a348e3b0-8699-40da-9996-76470874dd61	5a6288ee-8a0f-4e94-a725-e832f272e9e7
c5a6383b-3a42-4a34-b579-a885fe16e5eb	a348e3b0-8699-40da-9996-76470874dd61	30e429c0-9606-437c-90c3-e2ae50eb145f
acd5870d-83d2-454c-aa0f-d476ba22d18b	a348e3b0-8699-40da-9996-76470874dd61	39a855e9-19e2-4bc9-80af-a5163b316ba4
5f48051e-77e0-45f5-8e91-9dd544fa33f4	a348e3b0-8699-40da-9996-76470874dd61	0c6640a0-6372-4a71-b1cb-5bd31370a2a3
0ec3dab7-3def-474c-a17d-cbd69611a730	a348e3b0-8699-40da-9996-76470874dd61	b55f33f2-2ceb-4ffb-8e4e-7e2be15744bd
5bae5edc-857c-4374-93d5-422d7c7c4cf8	9e898052-98a1-47fd-81c6-1d049afe87c8	9e326fbd-b010-4991-a70d-a77b1df2d513
649bcb49-751a-4cb2-9d47-5c7fa6979606	9e898052-98a1-47fd-81c6-1d049afe87c8	433a25d3-c815-4df0-8b9f-54d49beeff2d
01339d8c-3fbb-4337-b53e-906e7278050a	9e898052-98a1-47fd-81c6-1d049afe87c8	fb64150b-2062-4671-ba05-d98164ee9da4
99e7d34b-6e53-4307-829d-b796f1f52ec5	9e898052-98a1-47fd-81c6-1d049afe87c8	c4e1c830-714d-4eef-a287-56da2eb86ab8
f0540e1c-0f99-4f6b-89c3-908facd5f234	f7737cfb-26fd-457b-b216-4fda8142dca9	ba633a06-19cb-4509-862c-e8eac7124ab4
e8204831-a3e6-4859-b67c-c1946db4a547	f7737cfb-26fd-457b-b216-4fda8142dca9	4061c178-1f30-4eb0-9773-0678b7c4349e
6359a424-f92f-4492-8241-0f3afab62440	f7737cfb-26fd-457b-b216-4fda8142dca9	41202051-2c88-458a-b660-52cff1807313
1b12b12c-8486-4b6c-92a0-62689e3d3104	f7737cfb-26fd-457b-b216-4fda8142dca9	d5a4558e-2882-4e96-a28f-b47d0d665223
d7807787-9989-4a6d-911e-8e144d46bf14	6a9bf5ae-d0fd-4075-9e16-719294913276	f96ee09d-5927-42f7-a27b-110a7a6b272d
34f83b6a-17fd-4ba5-b087-dadff1136960	6a9bf5ae-d0fd-4075-9e16-719294913276	18513676-6497-46e9-8c11-492537fd9437
6a246e43-28cd-455b-b208-24f85a256d35	6a9bf5ae-d0fd-4075-9e16-719294913276	ab6fba79-7ae2-4dd3-a46d-202d13db9b67
ce5ab630-f113-4944-a698-b657b450bfc8	6a9bf5ae-d0fd-4075-9e16-719294913276	f562a91e-c26c-49f3-b7ea-b7021783331e
92fb9c07-3e40-46f4-a865-495c42cba483	8b0c7611-3ce1-4216-b22d-f928ca4d631a	e97e0302-75f8-434a-8ab5-30fb3b1ed959
bcb21a0f-f176-4ad5-b9cc-e0971a0a0066	8b0c7611-3ce1-4216-b22d-f928ca4d631a	03b6bcb5-2157-425b-8366-25d19cf36231
5326ff67-cc4d-42f5-b8e5-5fa5e4427f3c	8b0c7611-3ce1-4216-b22d-f928ca4d631a	8083c770-b5f8-41ee-8fcb-b798859e862d
7d94b922-343b-49a7-9ffe-3fa7ff2e7022	8b0c7611-3ce1-4216-b22d-f928ca4d631a	2d6b3251-d271-4cbe-a6ca-86458cd81a99
a853b769-3739-4b1a-952e-4d5657cf29b3	29f2fe88-1b54-4fb9-ba1f-3b86d3649635	6c6a91b6-bd0b-4238-ba9d-6a7ef670c22b
7ec87e58-8354-47d1-a53e-285ad1bf6340	29f2fe88-1b54-4fb9-ba1f-3b86d3649635	4d7c62e2-2e4d-44ba-b9e8-f38aa90326a9
87a26e08-f577-4ec8-8aa2-c3b7a121ca07	29f2fe88-1b54-4fb9-ba1f-3b86d3649635	dead0079-8812-4df6-a24f-b0f9365f3bd2
84eafb35-6b3c-47d4-a6b2-6ed469074d5c	29f2fe88-1b54-4fb9-ba1f-3b86d3649635	74e7fecc-79f6-479d-8399-7ad64ab339f1
cbfcbc96-423b-43ce-a1ec-5637a8d6ac3a	74a37e34-edae-4415-9535-ca8a20ad0b37	3d4f6b8e-75bc-4f52-8874-5e4ef66fee93
0cc5ed5d-03e6-45c9-a7b6-197a5ac00887	74a37e34-edae-4415-9535-ca8a20ad0b37	9f782ab5-9ca2-4c0a-897b-6e2bde6c2f8d
34389617-de30-4089-8eaa-5d13de6e19c1	74a37e34-edae-4415-9535-ca8a20ad0b37	6c5ac036-dd01-4696-bc81-77b1c4e527cb
40b2035a-78dc-43b6-909c-40709f1fe8fb	74a37e34-edae-4415-9535-ca8a20ad0b37	2cee9fa3-7e46-4f5d-971e-b7d88ff6d106
bfff9eb3-75d6-4751-b428-937d602a7d15	072f9c78-ed29-4b14-8efe-c45eeef6a050	f4484229-e9a5-451e-a064-f9a8a4b4d7a0
f3b6f866-4ad8-40dc-ab4e-99aa27b9264d	072f9c78-ed29-4b14-8efe-c45eeef6a050	f06395ad-ed8c-461c-add5-24735dc25e4d
7b6c5c46-04ea-49a1-9494-119c5d59b78a	072f9c78-ed29-4b14-8efe-c45eeef6a050	46c5d807-4ef4-4cd8-9212-1e2a0ba5cd11
5bfa390d-d10f-4142-806d-077732e757c2	072f9c78-ed29-4b14-8efe-c45eeef6a050	ffed3bd8-a0c4-4006-aae1-273cd37e1673
6fb72e97-1a68-4224-a566-bfdc5fef8a55	072f9c78-ed29-4b14-8efe-c45eeef6a050	5122bb51-3288-48e3-b89e-72da50399bee
d8e7e119-5f65-489b-9ce2-a91ab28a2ed2	803f08c1-dc38-473e-b2a2-47aac3daefa0	95a3c251-bf93-4f97-bcc8-e3a4fa46d9cd
f601d92f-9007-4583-88f2-d27098b29645	803f08c1-dc38-473e-b2a2-47aac3daefa0	03d8b53d-0f42-47c8-ba07-08ce11796439
a907a6f7-3cbb-4cbc-8267-daa4f0afd5fe	803f08c1-dc38-473e-b2a2-47aac3daefa0	929c2b36-ea71-4933-a3de-cc864271523d
e7b34f59-98ae-4154-b568-3defaf398d91	803f08c1-dc38-473e-b2a2-47aac3daefa0	e41cfd34-c671-49f4-bebd-94928c601b0e
25240481-0a37-43b7-aece-8c6b625208ac	803f08c1-dc38-473e-b2a2-47aac3daefa0	4c08ee66-cb3a-40ff-9a5c-8f317b0c2d6c
daf1c780-dc25-4b8d-93f4-53b29e2f4b9e	89c7fb1d-fa3e-45a9-863a-4b0c96234d67	8494576a-5ffe-47c5-afd4-16e9eaa330a4
09f4b917-06dd-4f79-9689-5711d6cd7ca5	35e6ec44-fa8c-4153-ae1a-1443506ba01b	0e033fe7-e722-4c0b-93b5-f0b5b073c5c8
c1a23530-b35e-4854-9c30-ad22e9fbe7f8	35e6ec44-fa8c-4153-ae1a-1443506ba01b	01aca396-7ef8-4135-8bab-11f166942b15
9c723f96-b18c-4556-8f04-a0aaade07adc	35e6ec44-fa8c-4153-ae1a-1443506ba01b	4aad77fb-a28f-44a6-939c-2384e0dc7901
329f7f6a-76a2-4bca-bd44-da9e344922c4	35e6ec44-fa8c-4153-ae1a-1443506ba01b	500cc9cd-49c0-4bea-bc07-f7831ff17ea4
b18d79af-cae9-4ae1-b2a4-358e132fcb00	cf2a00de-71aa-4091-9e5a-6bf36dd08415	ac0e4e92-2435-4e48-84a2-7bd4daf8229a
4b6599fc-a5de-4461-a692-3c328e6ddef9	cf2a00de-71aa-4091-9e5a-6bf36dd08415	eaeaa090-756b-4793-bba8-bc0b372c72a2
f2f3f158-95d5-46cd-bec1-90edab538c6d	cf2a00de-71aa-4091-9e5a-6bf36dd08415	d796085a-ff6c-4b8c-ab3c-a5514aee2998
4d45a394-574d-4235-b796-d9571aa77700	cf2a00de-71aa-4091-9e5a-6bf36dd08415	16196e69-25be-45d5-9667-6494ea959440
38c3bbda-34c8-4b3a-a288-6e4eaf4cba04	acf34e5b-479e-4a5d-8ca6-a4d66c916d4b	5db2bb81-ba7d-4a93-ba8d-72420b191a85
fbc4c645-da54-458b-b98e-82861092edfd	acf34e5b-479e-4a5d-8ca6-a4d66c916d4b	12d1a87b-8050-41ae-8101-e050624fc0f7
a46fdae4-d88f-4201-adcf-d5c3a0ec4d58	acf34e5b-479e-4a5d-8ca6-a4d66c916d4b	4fd95a80-2927-4f96-8b2d-06f5a55d6b7b
ba463952-f3e1-495f-8327-c549ec340d5d	81cb37c7-bc36-486b-98d7-5b7c2f821733	2728e81a-dae7-4571-bf6d-ba1769755909
5dad5fdc-c5a2-4c8c-9b69-13334c2a5844	81cb37c7-bc36-486b-98d7-5b7c2f821733	5ced3d66-9fa3-4c90-ae55-485844a83349
fb86f907-ba37-4632-891f-c800a067a178	81cb37c7-bc36-486b-98d7-5b7c2f821733	2a25c830-e8e6-4c01-a1fb-a80f5463673e
5e52f85b-8119-4f3a-af76-13e7400cf02d	81cb37c7-bc36-486b-98d7-5b7c2f821733	13ff33bc-fb6f-4546-9a9b-733092205109
a2e44c79-c59d-4419-91dd-54508ca101a4	81cb37c7-bc36-486b-98d7-5b7c2f821733	d6d02d62-5f54-4700-8e60-3972abe113ed
747eded6-67f4-4900-91e5-4ff19dbf2981	62f0a17a-6c2e-4532-a5b8-32aed3e56a65	7fc4c466-9c8b-4265-8832-ec10f339bc12
aa1eae90-6abc-42ce-8843-665b4c53a727	62f0a17a-6c2e-4532-a5b8-32aed3e56a65	052fdfa2-1512-4c5a-90b2-b1ace183bcf1
bf8e8aed-3c20-4f14-a16f-88c97b858681	62f0a17a-6c2e-4532-a5b8-32aed3e56a65	4dd9fbb8-346d-4899-82db-d6481904a147
55a11e92-541d-42f2-9d1e-9815ab94f96e	62f0a17a-6c2e-4532-a5b8-32aed3e56a65	6fe500a6-5e79-48b9-ad00-ec075174fd61
3642106f-bd04-4e37-a2a3-5711146c1055	62f0a17a-6c2e-4532-a5b8-32aed3e56a65	e886c54b-d337-4e41-b095-a9bb7c1e3f26
70f7dbea-b87f-4ab8-af7a-9372be7e9151	de63c1f8-8d82-41cb-a265-081857182fb5	4ae9d5cb-8240-41c4-86a5-ce3933a052e8
76f2cac2-cf0c-4216-b104-0af52d445345	de63c1f8-8d82-41cb-a265-081857182fb5	a0946d7f-9a40-4dbd-aa07-f835efd4c0c8
63e9c66e-2ba5-4534-a080-7c034819fea9	de63c1f8-8d82-41cb-a265-081857182fb5	61ed1c85-f8bb-4f1d-99fe-5f04ecfdb345
c7b39320-ade7-486e-b39d-d9073baaae12	de63c1f8-8d82-41cb-a265-081857182fb5	dd3f5050-38e5-4d33-a5b5-9e72e027f19e
bf7b8c68-af2e-4ef0-a467-420c9ddfbdff	de63c1f8-8d82-41cb-a265-081857182fb5	ab4cb565-07e1-4cb8-8e58-65e9a858cce9
e533ba9f-2b89-4616-a1e8-cf421af01d70	52dfb0a8-c263-4e44-ba73-d7feb15b40af	3c64275d-6e72-4dc2-bc25-56baecbf0e98
4746dfd8-fed0-4505-9f47-a6ec86c76eb5	52dfb0a8-c263-4e44-ba73-d7feb15b40af	5186c74e-4760-4f6e-af3e-0bbbc1b6db9d
b02e799d-7cea-4c7f-9701-f56b2d9024a8	52dfb0a8-c263-4e44-ba73-d7feb15b40af	f5a16a93-434a-405a-b9a6-5c885100dc44
af894607-372a-47e2-b7e4-b38f455ef683	52dfb0a8-c263-4e44-ba73-d7feb15b40af	00f6d449-1678-434c-88d1-45e6e6ee5dd4
fce7fc36-2b59-4c5c-bca4-0b8b6578f838	52dfb0a8-c263-4e44-ba73-d7feb15b40af	758d42d6-fb2e-4d7d-80f1-ad8a579b7958
712f8a62-37fd-410b-a8ee-2bf9b0ef25a9	3d661ab1-c9ef-4427-8fb2-688b18a4bcfd	3d632871-504b-4d6b-bd1d-ad253cd32b84
29f3059f-ebbe-48b3-bf98-1430b407813f	3d661ab1-c9ef-4427-8fb2-688b18a4bcfd	13768eef-c4a3-4dfd-82f1-331294624cf4
058fd2a8-1406-4132-801e-4ef3f9ec01f3	3d661ab1-c9ef-4427-8fb2-688b18a4bcfd	91d345dd-3213-442b-b806-adfb4c1fe984
d3fce875-f94e-4f82-b060-b521d296ecc4	3d661ab1-c9ef-4427-8fb2-688b18a4bcfd	db4dcba6-8a18-42de-b267-b1a2a32c36dc
c902ab28-e21e-47a1-8cce-8b198ae18056	53ad8ca1-bd68-47b4-95c1-f7b57cd952d3	13610fe3-87b8-482d-824b-31ed99a4c395
14507fa3-6766-4341-bdb4-717f9c2fb7a8	53ad8ca1-bd68-47b4-95c1-f7b57cd952d3	a56e5f53-1f64-4c3e-b582-c5a8763409c3
08a4d7f2-4a4e-4248-bcaf-df489a00b48c	53ad8ca1-bd68-47b4-95c1-f7b57cd952d3	28a19afd-ad7d-4c57-ae80-5799ee693192
9ff63c1d-9592-4750-b51d-ded649b07fb1	d4e7b708-04fb-4e56-9d3a-065bb84795be	ff0b8f69-9e4a-4b29-a3dc-09ce12e59b50
cc8ea5f8-c8cd-4995-8817-cb1fb7adc6cf	15d07ab8-d37f-4cce-854e-5ecc7a5db3b9	2d293dc8-396e-4a16-8562-770a1995ea41
9d05819c-2b4e-4633-b25b-2c085f262cef	f03f2f04-c985-40c4-bd5a-57814f3db5ef	49bfa501-aa3c-470d-a0af-9cc85c580df2
a28c7e0a-c78f-4fd5-931f-afdf5d9472e8	d7737059-88b4-477d-a24b-6ca493c287a8	6d526409-da9a-455b-a1e3-e2ed626bc4e4
51e300e3-5cc6-4825-ba61-cbc34dc97a40	2a614b23-0bc6-4a4b-9581-b750c6848c52	00863497-68a6-4c32-8e54-ac7ece965461
75dde2a5-9d84-40b4-b325-66d45bce876b	fe8a9c3f-f3cc-4b98-b2cc-ee58dfd0d0fa	7421d280-671f-4fb8-b3a3-839b66db8d0b
d7070452-57f0-4f27-be10-42214c25a202	b3573ebf-e84e-4ca8-9886-a337f781ab51	d3b5bc31-da2c-47ea-8301-6339cf0a2361
0a8c7571-a549-4942-a1af-8b7516bb5361	efe6ec8d-f277-4487-ab1e-f466b1d10e88	ec47dd98-03fa-4783-8e91-1529f28aa666
8fe275ae-2a7f-42c0-a0e8-33aee3801cc6	b9df7ae7-b99f-400d-97ae-a8a3ebb41121	f3ee905c-4df1-4126-9249-e88376c85925
463159d2-145c-45f0-b1b5-e6501624d611	08184060-a9ed-4d81-bea9-a0aa8850107e	3792c33e-7f0c-4ccc-aec4-87b0ba460e3d
8ef11955-2366-4b06-9776-6d52f9a4b14b	6481d0fe-e35a-4490-91bb-f8bf12376a2b	468e0260-f9ad-4187-9499-4fedbc6e44ea
ec7eea6d-353c-419a-98f3-78a9d177fd31	95fd5f1a-a6da-42b7-9aad-61e31f8c705a	56436d04-6a29-4fb1-8dd9-4fd18b6df0f7
fb8918bf-561c-46f1-855a-7d3399c6d015	20535eac-9cfd-4ea4-bf62-610473042355	2720c73b-8302-4279-b189-00bef3ac2f16
233353bb-f7b1-4e10-9261-61ff3e7dd795	3e3fdf82-93e6-4bdc-ac1d-0d4ccdd38284	5aef7b8c-ffb8-4f13-9f99-09c8fa226eb2
a3012d6e-2859-4b5f-8ddb-e901e885566b	78b35d0f-ea2f-4f7e-a4e7-8cf37e776189	c7144a9b-996c-482d-a070-89e443a1503a
7f2def09-27bb-4bf2-a9fc-eb8259431749	78b35d0f-ea2f-4f7e-a4e7-8cf37e776189	f084354e-0a1b-4649-a6fd-221e7ccd6c8b
9c095206-5886-4794-93aa-64e09a7ad83f	dc2615f4-fb45-4323-adbd-be05006987d3	768e3141-02ab-4448-9a37-963220395878
33485163-a03c-437f-bd56-c649ef82421c	d72628dd-bc47-409f-bdc1-a673fb6dba04	1f0c2696-57cd-467a-8ff0-209609e7cca9
1ed2491f-3a5c-4382-b5a3-66ad5f7679c2	08184060-a9ed-4d81-bea9-a0aa8850107e	daf41284-6d96-4546-8f73-221bd08803bd
19a4b1ca-9ea9-4fb9-a495-cac4f4029ab9	20535eac-9cfd-4ea4-bf62-610473042355	fb906c07-ecbd-4c74-a2df-6e5dfdc00454
41df3088-4fc2-4ef5-9467-f8c7065c4d93	1edcdfcf-0d7a-4f86-b495-942b5df5ead3	9804f065-ba62-4d51-ac7b-e0bd75e35d39
e64be98c-1bb4-4be7-ad52-918ca64e8d15	677ae1a3-9e03-4ea3-98fe-2db68025673e	bf2a176e-454c-4218-ac1f-5e9e7166fea1
2eb8c745-0dda-4d27-8b84-f2195174eab4	c35d7c5f-cc01-499e-9e99-6da0261c9bde	62b4a7b3-bf85-4d64-9c85-d207b7f42007
2cd26047-9b77-48fb-8bab-55ad7391bbef	3109279a-fbb5-47bb-8e36-e6fedcc41c30	af2376b8-b81a-4c79-b5c5-1eb9caf16c49
4e19acb7-b260-48b6-b54a-286fa0b20131	40ab0926-fa87-4d56-ada5-e77cb548ead7	185daedd-adac-4f99-979a-9a739e1b5590
77ec20d2-c599-413d-98c8-6af7225fef2c	112342b4-9c47-4640-bc05-1e8763b0cf4f	6534b58d-7c87-43dd-b1c1-68b99d517041
58fc88b7-1511-4cff-8ca1-f7d5e5e784cf	8b6e17ee-6483-471d-9780-b94460d549b1	84f2f8af-aa1b-4b94-a1a8-956f77473851
86be3727-3adf-47f1-89d4-e4d04f03084e	3109279a-fbb5-47bb-8e36-e6fedcc41c30	3f05e517-f9c2-46ee-9d7a-140e0a6f8191
a6e29b40-e09c-48db-b30d-59d6fdd673dd	2a614b23-0bc6-4a4b-9581-b750c6848c52	1eca2d7f-2313-48af-b045-d1d852e78a57
c433f057-a74b-49a7-8460-9611c4af0862	4dc5df4b-4d93-406b-ae2e-7d924fa899f7	a79cc781-074c-48d5-aa2a-8af655b68fc2
ae4cd67b-d26c-4c08-9ec3-0de4ce3dd65b	3e3fdf82-93e6-4bdc-ac1d-0d4ccdd38284	30870cac-596d-4a43-9d0c-9d017ea04557
36cd3505-ec3a-46c9-99df-6902a760cbda	d4e7b708-04fb-4e56-9d3a-065bb84795be	5eb94a70-68c4-4bbf-8a00-4b1d01fada21
c6eed832-24e0-44e2-bc90-f1b4d0400e4a	624f1c1b-1101-4782-9060-d0505d1c366b	866c9f24-ac55-41ee-9c1d-0c6d4cdec110
c1bdfde4-b25e-4296-8d5b-8c7a9a7fc95f	c4d58f44-597a-43e4-bb1d-20cab358d400	a51b886a-aa8b-4548-9bb3-e634dec988b7
7a3ab4d7-f617-41e7-a386-f27b09774d80	c0798c50-6ff2-491e-aa92-3ba2fcbb754b	9ed20389-7b44-4d88-ab13-a2f1f28f76fe
24f5f6a5-d6ea-4a93-a9fe-5f40d007fb19	19a4d403-bfa1-4049-b07c-8eae3501856e	d9c50de4-0095-4e57-a8b0-8a3e1ec5fe2a
f14cdaba-c9ee-431b-aecd-4ed437710729	c4d58f44-597a-43e4-bb1d-20cab358d400	fd1412d6-419a-4b96-8616-1fcb6cb63e52
3446d53b-f690-48da-b9a0-3bfadea88aa4	6481d0fe-e35a-4490-91bb-f8bf12376a2b	0a453412-2871-4913-8ca7-6feca2daff2b
07a1c1fe-c74d-43b4-bd74-dfb314ba564d	6481d0fe-e35a-4490-91bb-f8bf12376a2b	b2d843ff-f300-44f3-8724-3f6441be0409
361ab3e3-3532-449c-a6a0-75901601b982	3e3fdf82-93e6-4bdc-ac1d-0d4ccdd38284	68b70e62-d7bf-4661-a6b5-fd59f10bd877
7e9a0787-0a18-4b5c-b027-15c321414efd	112342b4-9c47-4640-bc05-1e8763b0cf4f	493f83e8-f0c1-4463-b70c-091ddfd7f00f
a4467238-614c-40cd-b998-df3cb054ed8a	c3b49a9e-061c-40b4-9d47-e6c37d3bded9	0e9cf79c-06f1-4528-a4c1-7d2fef0b9504
7953261d-8781-43cb-a79f-bad3833bbbe4	3109279a-fbb5-47bb-8e36-e6fedcc41c30	fb626617-9afc-4e8f-a968-00b1ac47365e
3373ba2f-ab2f-45fa-a390-44f373f0fbc4	6580292c-71a4-42e5-a9cf-be849e94a84b	393c0286-46f9-42ce-ab60-c620461f7c8e
b04e0a55-81a5-4571-a4c0-e1e544100ebe	624f1c1b-1101-4782-9060-d0505d1c366b	48a5dbac-1220-4b60-babc-136d8d9630be
4ceb24be-5554-45c9-b52c-6d731921cd87	677ae1a3-9e03-4ea3-98fe-2db68025673e	fe712d47-4a1f-4d8d-ae56-fef369a8f889
cf569ea3-d35d-48d4-9f15-aff3833840bc	dd91b37f-c497-4b0c-855a-fd75be83e44a	538af9c4-fad1-4ac9-9d07-21a8d58f4fda
c99f1366-f344-4fee-971a-4474c9e0052e	fe3e1b04-790a-4d93-9aa1-65ee32088545	67112cb9-cf67-490d-93b2-654962bc2369
eb551f3e-dc9f-4bde-84e3-4988e0882b8a	efe6ec8d-f277-4487-ab1e-f466b1d10e88	9d8a9030-3370-4357-ba9e-301d2a56fcd9
3f4d796b-926b-47bd-ae53-65eef4a9e81e	dbae87ff-406b-48bb-8d7d-5af6f9ed79ca	3335391c-b39b-40eb-a9de-299872c43d06
c9d9496a-3b32-4645-8a47-191f5ba8fbd1	b3573ebf-e84e-4ca8-9886-a337f781ab51	06801b18-966f-4b7e-b27e-7dd2903494fb
6145183a-5cba-4317-8e52-65e8cc4f2940	d326e6f3-2455-4ddb-87a5-aef41a367c60	51753786-628f-4f62-ac2f-6d2c9bf6c47e
e316914f-1d58-4d0a-b674-be717d9fee0a	735c7be5-1db3-43bc-b891-c2dbb057f36e	ed202980-d877-4280-90b7-c5b02528ceeb
614daf45-0c74-4970-b7f6-e03c269b193d	6d0c1da5-0e96-4e67-bc9f-ad36c51d3b30	f9e09498-f5e3-4bc6-bb26-0b0f05948bd5
d6273f58-6cb1-4542-b856-80e9af07ac3a	b3573ebf-e84e-4ca8-9886-a337f781ab51	1320de0e-eed2-4a51-bae4-e47a406f2f56
367c6f30-d488-4ee9-bb3c-559abf380c8d	fe8a9c3f-f3cc-4b98-b2cc-ee58dfd0d0fa	98c38347-7da6-4a3e-8150-26502cdbe0e9
ba41ef91-5516-403f-b49e-04c1ee57f3c2	f37d20de-cbf8-41d2-b225-911eb8c38093	94a26d8c-2a74-4aad-bd37-b669c0093451
6a6700d1-553b-420c-a9ec-884c63e1e68d	95fd5f1a-a6da-42b7-9aad-61e31f8c705a	c8c3b9cc-02af-4c86-b4b1-d78318170f96
80b88925-d2f7-459a-a20d-9923e47a339f	4dc5df4b-4d93-406b-ae2e-7d924fa899f7	435a0c50-90cd-4bd0-a7dd-015b0c79d1af
930c9173-5890-4677-8396-8130d229db93	d96a1223-cb2d-43ef-9f7c-96710b98cdc7	c448562e-b27c-48d2-93ad-e704c7627435
cbdf0231-78b2-49e0-9086-6a7f764a51df	0c17693a-5ef2-42a8-9237-6cd0485210aa	8817851c-d2c8-4314-92ec-753e10097c05
14c7afe2-3031-497b-8389-4e7060d22e05	95fd5f1a-a6da-42b7-9aad-61e31f8c705a	ca4815df-ff99-4f6d-bca7-e533c545ca93
01e9733f-674f-4d0f-8f85-bc7283b376af	d326e6f3-2455-4ddb-87a5-aef41a367c60	b5edb8cc-b752-4dce-ba3b-88da6d9027b9
5dc64050-1ab9-4552-9ba1-78354de87ad0	fe8a9c3f-f3cc-4b98-b2cc-ee58dfd0d0fa	830ec115-7102-48f1-b068-adf9c790a11f
eb977f03-cd82-4903-892f-ab4154f9220d	c0798c50-6ff2-491e-aa92-3ba2fcbb754b	d2457a58-5cfd-4b4e-a210-61c5d60f4ca8
764a1a3a-7249-485b-a34d-c74f701df47b	677ae1a3-9e03-4ea3-98fe-2db68025673e	7dddcdc9-d1d1-4c75-bc1b-ca035d14d850
01729e94-111a-40b1-af91-eb6088ffdf6d	15d07ab8-d37f-4cce-854e-5ecc7a5db3b9	edb70f02-da4c-43ef-934c-bf838045a409
f110e100-87e2-4777-96a0-5dc10fb0d103	4dc5df4b-4d93-406b-ae2e-7d924fa899f7	64262937-53c5-46a4-b75d-9f13de369b03
8ced0244-0646-4071-8242-588e0b4f3506	5619e392-e331-47e2-8ab5-d08189d6e4a2	7281c9a5-0c86-4693-aaf8-308301b4145b
69bf4b95-1532-489b-a961-ca079efe0901	dc2615f4-fb45-4323-adbd-be05006987d3	8e2ef25d-c92b-48a5-bfa3-2cfd4c8190ef
d68ececf-c8bc-4283-9f18-3e8293d3c401	c0798c50-6ff2-491e-aa92-3ba2fcbb754b	cdb45fb8-aba5-4503-bcce-92bff8cf2eb0
3287df62-8788-4ea9-8ee3-62195f987242	5619e392-e331-47e2-8ab5-d08189d6e4a2	35097694-e86b-42cc-a33d-22910ae40527
e52c0573-46c8-4373-880d-89a42e50e4da	735c7be5-1db3-43bc-b891-c2dbb057f36e	b135f72e-29db-4eb4-bd65-7a9de6d05924
6536452b-497f-48b5-abf2-dc0016a56fa3	c3b49a9e-061c-40b4-9d47-e6c37d3bded9	4d583aa6-16af-4218-8945-94dd3decbe77
e516ebb0-695e-4456-9838-6071089f2874	dd91b37f-c497-4b0c-855a-fd75be83e44a	3aa050ec-3f05-4be6-83c7-2febc2924d31
7f71f5f0-cb2f-42d2-bcba-1303a67ba615	9c0c799d-5d3c-419b-85b3-1f3b28634345	414ed2f6-24e2-4912-9dd8-ffc1799175a2
69f7bb4a-8f03-4511-ac99-d89692710343	d72628dd-bc47-409f-bdc1-a673fb6dba04	067aacec-edeb-4d4d-8267-efe66b464f1f
7542bb23-2e64-4021-96d3-b3c089409f30	dd91b37f-c497-4b0c-855a-fd75be83e44a	49d4b045-2a07-4f34-b6d2-5013d971ce54
fadf50f1-9c0a-4258-92f2-a48d0faa4833	40ab0926-fa87-4d56-ada5-e77cb548ead7	f6b84d07-1120-4471-9cf3-8b474150e2a5
6530d5c5-763f-4abd-bda6-6317b65493f8	c0798c50-6ff2-491e-aa92-3ba2fcbb754b	5120b310-84d9-478c-bfc5-a842fd69bbbf
6b6e1695-df94-4178-ac19-51298bea30bd	78b35d0f-ea2f-4f7e-a4e7-8cf37e776189	78374468-4c2e-45ef-a977-1fe86fd2876a
7cd49bed-2c77-4810-b6b8-cb1455acd7a7	b9df7ae7-b99f-400d-97ae-a8a3ebb41121	78b5a606-a517-4ee7-8663-3c34fa1696f3
13743ebf-4411-4cca-819c-11085bb6cbb9	624f1c1b-1101-4782-9060-d0505d1c366b	0e8391b1-83f4-4bed-b10c-6a95b9afdfd4
ba46319d-9718-4e99-987f-e732aae1d581	fe3e1b04-790a-4d93-9aa1-65ee32088545	58be9618-5892-4ed7-bcce-be6908d4d2f6
a8faab27-349a-44b1-9697-5d1ae50aad9a	99bc8291-04d8-404d-bd9d-0189a9012ff3	5f7faf5e-c7de-4c2c-9631-9fe8a8e96a45
27fa3bd6-3fd8-452a-bfeb-d582fae1b7aa	b9df7ae7-b99f-400d-97ae-a8a3ebb41121	0c72deca-73e7-4c10-87cc-fc8c07764b40
f885981d-81b4-479c-8ddc-b7229dcc929a	fe3e1b04-790a-4d93-9aa1-65ee32088545	698aef3e-9dbb-4c1b-acca-5117175483f9
68ac62f8-e926-412c-bf81-7c840e60caad	1edcdfcf-0d7a-4f86-b495-942b5df5ead3	89afef8a-1eb4-45df-97ca-24bf0b59af60
80e2dbaf-c783-4ea5-845f-e1d774c4935c	85e8242c-36c0-42b0-850d-9e8b97854ada	0b6cf612-1a4f-48b4-91d3-2c338f509df4
e2d5f6fb-2730-4ffa-b5c0-538931142b60	d4e7b708-04fb-4e56-9d3a-065bb84795be	d6c97a0e-659a-4827-a188-b044390eec4f
64f07084-3e5b-4d96-946d-1f0085193e57	b7c2bd21-56eb-498b-af0f-660a297cc7b1	487cebbe-e5b9-40f3-98cd-51922dcb9666
c228095b-438e-4281-a643-1c4e52ffd638	624f1c1b-1101-4782-9060-d0505d1c366b	ff20cca9-709d-4015-9675-bf2268498ee1
16e5b221-d5be-4eaf-a00b-7f1eef459898	f37d20de-cbf8-41d2-b225-911eb8c38093	bb0fcc91-dbfc-4747-abd2-b4beb9ee67e5
8b0a3b65-a71b-4d96-b006-4a7e152e0b2d	bfdb8e44-249f-4885-95de-d69bc88093ea	70f325d2-1198-4e86-b2d9-f410de9f297b
d0ee0d01-f422-4060-b0c7-1d55eb598067	c35d7c5f-cc01-499e-9e99-6da0261c9bde	a8e741d3-4ee3-4ac3-a792-257181205f55
05c72e4c-9099-473d-997c-b7949478ea51	6481d0fe-e35a-4490-91bb-f8bf12376a2b	f893102c-2dc2-412f-ae74-40f73da7ffd7
a5a89c44-5f13-45c2-b6bf-4c93ab4eb26b	08184060-a9ed-4d81-bea9-a0aa8850107e	f26821af-02fb-43e2-ad00-a7031fe1b3b7
c829e806-85cc-475d-bf2e-b166af41aea5	bfdb8e44-249f-4885-95de-d69bc88093ea	d4d6126e-e228-4da7-be2b-c25decde1756
bb5a29d8-5737-408c-ba3f-df84ec8f955b	c3b49a9e-061c-40b4-9d47-e6c37d3bded9	e9e87a88-91cb-4525-9954-85ce022ba405
c8023bf1-0a6e-4e10-8377-cad7e5eb684d	0c17693a-5ef2-42a8-9237-6cd0485210aa	6c6efc0e-b8c1-4656-91e6-1811838becf6
ccb886e8-51ab-4923-a809-b17deee2019f	c35d7c5f-cc01-499e-9e99-6da0261c9bde	22ac6e4c-4c0e-410f-8a8c-69d11f840f6d
8d60672e-d64a-4f02-a08c-7903316313dc	112342b4-9c47-4640-bc05-1e8763b0cf4f	6a02ab08-4b70-4bd5-aa5a-b72212ebcb59
f12941b6-44f2-42fe-8af3-517c3e379c5b	95fd5f1a-a6da-42b7-9aad-61e31f8c705a	ab4db464-eb7f-42d4-a174-b623a06c3904
d67c812a-520a-466c-bac4-6e370e100e51	b7c2bd21-56eb-498b-af0f-660a297cc7b1	15dd14cb-2552-4c47-a9db-1fa3305d6666
003c3983-f87a-4ade-ab8b-ba70a00ce9c0	6580292c-71a4-42e5-a9cf-be849e94a84b	ee79d302-6d94-4117-9df7-aed713c597c8
5a5f991f-ee4a-4c95-bc26-d0336cc4c9a2	b7c2bd21-56eb-498b-af0f-660a297cc7b1	a3433fa9-0036-465b-a0ac-289af9d31687
82b3f0bd-d638-4051-8e38-65a99f4f6f4a	112342b4-9c47-4640-bc05-1e8763b0cf4f	772002a5-ce93-41ce-8486-3a2e36ef4f2f
6844f9b8-4917-4675-9602-ba22d36b4ce7	2a614b23-0bc6-4a4b-9581-b750c6848c52	efe47378-2fd8-4bf5-819b-2df9851d10ca
e6951767-852f-4785-9043-187557c33447	5619e392-e331-47e2-8ab5-d08189d6e4a2	aea0b9a3-f6a7-46b1-a06a-d8240e3b46ae
ddebeeff-e374-47d3-954d-7ad14fbdbf79	dbae87ff-406b-48bb-8d7d-5af6f9ed79ca	f1911196-8b9a-4188-b851-2bd29f7c4b9c
c6dbb369-513a-4eff-8c11-d8fffc9a8d1a	0c17693a-5ef2-42a8-9237-6cd0485210aa	8d54ac38-363b-4b8c-b94e-8f311355c50f
73cabfb3-cac3-4afc-b55d-3407aa4c2963	85e8242c-36c0-42b0-850d-9e8b97854ada	8120a979-374d-408b-88c9-000e4decc9f7
757193c9-019f-4c13-a933-e04594a66ea0	b9df7ae7-b99f-400d-97ae-a8a3ebb41121	bd3d6e2f-2858-423a-96a6-c27fc0813d9d
6000ffc4-4864-45f8-be9b-214669405040	b3573ebf-e84e-4ca8-9886-a337f781ab51	ce97db61-eade-4846-81a5-5da047895f48
b48b13ec-533b-42c1-9720-2af88d7c2599	78b35d0f-ea2f-4f7e-a4e7-8cf37e776189	3ab2d23c-22ad-465f-a164-d977592267aa
08fa7ece-c353-48e5-adad-b77428af466a	d7737059-88b4-477d-a24b-6ca493c287a8	aed8dd3b-db27-41cb-af22-bc2ac1b66a85
74bf330d-5e86-4383-97e5-4b6164ef8df1	20535eac-9cfd-4ea4-bf62-610473042355	85b3ba71-042d-4d4e-aaac-39068b7c4a36
04b01e2a-817a-47fd-b881-31b81b522252	dd91b37f-c497-4b0c-855a-fd75be83e44a	0f044f39-dee4-4888-a222-4b3621b39265
a354265a-d26b-4502-ac2b-f18fc273a550	4dc5df4b-4d93-406b-ae2e-7d924fa899f7	3a25a8e5-6f55-4d3b-952a-6c65c0c02837
72ec80c3-8b4d-47b7-b26b-7ff16f9bb20e	15d07ab8-d37f-4cce-854e-5ecc7a5db3b9	c0f23a26-fb1e-4b59-a0cc-8b62f8529cf8
630e3fd1-fb05-4fbc-8db8-4a41faee46a4	d326e6f3-2455-4ddb-87a5-aef41a367c60	57276219-5156-4364-a519-c314f796aa4e
9fd43305-ef65-44d1-908e-cce057ccfb19	6580292c-71a4-42e5-a9cf-be849e94a84b	15871499-5453-448d-a4a0-e523e1dfbed5
d4898e9d-6a8d-4d90-88ab-e66abd30e46a	b59cfec5-0be8-4a59-93db-fcdb17bb1eab	dd221211-7a7a-4536-8b48-620cc39c4bc4
188bc3ef-d711-4266-bc71-907fa236510e	99bc8291-04d8-404d-bd9d-0189a9012ff3	46b7322a-6e58-444e-96d9-0e714aab2681
971802f2-6409-47b4-8141-54f95834eee4	fe8a9c3f-f3cc-4b98-b2cc-ee58dfd0d0fa	d18f0ce8-e668-41a1-9419-7a4d170439eb
b3e57cd5-4757-4adf-9426-00f1c3d1a6c2	d96a1223-cb2d-43ef-9f7c-96710b98cdc7	45aa6635-42c2-4070-b5b5-63731d1b4d34
0ea99aac-2ae7-4816-bc10-7a6459ed1198	bfdb8e44-249f-4885-95de-d69bc88093ea	3bb86e8b-3f03-40f8-a628-4d7b26b162b9
ce57a0b8-6ffd-4820-8921-750f2a82f1e2	d96a1223-cb2d-43ef-9f7c-96710b98cdc7	6ad13e7f-85a7-4053-b11f-ba7fd65e510d
85e7b629-9a8f-41cd-9482-32b978f517b5	5619e392-e331-47e2-8ab5-d08189d6e4a2	ed6c9434-6101-460d-b2c3-101131050ad7
1cd12c20-d66b-425e-8c59-b149619ce50e	08184060-a9ed-4d81-bea9-a0aa8850107e	7e07e5d6-7d98-4c63-8aeb-42d010a3f76e
ebde2e17-90cd-45d5-82ab-13b15b5a4279	c4d58f44-597a-43e4-bb1d-20cab358d400	e0ad8dad-c2c1-462d-8306-b10f15d7eb2f
6d0a5adf-cfa9-4fe1-bcdb-a57f3617560c	f03f2f04-c985-40c4-bd5a-57814f3db5ef	c267e77c-7e5f-4f5f-9eb9-06be8c0579ce
5ff442cd-3b70-48bb-9f14-4bdde2fb4173	85e8242c-36c0-42b0-850d-9e8b97854ada	45a60111-e6a7-4212-abe1-e5ec33c45678
3762ac03-e67d-42c4-b354-a081c458d3f0	d326e6f3-2455-4ddb-87a5-aef41a367c60	ddb59668-3d86-49f4-80e9-d0ac103d85f3
e5808fd1-d016-4f92-9a09-0cd3a1633706	0c17693a-5ef2-42a8-9237-6cd0485210aa	60d28c94-fd42-4b3b-9bc3-e6b47d62c089
fb794512-d5d7-42ab-832d-3f4d11167dfc	19a4d403-bfa1-4049-b07c-8eae3501856e	4c54c2d2-7c4f-4078-b620-eaaf1efc86e9
94ae896a-ccfd-4903-95dc-39a588bf696f	bfdb8e44-249f-4885-95de-d69bc88093ea	5847e8e1-7786-4f3e-a2c8-f021477f258d
148b2cbf-f32c-4700-bde1-e4bb62ef198d	15d07ab8-d37f-4cce-854e-5ecc7a5db3b9	714be4ed-eabc-465e-8b38-6d608edf7a23
11ab5695-9dd3-4c14-b5da-7b06771b9e69	d72628dd-bc47-409f-bdc1-a673fb6dba04	4d5a7da9-ce73-4532-88d6-78e2b5f3223d
50882d19-67df-40af-bfa3-0df2277d5c0c	d7737059-88b4-477d-a24b-6ca493c287a8	b7cebfee-e4c1-4382-9667-a8cba5cf7597
d7b7d0c6-d13c-4c45-b7da-51b38aa2dbb7	1edcdfcf-0d7a-4f86-b495-942b5df5ead3	0eee321e-a308-4a5a-b17d-4853cc230eb9
5567c422-904d-4f07-9e2d-f29147807d54	2a614b23-0bc6-4a4b-9581-b750c6848c52	6bc16b1a-7e40-4a7e-b980-9087b25520bf
af312421-8da2-4747-8ca2-2a158dd6dfd6	c35d7c5f-cc01-499e-9e99-6da0261c9bde	3701b30f-e128-4744-87bb-5889b44a51ba
0a26c21f-0b34-49d1-87d0-43f1e4ba0aaf	e0e94e1e-3a55-4ee6-9011-4cb19d77d7e1	644d24ae-c702-4149-a55d-d0aad085e67b
52989ebf-e2f3-4a8c-aee4-272ff4ff839b	d96a1223-cb2d-43ef-9f7c-96710b98cdc7	45396d2f-d179-48d8-9409-969b3b82e38a
8d2bef29-38c3-4730-9b4a-875a0b36e6a5	677ae1a3-9e03-4ea3-98fe-2db68025673e	1caff3fb-babb-4c1a-89de-09549e8e0f49
665406d6-eae0-4ddc-9ca3-cfff6877431e	9c0c799d-5d3c-419b-85b3-1f3b28634345	02b8be1f-c3a1-4b0b-a9e5-6d204b05c700
257de9fd-8d5d-4b64-a803-5b368d9de0d7	f03f2f04-c985-40c4-bd5a-57814f3db5ef	effd0402-f589-4f48-9ac4-3e9c87a45363
767904e1-e9f0-4025-96d6-287833cb134a	20535eac-9cfd-4ea4-bf62-610473042355	9177b4ad-e7d4-475b-a04c-8cf8cea47098
be0a8186-7c2e-4d38-9c26-025ea16d4591	85e8242c-36c0-42b0-850d-9e8b97854ada	3e816e8e-dd67-4cf0-ab27-77dd5a16e533
db0e1919-59da-4a98-91e4-3b9daab69ef8	d72628dd-bc47-409f-bdc1-a673fb6dba04	e13c46b2-3a08-4ae1-9bf8-d023b5927d9a
7f5c8e49-4f69-4aca-b77e-ba215d34f570	3109279a-fbb5-47bb-8e36-e6fedcc41c30	a5fe7090-32b9-4def-83c0-644dd7f4e565
719c1c9d-2f8a-40fb-9b53-30854d92b037	99bc8291-04d8-404d-bd9d-0189a9012ff3	8a0b1dcf-25f3-4372-b240-07304f316c87
88950cb8-836b-43e3-80cb-10d4a0504ac2	19a4d403-bfa1-4049-b07c-8eae3501856e	df70ba0b-fe4c-4a03-a7d1-104c1de2530b
f2c96a85-48d8-43af-be3d-c83f4e5befbe	c3b49a9e-061c-40b4-9d47-e6c37d3bded9	57c2d577-fbc5-4ac4-b4ca-0a8f9e7897fc
16e1a059-fc5c-4d3c-b520-a0249d977bef	c4d58f44-597a-43e4-bb1d-20cab358d400	7c7c533f-0fdb-4c93-aa7f-1999738c9a4f
c3487f4c-8b2d-4d5d-ac4a-1a62589fbd7a	735c7be5-1db3-43bc-b891-c2dbb057f36e	522fd1a8-a567-411d-b277-befc04dfd95a
7967c595-6595-4a09-947f-e8f2696e06df	8b6e17ee-6483-471d-9780-b94460d549b1	aae1c24c-e73f-4c49-a472-b651caaf8820
8f888628-5b34-41e6-bc1e-e9929b04c99c	dbae87ff-406b-48bb-8d7d-5af6f9ed79ca	f735f11b-a62f-47f4-8535-c94d91a7d86a
9a8489fd-ba90-4aec-9b6d-3df74953b933	efe6ec8d-f277-4487-ab1e-f466b1d10e88	1c10f232-bdfa-4330-9ac9-33c2a078bb5c
198a7c79-b0eb-4f45-bf10-565701794c27	b59cfec5-0be8-4a59-93db-fcdb17bb1eab	58d70977-1b28-4ea9-960d-93ac17527100
8014db3c-be75-4254-8278-ba1957fa16f4	d7737059-88b4-477d-a24b-6ca493c287a8	03599459-97b8-453c-b276-3395b3a66079
e7ef7e75-e9e0-4a59-90c1-c80edf208c69	d4e7b708-04fb-4e56-9d3a-065bb84795be	872e4364-606e-40b9-b475-dfa560cc3cef
62cbcefd-1738-43bb-8bda-436afde61c6c	6580292c-71a4-42e5-a9cf-be849e94a84b	c486065d-b768-47c3-8f67-7ffcc7a93e40
daa788ec-91b2-439e-8daa-fc585084cb10	1edcdfcf-0d7a-4f86-b495-942b5df5ead3	539994d1-0a1b-4432-ac52-e498cdb151ff
2cbb0a5a-1ec5-47ff-88b8-7bc6d0ea6ad4	b59cfec5-0be8-4a59-93db-fcdb17bb1eab	612eb46c-370f-4d44-b28b-3f5eaf094854
d7591e3b-9a5f-4104-b56e-14e8df44588a	b59cfec5-0be8-4a59-93db-fcdb17bb1eab	44811911-10ca-4204-bc4d-81efc82b4b18
5ef3f172-59c4-4c37-8ef8-46d52db75407	99bc8291-04d8-404d-bd9d-0189a9012ff3	b3a88f9d-d514-46d3-8608-1cd6ff743f8a
6f76f199-1733-4990-8e1b-b98c9fe01fdd	735c7be5-1db3-43bc-b891-c2dbb057f36e	2ba1e827-d613-44bf-bef7-1ca14acbb354
bffa2211-8327-4e65-bc7e-f0fc7b119bec	b7c2bd21-56eb-498b-af0f-660a297cc7b1	139c55c1-f52c-41f8-a155-420cfad29e62
7e411375-972a-47a9-b4f3-8ad9fa666ad3	e0e94e1e-3a55-4ee6-9011-4cb19d77d7e1	73d7e7b9-bf9a-4f7a-a7f1-9df44af76add
f15efca9-78c5-4c5b-b0f4-f9e060b55576	efe6ec8d-f277-4487-ab1e-f466b1d10e88	c6284edb-46c3-442b-91df-791cfe2abf37
2a0ab1c7-a8f4-4e58-b3fd-b4f0107fb479	fe3e1b04-790a-4d93-9aa1-65ee32088545	d4c9ac7e-cf94-4624-b30c-6dd2f81af368
5779c310-1c14-49e7-81f7-e2ee1d1c981b	3e3fdf82-93e6-4bdc-ac1d-0d4ccdd38284	79394064-c6bc-4827-b536-b84ce1454512
42c33eae-fb1a-4a44-9771-0e81d60cb108	dbae87ff-406b-48bb-8d7d-5af6f9ed79ca	357ac083-fda2-4f34-ab4c-13b8b72286c6
c65ef2ca-3083-4cd6-a330-c389318ccc17	19a4d403-bfa1-4049-b07c-8eae3501856e	50ddfcd4-746f-423c-9f2e-7e1c2aff4d63
2443abb4-b2e7-456f-ae0c-23eb2d355313	0e820cfa-a041-4e78-850f-9f5f61ff39ef	b12403e7-4413-489d-b74c-b74deb3d41b2
34aecb79-3673-474c-9a07-da942660b540	0e820cfa-a041-4e78-850f-9f5f61ff39ef	ca41484f-e28a-4020-9f33-5c32556b1dea
65d5ce46-a3a5-4e96-bd6d-ebe8deeb52d5	0e820cfa-a041-4e78-850f-9f5f61ff39ef	243a2c69-477a-4800-9f20-0659a2a9daa4
ab8f247d-e361-4c78-b622-a2e5b2c5490a	c27ff0c7-ad33-4750-b7d0-17ea498c597c	cf051f02-7134-4e1d-9bf9-3209c4c64927
85d86958-458e-4c9c-b41b-e876b3b1b300	c27ff0c7-ad33-4750-b7d0-17ea498c597c	30e429c0-9606-437c-90c3-e2ae50eb145f
17ca4b41-269e-4ead-b21b-3a722d6ce666	c27ff0c7-ad33-4750-b7d0-17ea498c597c	5a6288ee-8a0f-4e94-a725-e832f272e9e7
ab0d308a-f0e4-4891-8b40-5f47a492024f	7dbd8c95-a735-4d1e-93fd-6d61693b9a5c	0c6640a0-6372-4a71-b1cb-5bd31370a2a3
2196790d-2cb4-41a8-8e7f-c2ddd2665eb4	7dbd8c95-a735-4d1e-93fd-6d61693b9a5c	39a855e9-19e2-4bc9-80af-a5163b316ba4
c6cf9976-6f1f-4385-b63e-e8fe55982d31	7dbd8c95-a735-4d1e-93fd-6d61693b9a5c	b55f33f2-2ceb-4ffb-8e4e-7e2be15744bd
2006c3f2-3c81-41f2-aea2-97633e819bf0	8530d023-5ec3-407b-824f-f9a77cbeafae	c4e1c830-714d-4eef-a287-56da2eb86ab8
0bb1b207-c357-48a9-81a4-ab91dacc6ee8	8530d023-5ec3-407b-824f-f9a77cbeafae	fb64150b-2062-4671-ba05-d98164ee9da4
e8891392-ae61-4d77-825a-a0f81b65bb07	8530d023-5ec3-407b-824f-f9a77cbeafae	433a25d3-c815-4df0-8b9f-54d49beeff2d
20f24f5f-06d7-47e0-ab76-bd54c50cd1f4	41364d8c-a381-4a85-b381-0f21956b0a4f	9e326fbd-b010-4991-a70d-a77b1df2d513
4de1ca66-09a6-41f0-ae04-9c7eeb72c6af	41364d8c-a381-4a85-b381-0f21956b0a4f	ba633a06-19cb-4509-862c-e8eac7124ab4
84184f11-d753-449d-974c-75d99827ed51	41364d8c-a381-4a85-b381-0f21956b0a4f	41202051-2c88-458a-b660-52cff1807313
d59727b7-066c-4eab-9ec5-39a4e76d27fb	e331deb5-ef4a-4c4f-913a-82549fb87d4e	4061c178-1f30-4eb0-9773-0678b7c4349e
ba49f040-223d-4732-8ea6-c423c0b84f3a	e331deb5-ef4a-4c4f-913a-82549fb87d4e	d5a4558e-2882-4e96-a28f-b47d0d665223
ecd58fb3-8ac0-4c09-8433-f6d53fee82dc	e331deb5-ef4a-4c4f-913a-82549fb87d4e	f96ee09d-5927-42f7-a27b-110a7a6b272d
b0d8c2a1-07c4-4c44-b772-4a3526acc2cd	ec0c1638-7669-4064-a85b-4b7fa24d2584	ab6fba79-7ae2-4dd3-a46d-202d13db9b67
2b769cdc-69a1-402d-842c-203072a4e820	ec0c1638-7669-4064-a85b-4b7fa24d2584	18513676-6497-46e9-8c11-492537fd9437
3fbc8803-fbb7-4637-a5e1-191e9c1f97ec	ec0c1638-7669-4064-a85b-4b7fa24d2584	f562a91e-c26c-49f3-b7ea-b7021783331e
73818301-6ae5-4dfa-ad2a-b3e1beb634b6	3538fb56-8bab-4b46-a3ea-9dfbd7a1cac7	03b6bcb5-2157-425b-8366-25d19cf36231
ece5744a-7362-4691-b3c4-6f8edd7d6048	3538fb56-8bab-4b46-a3ea-9dfbd7a1cac7	8083c770-b5f8-41ee-8fcb-b798859e862d
2bf05202-6f26-4d31-9557-55091bf88f39	3538fb56-8bab-4b46-a3ea-9dfbd7a1cac7	e97e0302-75f8-434a-8ab5-30fb3b1ed959
f81b6de6-3c71-490f-ab76-84a70338e052	2e855a15-3d1b-4892-b8b8-2151697c84bc	2d6b3251-d271-4cbe-a6ca-86458cd81a99
d723f8bd-06be-4a91-b174-8ce50e86b9fc	2e855a15-3d1b-4892-b8b8-2151697c84bc	dead0079-8812-4df6-a24f-b0f9365f3bd2
3bf8b409-e866-43bd-afb3-4f1fec9d6df3	2e855a15-3d1b-4892-b8b8-2151697c84bc	4d7c62e2-2e4d-44ba-b9e8-f38aa90326a9
52a2f2ab-b311-4ec6-b2c5-16feff6567d0	8e583678-3820-4df6-bcab-afd7ea5a1189	6c6a91b6-bd0b-4238-ba9d-6a7ef670c22b
665eb8a2-d11e-4b97-b412-427001ad07bb	8e583678-3820-4df6-bcab-afd7ea5a1189	74e7fecc-79f6-479d-8399-7ad64ab339f1
83640327-eee8-43d4-af9e-7a873d8cc5f7	7d7b2617-9d04-47e6-9d36-e6b4a2a0d54f	49bfa501-aa3c-470d-a0af-9cc85c580df2
9e002739-75e6-4c81-bf22-2f099866a929	7d7b2617-9d04-47e6-9d36-e6b4a2a0d54f	effd0402-f589-4f48-9ac4-3e9c87a45363
937764ad-84d7-4182-9e2d-38ffb07c6c00	7d7b2617-9d04-47e6-9d36-e6b4a2a0d54f	c267e77c-7e5f-4f5f-9eb9-06be8c0579ce
a482311e-4bf1-4af2-bda8-ad72c882c81f	e4feb0b7-7a1f-4fcf-bab5-666e9eedd0e2	0b6cf612-1a4f-48b4-91d3-2c338f509df4
fda3785f-2609-4984-ba1f-2fdb4f34ec32	e4feb0b7-7a1f-4fcf-bab5-666e9eedd0e2	15871499-5453-448d-a4a0-e523e1dfbed5
1866ea1e-358b-43d7-b5c3-0994b72d1bb7	e4feb0b7-7a1f-4fcf-bab5-666e9eedd0e2	c486065d-b768-47c3-8f67-7ffcc7a93e40
cd7dd255-09eb-40c6-9d99-dea2831bf8ca	e4feb0b7-7a1f-4fcf-bab5-666e9eedd0e2	ee79d302-6d94-4117-9df7-aed713c597c8
6ece2148-76a6-47dc-b716-2c90e94a2585	e4feb0b7-7a1f-4fcf-bab5-666e9eedd0e2	393c0286-46f9-42ce-ab60-c620461f7c8e
c8f2ce33-443a-477a-8486-153b50dacf18	73ae1bb5-efbc-4fa6-ac20-c3bcd82f145a	3e816e8e-dd67-4cf0-ab27-77dd5a16e533
cb66efc5-dcba-4051-a142-df83d8ab8ba5	73ae1bb5-efbc-4fa6-ac20-c3bcd82f145a	45a60111-e6a7-4212-abe1-e5ec33c45678
68d30dea-8513-463b-a28d-87a3256b7869	73ae1bb5-efbc-4fa6-ac20-c3bcd82f145a	45396d2f-d179-48d8-9409-969b3b82e38a
314658d8-2069-48b3-9b49-bf8b5cc9bc46	73ae1bb5-efbc-4fa6-ac20-c3bcd82f145a	45aa6635-42c2-4070-b5b5-63731d1b4d34
5b445c8d-d235-42ff-8374-36863c9555d8	73ae1bb5-efbc-4fa6-ac20-c3bcd82f145a	8120a979-374d-408b-88c9-000e4decc9f7
bfe1de23-f81b-4917-a9d4-c17908c0bd75	eb46e179-1965-4cd2-b695-8efb05ed046b	6ad13e7f-85a7-4053-b11f-ba7fd65e510d
a7bf14d6-f2f6-4fa8-836f-d41f4b76a09e	eb46e179-1965-4cd2-b695-8efb05ed046b	c448562e-b27c-48d2-93ad-e704c7627435
45beaaa1-3925-4eb7-8d64-1257364da9b6	eb46e179-1965-4cd2-b695-8efb05ed046b	0f044f39-dee4-4888-a222-4b3621b39265
2cb87e70-caf4-4f15-a39e-1a2ca9e3a2a6	eb46e179-1965-4cd2-b695-8efb05ed046b	3aa050ec-3f05-4be6-83c7-2febc2924d31
2e531e46-3552-4244-87d4-e5567bf5e128	eb46e179-1965-4cd2-b695-8efb05ed046b	49d4b045-2a07-4f34-b6d2-5013d971ce54
b8bc5c52-df2c-411b-9217-59c999c33f40	c30fd6fc-4657-4541-9b2c-6b17c214c681	8817851c-d2c8-4314-92ec-753e10097c05
824ece0c-1b82-4b4b-904b-943c7f1668ea	c30fd6fc-4657-4541-9b2c-6b17c214c681	6c6efc0e-b8c1-4656-91e6-1811838becf6
abac8505-463f-462d-81d1-9edd2ea6fc7b	c30fd6fc-4657-4541-9b2c-6b17c214c681	538af9c4-fad1-4ac9-9d07-21a8d58f4fda
e7c405d3-1748-440a-b9e5-02747bad44b9	c30fd6fc-4657-4541-9b2c-6b17c214c681	8d54ac38-363b-4b8c-b94e-8f311355c50f
50d53584-cb74-433b-a1cf-8a4b199f28b1	c30fd6fc-4657-4541-9b2c-6b17c214c681	60d28c94-fd42-4b3b-9bc3-e6b47d62c089
3a3b5adf-417e-485a-aeb5-904acb7bc845	e248acc0-6745-4c85-baa6-b2205aba9527	414ed2f6-24e2-4912-9dd8-ffc1799175a2
3d81a311-4e0d-4011-9729-fd12eb0e82b8	e248acc0-6745-4c85-baa6-b2205aba9527	02b8be1f-c3a1-4b0b-a9e5-6d204b05c700
f07da1f5-de40-4192-90a3-48ec110b0252	dc07d578-5bf1-4bda-a011-6fb50c33888d	3bb86e8b-3f03-40f8-a628-4d7b26b162b9
3a9c6338-f14c-467e-8ca0-c8fd3411e29f	dc07d578-5bf1-4bda-a011-6fb50c33888d	d4d6126e-e228-4da7-be2b-c25decde1756
0d8fb3ed-34e2-4269-a4bc-e8359c815935	dc07d578-5bf1-4bda-a011-6fb50c33888d	5847e8e1-7786-4f3e-a2c8-f021477f258d
8d80b982-3be6-46c3-a8a6-23ff37329184	dc07d578-5bf1-4bda-a011-6fb50c33888d	7281c9a5-0c86-4693-aaf8-308301b4145b
1fbecf21-ded8-497f-9e8f-e387da171eda	dc07d578-5bf1-4bda-a011-6fb50c33888d	70f325d2-1198-4e86-b2d9-f410de9f297b
193c44a2-7235-4c0b-9c71-41112937e228	eb27bb7d-50e9-453e-97ce-156cfdcb45e6	35097694-e86b-42cc-a33d-22910ae40527
9af78556-ca6e-4d57-b25a-b6c874c866a1	eb27bb7d-50e9-453e-97ce-156cfdcb45e6	ed6c9434-6101-460d-b2c3-101131050ad7
73f63c2b-684b-4a37-b7da-43ddc5778945	eb27bb7d-50e9-453e-97ce-156cfdcb45e6	aea0b9a3-f6a7-46b1-a06a-d8240e3b46ae
aae4e084-bef1-46bb-9a5b-75b02835adef	eb27bb7d-50e9-453e-97ce-156cfdcb45e6	b3a88f9d-d514-46d3-8608-1cd6ff743f8a
b2ae6ca2-0e81-40be-89c2-5caab8cc23b9	ae73fa3e-eaa3-4f79-bde9-b3e405329ff4	8a0b1dcf-25f3-4372-b240-07304f316c87
0b547661-7982-43f5-91e4-0e8f2446b8e8	ae73fa3e-eaa3-4f79-bde9-b3e405329ff4	5f7faf5e-c7de-4c2c-9631-9fe8a8e96a45
4372a009-7a41-4cb0-8c88-e9ea929d3879	ae73fa3e-eaa3-4f79-bde9-b3e405329ff4	79394064-c6bc-4827-b536-b84ce1454512
a948c6f3-78e7-4dcd-9c3b-05d187a7e38d	ae73fa3e-eaa3-4f79-bde9-b3e405329ff4	30870cac-596d-4a43-9d0c-9d017ea04557
0d96861d-d0e9-47c6-8464-e92a44b511a0	1e119bf3-3d2a-4b89-97af-870241aeda75	aed8dd3b-db27-41cb-af22-bc2ac1b66a85
f1779783-4ec9-4d48-a722-2edd2b50f60f	1e119bf3-3d2a-4b89-97af-870241aeda75	aae1c24c-e73f-4c49-a472-b651caaf8820
5060e32e-560c-4ffa-8fe3-b41e12367b37	1e119bf3-3d2a-4b89-97af-870241aeda75	84f2f8af-aa1b-4b94-a1a8-956f77473851
e59cb800-bdb9-4c24-b26a-eae812a6f956	9ce2d2d0-aaa9-468f-8714-891381d2d5bb	6d526409-da9a-455b-a1e3-e2ed626bc4e4
c0837e84-8697-483a-837d-5d279dbb811b	9ce2d2d0-aaa9-468f-8714-891381d2d5bb	03599459-97b8-453c-b276-3395b3a66079
7bda3ee6-0763-4f57-821b-e899ce4005fe	9ce2d2d0-aaa9-468f-8714-891381d2d5bb	b7cebfee-e4c1-4382-9667-a8cba5cf7597
38d25709-b4b1-4d16-b859-6355c14df71a	9ce2d2d0-aaa9-468f-8714-891381d2d5bb	5aef7b8c-ffb8-4f13-9f99-09c8fa226eb2
cb2b4c00-3162-42a1-a384-7a0af85b6f2c	9ce2d2d0-aaa9-468f-8714-891381d2d5bb	68b70e62-d7bf-4661-a6b5-fd59f10bd877
501d88db-1ec2-4246-a220-5a7e9f110a8d	ae73fa3e-eaa3-4f79-bde9-b3e405329ff4	46b7322a-6e58-444e-96d9-0e714aab2681
512686b0-cee7-4823-b99e-17037b4520c6	dda9b0ed-6796-4913-a95e-6e73a32d83fb	ff0b8f69-9e4a-4b29-a3dc-09ce12e59b50
6e6148c5-40f1-464a-9096-7631769eeb7a	dda9b0ed-6796-4913-a95e-6e73a32d83fb	5eb94a70-68c4-4bbf-8a00-4b1d01fada21
356d90b2-b7b2-43e8-80dd-ff3ef7d29b6c	dda9b0ed-6796-4913-a95e-6e73a32d83fb	872e4364-606e-40b9-b475-dfa560cc3cef
2d1fe2ea-68a2-453f-831e-9cb8f43b15ce	dda9b0ed-6796-4913-a95e-6e73a32d83fb	d6c97a0e-659a-4827-a188-b044390eec4f
a4d49a2f-f2d3-4c2d-9044-8f586972a73d	dda9b0ed-6796-4913-a95e-6e73a32d83fb	d4c9ac7e-cf94-4624-b30c-6dd2f81af368
848fc15c-9492-4f84-9fe1-3d643980e88a	02a3e156-9c8e-4de9-88ba-dc8b47086824	67112cb9-cf67-490d-93b2-654962bc2369
07b8458b-57fd-4c65-87e0-be832cc7b29c	02a3e156-9c8e-4de9-88ba-dc8b47086824	698aef3e-9dbb-4c1b-acca-5117175483f9
e7deef36-877e-4def-9e73-0e2e135fb841	02a3e156-9c8e-4de9-88ba-dc8b47086824	58be9618-5892-4ed7-bcce-be6908d4d2f6
5917bdb1-5575-4675-81a9-b03ac8c2495d	02a3e156-9c8e-4de9-88ba-dc8b47086824	3335391c-b39b-40eb-a9de-299872c43d06
bbfac2dd-c3f9-4bcc-9b9b-e431d07801d6	02a3e156-9c8e-4de9-88ba-dc8b47086824	f1911196-8b9a-4188-b851-2bd29f7c4b9c
bb3e682d-122a-4789-b03b-66024ae68c08	63e6c1b3-2539-4761-a4e5-dfa86d4d6996	f735f11b-a62f-47f4-8535-c94d91a7d86a
844ca2f8-4805-4e4a-a1e0-5229cfcde046	63e6c1b3-2539-4761-a4e5-dfa86d4d6996	357ac083-fda2-4f34-ab4c-13b8b72286c6
c87a8d69-2328-4663-bcca-9aa21f17e28b	63e6c1b3-2539-4761-a4e5-dfa86d4d6996	d3b5bc31-da2c-47ea-8301-6339cf0a2361
1b562016-98b6-442a-82e2-f893fd61fc57	63e6c1b3-2539-4761-a4e5-dfa86d4d6996	06801b18-966f-4b7e-b27e-7dd2903494fb
4f8105be-0f55-4efa-b4de-9fbb3b65153e	63e6c1b3-2539-4761-a4e5-dfa86d4d6996	1320de0e-eed2-4a51-bae4-e47a406f2f56
a7b6ba1b-cf16-4828-b671-edf31cbffe7e	fd17dcea-ce4f-4882-8945-9eb3f95c56ee	56436d04-6a29-4fb1-8dd9-4fd18b6df0f7
755fa0c7-98b2-4f30-b44d-1a2fffb21eb4	fd17dcea-ce4f-4882-8945-9eb3f95c56ee	ca4815df-ff99-4f6d-bca7-e533c545ca93
4a541d0e-3765-4352-a18e-974ef29f150b	fd17dcea-ce4f-4882-8945-9eb3f95c56ee	c8c3b9cc-02af-4c86-b4b1-d78318170f96
b20abf0f-942a-4233-9e7f-0c2a73aac72f	fd17dcea-ce4f-4882-8945-9eb3f95c56ee	ce97db61-eade-4846-81a5-5da047895f48
a1cb94f4-7839-4cd5-bf3d-ced6aa81741e	eb2233f8-8d3c-4fb4-89a3-3222c889a11f	ab4db464-eb7f-42d4-a174-b623a06c3904
8c7abd23-f79e-42d7-bbf8-354849b7d873	eb2233f8-8d3c-4fb4-89a3-3222c889a11f	0a453412-2871-4913-8ca7-6feca2daff2b
d82cd2f8-f587-48f7-86d6-1626504f48ec	eb2233f8-8d3c-4fb4-89a3-3222c889a11f	468e0260-f9ad-4187-9499-4fedbc6e44ea
d29e5134-fa79-47c5-a8b6-d73d9fece6a4	eb2233f8-8d3c-4fb4-89a3-3222c889a11f	f893102c-2dc2-412f-ae74-40f73da7ffd7
5002435a-ee11-46fc-a24b-ed27f954aea1	eb2233f8-8d3c-4fb4-89a3-3222c889a11f	b2d843ff-f300-44f3-8724-3f6441be0409
d5615637-70c8-46ab-b36a-c7d78000ba3f	18797542-1872-4ed9-b8e4-8dcafe6246c6	bb0fcc91-dbfc-4747-abd2-b4beb9ee67e5
a8887eec-9e84-4ce4-9884-849b0a36b511	18797542-1872-4ed9-b8e4-8dcafe6246c6	94a26d8c-2a74-4aad-bd37-b669c0093451
342c0ea4-a7c5-4d12-8a33-7c513640a784	c07aa021-64e4-4a4c-9d56-ea1556898306	7421d280-671f-4fb8-b3a3-839b66db8d0b
201ab544-039e-4e1c-ab70-44cd4edfa455	c07aa021-64e4-4a4c-9d56-ea1556898306	830ec115-7102-48f1-b068-adf9c790a11f
5d955bd0-87ea-4b46-8c33-71e92aa61eea	c07aa021-64e4-4a4c-9d56-ea1556898306	d18f0ce8-e668-41a1-9419-7a4d170439eb
9d875330-56cc-4360-a22a-c285f069a358	c07aa021-64e4-4a4c-9d56-ea1556898306	98c38347-7da6-4a3e-8150-26502cdbe0e9
40fa24be-e39b-44cf-a92b-70f0d33e38be	c07aa021-64e4-4a4c-9d56-ea1556898306	44811911-10ca-4204-bc4d-81efc82b4b18
dd9535eb-b2ce-4db5-8b05-5442774c75c9	e153a862-5aa3-4524-9778-331910091ff8	612eb46c-370f-4d44-b28b-3f5eaf094854
e64c275f-21f0-4012-865c-d534aa4510b7	e153a862-5aa3-4524-9778-331910091ff8	58d70977-1b28-4ea9-960d-93ac17527100
09203dd1-e7cb-4ba4-ab8d-2ac7a6e436a5	e153a862-5aa3-4524-9778-331910091ff8	dd221211-7a7a-4536-8b48-620cc39c4bc4
4640015b-4402-4ecf-baca-3d42668d69c1	e153a862-5aa3-4524-9778-331910091ff8	2d293dc8-396e-4a16-8562-770a1995ea41
4cdb9e97-c4ad-42f0-acfd-2ce52e97d961	e153a862-5aa3-4524-9778-331910091ff8	c0f23a26-fb1e-4b59-a0cc-8b62f8529cf8
43fb2d0b-7ca5-4965-86e8-283683eb82c0	fcb1ab39-6318-4f98-9aa9-3f2efc6ed095	714be4ed-eabc-465e-8b38-6d608edf7a23
70014897-ec4d-4991-be6e-ef07161bd730	fcb1ab39-6318-4f98-9aa9-3f2efc6ed095	edb70f02-da4c-43ef-934c-bf838045a409
8d287fbd-5a19-4a66-8b7a-82b673909d78	fcb1ab39-6318-4f98-9aa9-3f2efc6ed095	3701b30f-e128-4744-87bb-5889b44a51ba
d4ca8872-9153-48f2-8687-1cc6f44020ec	fcb1ab39-6318-4f98-9aa9-3f2efc6ed095	62b4a7b3-bf85-4d64-9c85-d207b7f42007
4f631eb4-f8ca-4a71-96d7-d2ef1876b7ee	fcb1ab39-6318-4f98-9aa9-3f2efc6ed095	22ac6e4c-4c0e-410f-8a8c-69d11f840f6d
6d323bbd-28e9-484f-8a05-fcc7562e3cf0	e85272d8-0d1f-4ad1-9154-630240113366	15dd14cb-2552-4c47-a9db-1fa3305d6666
0ae693d0-9c74-4889-8ad5-15e5cfb8489b	e85272d8-0d1f-4ad1-9154-630240113366	a8e741d3-4ee3-4ac3-a792-257181205f55
0b724e16-001e-4227-a921-3dfff1a3827c	e85272d8-0d1f-4ad1-9154-630240113366	139c55c1-f52c-41f8-a155-420cfad29e62
c7cb2327-342c-41bc-8fff-e48095219c5d	e85272d8-0d1f-4ad1-9154-630240113366	487cebbe-e5b9-40f3-98cd-51922dcb9666
76a9d884-74e0-4917-8efb-7b98cb0839ba	e85272d8-0d1f-4ad1-9154-630240113366	a3433fa9-0036-465b-a0ac-289af9d31687
a9364b33-61cb-4e6f-b09e-41a0cd40279b	7ee83429-bbc6-4e23-b5a8-5d7ea6a7cd18	f3ee905c-4df1-4126-9249-e88376c85925
ea251173-971a-4e0e-bfba-8b38db85db6a	7ee83429-bbc6-4e23-b5a8-5d7ea6a7cd18	78b5a606-a517-4ee7-8663-3c34fa1696f3
953dce90-9886-4bb8-b9a1-99989fe4e346	7ee83429-bbc6-4e23-b5a8-5d7ea6a7cd18	bd3d6e2f-2858-423a-96a6-c27fc0813d9d
8180be35-047a-4ad7-b6c8-fd245d9466c7	7ee83429-bbc6-4e23-b5a8-5d7ea6a7cd18	0c72deca-73e7-4c10-87cc-fc8c07764b40
21129530-e19b-401f-89b1-80c14b4b7370	d1660c1e-3c4a-4552-986a-5da7ba5cac61	73d7e7b9-bf9a-4f7a-a7f1-9df44af76add
534a4774-a0c9-47c4-8762-eda336fe48c7	d1660c1e-3c4a-4552-986a-5da7ba5cac61	644d24ae-c702-4149-a55d-d0aad085e67b
40eccf5d-9cb6-4db5-b533-3027dee38903	0e2631aa-9dd7-4624-9383-13cf2c09b9cb	522fd1a8-a567-411d-b277-befc04dfd95a
6b5970b4-0a80-49b7-a487-69b37d757f79	0e2631aa-9dd7-4624-9383-13cf2c09b9cb	b135f72e-29db-4eb4-bd65-7a9de6d05924
98ff7801-220d-41b5-a319-f3df0405d56b	0e2631aa-9dd7-4624-9383-13cf2c09b9cb	ed202980-d877-4280-90b7-c5b02528ceeb
a9e8f3cf-f2bc-4cb8-ac2f-0efb44e9bfb0	0e2631aa-9dd7-4624-9383-13cf2c09b9cb	435a0c50-90cd-4bd0-a7dd-015b0c79d1af
8b86fa85-6034-49ea-925d-23925effacbe	0e2631aa-9dd7-4624-9383-13cf2c09b9cb	64262937-53c5-46a4-b75d-9f13de369b03
65715d94-5315-48df-a8e9-bb3d0514cf42	f64cb98c-6415-4140-aa7e-ee46cce77aae	e9e87a88-91cb-4525-9954-85ce022ba405
ce0dfef7-51db-4ff0-b078-aa539433ff72	f64cb98c-6415-4140-aa7e-ee46cce77aae	57c2d577-fbc5-4ac4-b4ca-0a8f9e7897fc
25bdc544-dcde-474b-a964-c644661521a5	f64cb98c-6415-4140-aa7e-ee46cce77aae	0e9cf79c-06f1-4528-a4c1-7d2fef0b9504
2a14d50a-4a75-475c-b5ed-0871d9af5755	f64cb98c-6415-4140-aa7e-ee46cce77aae	4d583aa6-16af-4218-8945-94dd3decbe77
cecb6024-4c8b-43f6-8a01-dc1f69bad9cc	f64cb98c-6415-4140-aa7e-ee46cce77aae	2ba1e827-d613-44bf-bef7-1ca14acbb354
66b7cdd1-cb28-4817-8b81-7ad757bf64eb	82355570-3bbc-497a-882e-246381063d3d	a79cc781-074c-48d5-aa2a-8af655b68fc2
785494de-a887-4149-87d6-b300173c5e2a	82355570-3bbc-497a-882e-246381063d3d	3a25a8e5-6f55-4d3b-952a-6c65c0c02837
6c464d5e-f4a1-4762-aebf-0866519f0424	82355570-3bbc-497a-882e-246381063d3d	f26821af-02fb-43e2-ad00-a7031fe1b3b7
699fe599-5766-40b4-9326-6756fefe79b5	82355570-3bbc-497a-882e-246381063d3d	daf41284-6d96-4546-8f73-221bd08803bd
de5c550c-bafb-4ca1-bb97-a8774054bc39	82355570-3bbc-497a-882e-246381063d3d	3792c33e-7f0c-4ccc-aec4-87b0ba460e3d
3c81df71-5ab8-420c-8a45-2e2da47f6d3f	664df8b1-ac3d-495c-8ada-26f548f97dbd	7e07e5d6-7d98-4c63-8aeb-42d010a3f76e
2e1ed48c-9b56-4448-9ecb-08de8c18197d	664df8b1-ac3d-495c-8ada-26f548f97dbd	00863497-68a6-4c32-8e54-ac7ece965461
08dba62b-373a-4a37-abc3-05bfccd24a93	664df8b1-ac3d-495c-8ada-26f548f97dbd	efe47378-2fd8-4bf5-819b-2df9851d10ca
8499b8ed-074b-48cd-9e17-5cbc04ea9443	664df8b1-ac3d-495c-8ada-26f548f97dbd	1eca2d7f-2313-48af-b045-d1d852e78a57
bfba78be-02c0-4df6-a3cd-9fc0efc2f3cf	664df8b1-ac3d-495c-8ada-26f548f97dbd	6bc16b1a-7e40-4a7e-b980-9087b25520bf
b9ea7135-5fd6-4a99-b1dd-4833134f981b	5cda05f2-ea6a-4d2b-a6ec-f329d3388f74	b5edb8cc-b752-4dce-ba3b-88da6d9027b9
df8843eb-73d9-466c-adb4-02b3ce4e3c37	5cda05f2-ea6a-4d2b-a6ec-f329d3388f74	ddb59668-3d86-49f4-80e9-d0ac103d85f3
313abe9d-8023-4704-abaf-fab8a04577bb	5cda05f2-ea6a-4d2b-a6ec-f329d3388f74	57276219-5156-4364-a519-c314f796aa4e
1c956598-b185-4aaf-b36d-b7f8ba87cb55	5cda05f2-ea6a-4d2b-a6ec-f329d3388f74	51753786-628f-4f62-ac2f-6d2c9bf6c47e
565ece47-ef0b-4137-8dae-1c81f518e08e	9a13a02d-7844-48d1-ba57-776a829bd9e2	8e2ef25d-c92b-48a5-bfa3-2cfd4c8190ef
762025db-3365-4dee-82da-f1433fea1162	9a13a02d-7844-48d1-ba57-776a829bd9e2	768e3141-02ab-4448-9a37-963220395878
b3b81969-877a-4ffc-be92-b75f98147a50	fd338972-c620-485f-bf26-1543b19aa08e	7dddcdc9-d1d1-4c75-bc1b-ca035d14d850
c2afaef8-146e-414d-aa94-df61d3dc1b86	fd338972-c620-485f-bf26-1543b19aa08e	1caff3fb-babb-4c1a-89de-09549e8e0f49
8df72b95-c0bd-4131-9e39-24b55ba72e42	fd338972-c620-485f-bf26-1543b19aa08e	fe712d47-4a1f-4d8d-ae56-fef369a8f889
9520891a-4e80-45cb-acb4-6dc21bdd4920	fd338972-c620-485f-bf26-1543b19aa08e	bf2a176e-454c-4218-ac1f-5e9e7166fea1
9fb97665-85b9-410f-b255-b7786111c888	fd338972-c620-485f-bf26-1543b19aa08e	df70ba0b-fe4c-4a03-a7d1-104c1de2530b
85ef05a9-f9a3-4365-81da-3c9d48a4fb7e	de321cfe-aeef-4628-8f2f-abb4b8eef0df	d9c50de4-0095-4e57-a8b0-8a3e1ec5fe2a
410d081f-02f3-49cb-8482-20cc505cfd6d	de321cfe-aeef-4628-8f2f-abb4b8eef0df	4c54c2d2-7c4f-4078-b620-eaaf1efc86e9
aba92173-7078-45a8-9089-17cbc1432a7b	de321cfe-aeef-4628-8f2f-abb4b8eef0df	50ddfcd4-746f-423c-9f2e-7e1c2aff4d63
1ee9717d-93f4-46be-a9ac-baa955e7b6ab	de321cfe-aeef-4628-8f2f-abb4b8eef0df	493f83e8-f0c1-4463-b70c-091ddfd7f00f
81a51e48-2c42-42cc-aae9-8c3b5b199c50	295cf2cb-965b-4591-a478-73ba9d15da7d	6534b58d-7c87-43dd-b1c1-68b99d517041
5309144b-b2e3-45c0-a070-6536ab24b79e	295cf2cb-965b-4591-a478-73ba9d15da7d	6a02ab08-4b70-4bd5-aa5a-b72212ebcb59
8acd92cd-2252-4cea-a5c7-43df805212e1	295cf2cb-965b-4591-a478-73ba9d15da7d	772002a5-ce93-41ce-8486-3a2e36ef4f2f
7230ed47-c92f-4814-930c-fba9c8fd6c61	295cf2cb-965b-4591-a478-73ba9d15da7d	85b3ba71-042d-4d4e-aaac-39068b7c4a36
2c072702-e40c-449d-b704-e9f11c628ffb	295cf2cb-965b-4591-a478-73ba9d15da7d	fb906c07-ecbd-4c74-a2df-6e5dfdc00454
3141ea9c-85fe-4a05-a318-d85c3a823908	7bf92201-9eda-4e75-8d5b-f5677c7e255a	2720c73b-8302-4279-b189-00bef3ac2f16
086132e7-26d0-4e4b-a3e8-129e8d7445c1	7bf92201-9eda-4e75-8d5b-f5677c7e255a	9177b4ad-e7d4-475b-a04c-8cf8cea47098
3e2acbc6-5c2e-43c4-95f6-7395742589ba	7bf92201-9eda-4e75-8d5b-f5677c7e255a	fb626617-9afc-4e8f-a968-00b1ac47365e
aa9357e7-11b4-411d-81ab-7e7a60de92d7	7bf92201-9eda-4e75-8d5b-f5677c7e255a	a5fe7090-32b9-4def-83c0-644dd7f4e565
e2b8ae7e-d578-4ab9-83e8-8531bef88a4d	7bf92201-9eda-4e75-8d5b-f5677c7e255a	af2376b8-b81a-4c79-b5c5-1eb9caf16c49
036f5470-8eef-4a93-b1e2-baabbe7a21b4	497d5a8a-109a-4597-a92f-1108187dfaba	3f05e517-f9c2-46ee-9d7a-140e0a6f8191
9c4a74fb-63b1-4161-8901-5ef10406a887	497d5a8a-109a-4597-a92f-1108187dfaba	9d8a9030-3370-4357-ba9e-301d2a56fcd9
8e23387a-18dc-45d4-81a2-338dc12e95d6	497d5a8a-109a-4597-a92f-1108187dfaba	c6284edb-46c3-442b-91df-791cfe2abf37
a0a05ed1-94a7-4ed2-8a3e-d99c33c26774	497d5a8a-109a-4597-a92f-1108187dfaba	1c10f232-bdfa-4330-9ac9-33c2a078bb5c
06382015-7705-44a8-9428-50040924c663	497d5a8a-109a-4597-a92f-1108187dfaba	ec47dd98-03fa-4783-8e91-1529f28aa666
f6e8e7a6-ce7a-4056-a396-4c808a3c89b6	25e5bb2b-9e20-4034-9554-ce98ca20299e	f6b84d07-1120-4471-9cf3-8b474150e2a5
a7fb6a11-92a7-4df2-ba12-60acc65d0037	25e5bb2b-9e20-4034-9554-ce98ca20299e	185daedd-adac-4f99-979a-9a739e1b5590
ae7ffa66-2666-4754-a957-822fc156383f	f74959db-05e6-4d80-a9c4-e4a566a5d7a1	f9e09498-f5e3-4bc6-bb26-0b0f05948bd5
1c7996ce-a638-460f-b4b3-a8b325676028	8a14466e-97aa-4ce1-8c06-06c8271f7be2	0e8391b1-83f4-4bed-b10c-6a95b9afdfd4
63e625b3-c8d9-4ca4-a3fa-eaaa03bd98a2	8a14466e-97aa-4ce1-8c06-06c8271f7be2	cdb45fb8-aba5-4503-bcce-92bff8cf2eb0
777e3c6a-065c-4d9f-b72c-5403dd92c0ce	8a14466e-97aa-4ce1-8c06-06c8271f7be2	866c9f24-ac55-41ee-9c1d-0c6d4cdec110
a8b2831f-8f9e-43f8-9e91-92f9efa9e3ef	8a14466e-97aa-4ce1-8c06-06c8271f7be2	ff20cca9-709d-4015-9675-bf2268498ee1
f50ce472-ce24-4d07-8024-313b48b707b4	8a14466e-97aa-4ce1-8c06-06c8271f7be2	48a5dbac-1220-4b60-babc-136d8d9630be
4b7708d2-261a-4c1b-83da-bdef7b0cb6ce	c491eeda-59d3-4130-aa0d-ab999849424f	9ed20389-7b44-4d88-ab13-a2f1f28f76fe
6639082a-1a78-4f0c-bb7a-d1bb6e08360f	c491eeda-59d3-4130-aa0d-ab999849424f	d2457a58-5cfd-4b4e-a210-61c5d60f4ca8
c19598cc-48d8-426d-8735-417075bd3f18	c491eeda-59d3-4130-aa0d-ab999849424f	5120b310-84d9-478c-bfc5-a842fd69bbbf
5cbe9f71-60c3-43e1-9507-0bac4326d4d1	c491eeda-59d3-4130-aa0d-ab999849424f	fd1412d6-419a-4b96-8616-1fcb6cb63e52
75805f11-0ae6-4bda-b574-4a8e38bc0a51	db6614e0-af20-4c1b-a76a-9565568670ad	a51b886a-aa8b-4548-9bb3-e634dec988b7
0a766c58-a1e8-473c-a2b0-d6df32be1829	db6614e0-af20-4c1b-a76a-9565568670ad	7c7c533f-0fdb-4c93-aa7f-1999738c9a4f
5a212d3c-a0bd-4eba-b58e-63f09cc449fc	db6614e0-af20-4c1b-a76a-9565568670ad	e0ad8dad-c2c1-462d-8306-b10f15d7eb2f
22ba9211-ba91-43dd-91a0-85bc00d8bb2e	db6614e0-af20-4c1b-a76a-9565568670ad	0eee321e-a308-4a5a-b17d-4853cc230eb9
fb187a63-c15f-4f0d-8b31-00def5ad5db0	db6614e0-af20-4c1b-a76a-9565568670ad	539994d1-0a1b-4432-ac52-e498cdb151ff
ff67c942-af6c-452d-901a-5dcf74a03a69	19f7eaba-2f2c-4489-9193-46c4f7dc1f91	067aacec-edeb-4d4d-8267-efe66b464f1f
c2ea20ab-7b8e-4f8a-b7e0-bda5992399d0	19f7eaba-2f2c-4489-9193-46c4f7dc1f91	89afef8a-1eb4-45df-97ca-24bf0b59af60
6b5e0866-ba8e-4136-a762-f956344f4f9c	19f7eaba-2f2c-4489-9193-46c4f7dc1f91	9804f065-ba62-4d51-ac7b-e0bd75e35d39
b3557f79-0ffb-460d-aea6-b6e8ef2ec3e2	19f7eaba-2f2c-4489-9193-46c4f7dc1f91	1f0c2696-57cd-467a-8ff0-209609e7cca9
514d601d-67fd-484e-b122-a9b8ed52a0f9	19f7eaba-2f2c-4489-9193-46c4f7dc1f91	4d5a7da9-ce73-4532-88d6-78e2b5f3223d
5be8209f-3484-48af-ad34-10f8e613ccd7	44faab37-3b7e-4621-9d10-95cfa0e1956c	e13c46b2-3a08-4ae1-9bf8-d023b5927d9a
15149b98-1d48-43c0-a495-7d2d381efd78	44faab37-3b7e-4621-9d10-95cfa0e1956c	c7144a9b-996c-482d-a070-89e443a1503a
47b965e2-bb21-481f-9272-03e9ebd4d0bf	44faab37-3b7e-4621-9d10-95cfa0e1956c	78374468-4c2e-45ef-a977-1fe86fd2876a
4d3bebfa-d16b-4713-92f0-1f6656261a43	44faab37-3b7e-4621-9d10-95cfa0e1956c	f084354e-0a1b-4649-a6fd-221e7ccd6c8b
946d02a1-ee70-42aa-9e35-637d6c5736b7	44faab37-3b7e-4621-9d10-95cfa0e1956c	3ab2d23c-22ad-465f-a164-d977592267aa
1f888cd0-0b03-45a3-a8ed-048cfc13a92f	ac50c5d2-1661-4220-9220-5666534e66f4	b12403e7-4413-489d-b74c-b74deb3d41b2
8ef3cb33-2e15-4e3f-a886-71310aba9b96	ac50c5d2-1661-4220-9220-5666534e66f4	ca41484f-e28a-4020-9f33-5c32556b1dea
ee48bbe3-7f2d-44dc-972b-d512b9295d58	ac50c5d2-1661-4220-9220-5666534e66f4	243a2c69-477a-4800-9f20-0659a2a9daa4
d4591ce6-3c06-4119-b7b6-9de4e29d9c33	6ebaf6a8-69fe-41c3-9b11-2520cf1e0947	cf051f02-7134-4e1d-9bf9-3209c4c64927
aa9e307e-5633-4e48-89ad-bf047a8c6715	6ebaf6a8-69fe-41c3-9b11-2520cf1e0947	30e429c0-9606-437c-90c3-e2ae50eb145f
ea6b46d7-6ef1-4e11-92d4-23eefe12c380	6ebaf6a8-69fe-41c3-9b11-2520cf1e0947	5a6288ee-8a0f-4e94-a725-e832f272e9e7
acd38894-6d59-479e-aa54-48417530d283	85df4322-21e0-46a4-8390-4b9e6b6bff6f	0c6640a0-6372-4a71-b1cb-5bd31370a2a3
55b3c612-f12c-4233-897c-9e8b41330853	85df4322-21e0-46a4-8390-4b9e6b6bff6f	39a855e9-19e2-4bc9-80af-a5163b316ba4
a6549df7-815c-433d-8c85-10f4df0e0477	85df4322-21e0-46a4-8390-4b9e6b6bff6f	b55f33f2-2ceb-4ffb-8e4e-7e2be15744bd
2cfd2932-cf6c-4f98-9249-0b0ee9d50e9b	394e4618-838c-4544-8c4a-8ee57e8de464	c4e1c830-714d-4eef-a287-56da2eb86ab8
12f0c7f3-19b4-42be-aea2-c8b0eca28e11	394e4618-838c-4544-8c4a-8ee57e8de464	fb64150b-2062-4671-ba05-d98164ee9da4
4ef49b15-ab31-4cde-891c-2f6bc1c40cd8	394e4618-838c-4544-8c4a-8ee57e8de464	433a25d3-c815-4df0-8b9f-54d49beeff2d
18167d7a-2c15-49e5-a06c-de9c2f05cc81	89612d33-ec7c-45bc-b6d0-751ab7f215b9	9e326fbd-b010-4991-a70d-a77b1df2d513
6c8ad26f-7b5b-45ae-926e-24649e7ca3f2	89612d33-ec7c-45bc-b6d0-751ab7f215b9	ba633a06-19cb-4509-862c-e8eac7124ab4
f3f0e2e8-094d-4eb7-9665-9fa98dbfc027	89612d33-ec7c-45bc-b6d0-751ab7f215b9	41202051-2c88-458a-b660-52cff1807313
f9f2fcef-2193-47dd-982f-9114c4711c7e	7b572026-5289-46c9-a3f2-2f2c5c062e40	4061c178-1f30-4eb0-9773-0678b7c4349e
8e0229d4-f673-4a08-9497-c7c83d4d95c3	7b572026-5289-46c9-a3f2-2f2c5c062e40	d5a4558e-2882-4e96-a28f-b47d0d665223
df45f472-ecab-4816-bf21-7ef629309e61	7b572026-5289-46c9-a3f2-2f2c5c062e40	f96ee09d-5927-42f7-a27b-110a7a6b272d
5bb36337-ebd5-46b4-b038-4980d58f1a94	d351c40e-4c62-4f58-9024-455c937776dd	ab6fba79-7ae2-4dd3-a46d-202d13db9b67
cf94cdc9-30f6-4200-ba88-3d619fc5ecd0	d351c40e-4c62-4f58-9024-455c937776dd	18513676-6497-46e9-8c11-492537fd9437
1fb95bcb-79b3-4914-a989-f2b6273fc314	d351c40e-4c62-4f58-9024-455c937776dd	f562a91e-c26c-49f3-b7ea-b7021783331e
4102b565-5667-441d-ac9b-c9a8f8c383f5	f1ec8937-813b-4643-bdb6-d7f3acfcdbdb	03b6bcb5-2157-425b-8366-25d19cf36231
bc133a6e-7119-4310-9e1f-823c4a388b85	f1ec8937-813b-4643-bdb6-d7f3acfcdbdb	8083c770-b5f8-41ee-8fcb-b798859e862d
1d7e46a5-0ead-4a07-a54d-bfe22a26df50	f1ec8937-813b-4643-bdb6-d7f3acfcdbdb	e97e0302-75f8-434a-8ab5-30fb3b1ed959
97386d68-40e7-4925-ad87-6a115c77e57d	3f43275f-2162-434f-80c0-65e318ccc329	2d6b3251-d271-4cbe-a6ca-86458cd81a99
f31a2638-5450-414a-8ab9-b4f91f6a0be2	3f43275f-2162-434f-80c0-65e318ccc329	dead0079-8812-4df6-a24f-b0f9365f3bd2
3002a99e-820c-40aa-9841-9bbbf8b72742	3f43275f-2162-434f-80c0-65e318ccc329	4d7c62e2-2e4d-44ba-b9e8-f38aa90326a9
86301abc-ad69-4557-bc95-10719090cec5	0a96f110-8379-43bc-9987-db71f6828ab6	6c6a91b6-bd0b-4238-ba9d-6a7ef670c22b
9b60ea18-138a-4aa2-9068-489172646555	0a96f110-8379-43bc-9987-db71f6828ab6	74e7fecc-79f6-479d-8399-7ad64ab339f1
b99fedfe-6c44-4523-b688-744097346e13	51f5a4cb-3d6c-45d2-81a3-ba728770f1f7	9f782ab5-9ca2-4c0a-897b-6e2bde6c2f8d
49f1f466-8983-4fef-8d2e-f0899b24fe6a	51f5a4cb-3d6c-45d2-81a3-ba728770f1f7	2cee9fa3-7e46-4f5d-971e-b7d88ff6d106
c22de5b3-ce58-44eb-81e9-98f556390040	0ccf438a-7313-4f5d-aa6d-0787d6f76eff	6c5ac036-dd01-4696-bc81-77b1c4e527cb
cf1c83b3-f3e3-47a7-90a3-4baf51b2448a	0ccf438a-7313-4f5d-aa6d-0787d6f76eff	3d4f6b8e-75bc-4f52-8874-5e4ef66fee93
5e5e6a7c-b045-4316-b255-5f6dc4313426	0ccf438a-7313-4f5d-aa6d-0787d6f76eff	5122bb51-3288-48e3-b89e-72da50399bee
645aa795-1228-43e7-9a73-b48983d4e3cf	0ccf438a-7313-4f5d-aa6d-0787d6f76eff	f4484229-e9a5-451e-a064-f9a8a4b4d7a0
540c2679-b278-4137-bb4f-3e7a6e2f0e02	085f6524-573d-47a1-bf84-d07b33294032	ffed3bd8-a0c4-4006-aae1-273cd37e1673
323114af-a32a-46d3-8211-fca79e4c139b	085f6524-573d-47a1-bf84-d07b33294032	46c5d807-4ef4-4cd8-9212-1e2a0ba5cd11
3c83eb16-9199-4b53-9075-02e1a3d5fd66	085f6524-573d-47a1-bf84-d07b33294032	f06395ad-ed8c-461c-add5-24735dc25e4d
e475df98-76dd-4886-8757-05818ee4e332	085f6524-573d-47a1-bf84-d07b33294032	4c08ee66-cb3a-40ff-9a5c-8f317b0c2d6c
4ffa6823-ba67-40ae-a2c6-29ee9553181a	10bba036-4133-4715-84cb-7eb3aabf508a	e41cfd34-c671-49f4-bebd-94928c601b0e
06523c87-39af-40a6-82be-689455ba0628	10bba036-4133-4715-84cb-7eb3aabf508a	929c2b36-ea71-4933-a3de-cc864271523d
32c9a0db-33d3-4594-a8c9-15acaa413895	10bba036-4133-4715-84cb-7eb3aabf508a	95a3c251-bf93-4f97-bcc8-e3a4fa46d9cd
16d4a93a-9d01-4816-9505-d4075d7ee190	10bba036-4133-4715-84cb-7eb3aabf508a	03d8b53d-0f42-47c8-ba07-08ce11796439
4db3a302-be30-4a21-9b2a-1fbd131790cb	10c98e7f-77c0-4cf7-837f-a0654ef922b3	8494576a-5ffe-47c5-afd4-16e9eaa330a4
e3889cfa-5897-4b27-bd1f-7e6068ddbf69	10c98e7f-77c0-4cf7-837f-a0654ef922b3	3593ff7e-a7a8-4189-941f-04589ca2cb8a
325dd5a2-d85c-4045-8f5c-2a76678162ae	10c98e7f-77c0-4cf7-837f-a0654ef922b3	8935cd10-7b6c-4288-9bd0-230704c63420
5d444eb4-2d08-4bb6-b0af-3f14749d30da	89c7fb1d-fa3e-45a9-863a-4b0c96234d67	3593ff7e-a7a8-4189-941f-04589ca2cb8a
3ece1bd3-f222-4eb4-82a9-e4230c1865bb	89c7fb1d-fa3e-45a9-863a-4b0c96234d67	8935cd10-7b6c-4288-9bd0-230704c63420
ca69e7f0-1697-4870-90c8-950840c57973	badf0c5d-6e96-4286-85b2-dad205744246	500cc9cd-49c0-4bea-bc07-f7831ff17ea4
8654e97f-3848-4ef1-a061-7b31959f33a0	badf0c5d-6e96-4286-85b2-dad205744246	0e033fe7-e722-4c0b-93b5-f0b5b073c5c8
2aa28d0e-13bd-4bef-93af-7eb8f8b78d55	badf0c5d-6e96-4286-85b2-dad205744246	4aad77fb-a28f-44a6-939c-2384e0dc7901
f858e9f5-a810-4d40-801b-a3eb9df8a132	badf0c5d-6e96-4286-85b2-dad205744246	01aca396-7ef8-4135-8bab-11f166942b15
990823dc-0099-47b5-8bff-53aa7c86f606	2886b13b-8b9b-461f-b9ca-e274f49179a0	d796085a-ff6c-4b8c-ab3c-a5514aee2998
dd452db2-1728-4e5f-8e70-82b5a1437467	2886b13b-8b9b-461f-b9ca-e274f49179a0	16196e69-25be-45d5-9667-6494ea959440
6fa5e148-c7e7-4f73-8cc8-0a9f7545e3b6	2886b13b-8b9b-461f-b9ca-e274f49179a0	eaeaa090-756b-4793-bba8-bc0b372c72a2
4ff67603-f565-45e0-8627-bc89bb6190be	2886b13b-8b9b-461f-b9ca-e274f49179a0	ac0e4e92-2435-4e48-84a2-7bd4daf8229a
9a7fe08b-8912-416a-93af-472fdfccca6a	37f10ead-eb55-440e-beaa-3c48d6ce6005	4fd95a80-2927-4f96-8b2d-06f5a55d6b7b
88d701c4-e9ae-4ab7-a159-7fc38081258b	37f10ead-eb55-440e-beaa-3c48d6ce6005	12d1a87b-8050-41ae-8101-e050624fc0f7
d1a47a35-353c-417e-b503-0ec2c9ab5762	37f10ead-eb55-440e-beaa-3c48d6ce6005	5db2bb81-ba7d-4a93-ba8d-72420b191a85
95fd67d0-297a-46a0-a887-f15dac43d4c6	81856da1-ea78-4fea-bfe9-1c3b8f5a55f5	d6d02d62-5f54-4700-8e60-3972abe113ed
38925d1c-f81d-4abe-8881-0c33c4a682fa	81856da1-ea78-4fea-bfe9-1c3b8f5a55f5	2728e81a-dae7-4571-bf6d-ba1769755909
154707b5-87ab-48d3-9245-a0a6cb7c578e	81856da1-ea78-4fea-bfe9-1c3b8f5a55f5	2a25c830-e8e6-4c01-a1fb-a80f5463673e
eac76d45-2725-458c-9eb0-660fb227ded0	81856da1-ea78-4fea-bfe9-1c3b8f5a55f5	13ff33bc-fb6f-4546-9a9b-733092205109
3acc1bf8-de7d-4754-8442-dbdd339044dd	75f798a4-5e02-4908-8490-bb588a97bb99	5ced3d66-9fa3-4c90-ae55-485844a83349
9421c9fe-be3f-4ec2-9887-5f96b2da6ec3	75f798a4-5e02-4908-8490-bb588a97bb99	6fe500a6-5e79-48b9-ad00-ec075174fd61
91eae584-723a-45bf-8953-d3c03e97787b	75f798a4-5e02-4908-8490-bb588a97bb99	052fdfa2-1512-4c5a-90b2-b1ace183bcf1
c258cdd9-53b8-404f-b513-7177bb88cd7c	75f798a4-5e02-4908-8490-bb588a97bb99	7fc4c466-9c8b-4265-8832-ec10f339bc12
abcc82fd-7a25-4f10-af97-06efa338eee7	0d3395d1-c4ab-4941-b993-732862028b6a	4dd9fbb8-346d-4899-82db-d6481904a147
c1896a41-0093-46be-a2d2-8ba10158ca04	0d3395d1-c4ab-4941-b993-732862028b6a	e886c54b-d337-4e41-b095-a9bb7c1e3f26
5eaac2bd-76ec-4e86-a33a-ed66d91ce9a3	0d3395d1-c4ab-4941-b993-732862028b6a	ab4cb565-07e1-4cb8-8e58-65e9a858cce9
0b6ed9b6-b7c1-4fb6-a7e7-c8358fad94dd	0d3395d1-c4ab-4941-b993-732862028b6a	4ae9d5cb-8240-41c4-86a5-ce3933a052e8
b566d6eb-810d-4674-a2cb-eabe494f37bf	c9483b29-1eed-4d4e-bc42-e5a988decee2	5186c74e-4760-4f6e-af3e-0bbbc1b6db9d
05dc97b7-e639-4248-bdb8-23029f58248c	c9483b29-1eed-4d4e-bc42-e5a988decee2	a0946d7f-9a40-4dbd-aa07-f835efd4c0c8
ed54d6c2-784c-4080-8994-6c40933e42c7	c9483b29-1eed-4d4e-bc42-e5a988decee2	dd3f5050-38e5-4d33-a5b5-9e72e027f19e
51f46bc6-e9fe-4b4b-af00-b34b25f29c6f	c9483b29-1eed-4d4e-bc42-e5a988decee2	61ed1c85-f8bb-4f1d-99fe-5f04ecfdb345
8c755814-9f8e-489e-a258-e753c7aac230	d938448b-a79c-4c94-9700-ca96845d71f7	f5a16a93-434a-405a-b9a6-5c885100dc44
0259bfcd-b76b-4666-a944-446fc1342b38	d938448b-a79c-4c94-9700-ca96845d71f7	3c64275d-6e72-4dc2-bc25-56baecbf0e98
5fa81d33-0ed3-4bf8-8774-2566bfdb2f26	d938448b-a79c-4c94-9700-ca96845d71f7	00f6d449-1678-434c-88d1-45e6e6ee5dd4
1eb0bd6b-ee97-4351-b075-cce6d3b8646b	d938448b-a79c-4c94-9700-ca96845d71f7	758d42d6-fb2e-4d7d-80f1-ad8a579b7958
233200c6-05f4-4089-9bb4-bb80c770bfac	970c56b8-3a98-44e5-a575-ffc3ac39850d	13768eef-c4a3-4dfd-82f1-331294624cf4
006c3373-0dc0-45ee-be87-a1509383e959	970c56b8-3a98-44e5-a575-ffc3ac39850d	db4dcba6-8a18-42de-b267-b1a2a32c36dc
730d09ee-c52c-4a5b-9e9c-e412756d3b0d	970c56b8-3a98-44e5-a575-ffc3ac39850d	91d345dd-3213-442b-b806-adfb4c1fe984
771b8a58-ecc7-410c-830b-32581c5cb07f	970c56b8-3a98-44e5-a575-ffc3ac39850d	3d632871-504b-4d6b-bd1d-ad253cd32b84
69c14c12-3dee-4cce-acda-f9babae317a1	e9ac4cc4-b7e2-47ac-b66f-b2a7700eb910	13610fe3-87b8-482d-824b-31ed99a4c395
4d371c61-058b-4b1b-8c73-a1ae3c7534b4	e9ac4cc4-b7e2-47ac-b66f-b2a7700eb910	a56e5f53-1f64-4c3e-b582-c5a8763409c3
2abd705f-d6cb-4986-919c-f5811b6a8ac0	2b83e650-f648-4b40-978b-fdbf515e31b5	60992d57-9c21-4075-b4bc-9ccc5a3b2899
55af7fdc-0cdd-4dc8-91cc-6d9be76371da	2b83e650-f648-4b40-978b-fdbf515e31b5	1248acb6-f82f-4ae4-81a8-d31375e7b457
4fd7eb3b-f4cb-4d88-8a3a-39c222d80326	2b83e650-f648-4b40-978b-fdbf515e31b5	9fb60f00-ef5f-426b-a28f-3b6e63e19d69
ccfa1486-48c1-4fd6-acc7-b0caf259b896	342e5cce-b124-4c10-a7f7-f24940b119e1	6ca2b918-5a22-4cf5-bf31-9eb483ed7822
f6cacaa8-175b-4ef0-a684-79ac4f407b66	342e5cce-b124-4c10-a7f7-f24940b119e1	49c2565f-c2f0-4234-874c-ea89856a2d8f
b4cdeef4-88a6-4961-824c-ce1b6c23cf73	342e5cce-b124-4c10-a7f7-f24940b119e1	af3a844a-7e92-4be8-a82c-3e5dce1d4c46
82af4a3a-8f90-4825-aa67-bd4ebc4f8e92	342e5cce-b124-4c10-a7f7-f24940b119e1	d455dffc-154b-486b-8dec-f94fbb372537
2d0b86ca-838e-4f0d-a1d7-c653ebae0b75	342e5cce-b124-4c10-a7f7-f24940b119e1	fa44a843-5ccc-40b8-af4f-ce1c5768581c
5dfd06ff-d34e-461d-96b1-66162e4d5907	fb7825da-e8ef-4193-b8ab-47bd3de0f2d3	f797ba2d-afdd-4b4a-9083-f23d5b618dcc
7923322c-86d5-4caa-bab8-67c623a8c32a	fb7825da-e8ef-4193-b8ab-47bd3de0f2d3	4faee738-0ec7-488f-bf3a-ddeb421915f1
0a213809-c87c-4970-94fe-b0f0b05bb477	fb7825da-e8ef-4193-b8ab-47bd3de0f2d3	9fe5063e-dc64-4080-8b78-9661fb866dd2
46966262-f993-4d6b-a35a-187e8919d999	fb7825da-e8ef-4193-b8ab-47bd3de0f2d3	f8fac98c-c1af-4862-90f8-668e73f3e024
35089b8c-d70b-4ff0-89a7-0f14f1d136ca	fb7825da-e8ef-4193-b8ab-47bd3de0f2d3	8f4de7ac-1f55-4d2e-af67-9c4532b6dbff
4ee37389-9558-4424-9616-a3760391c127	6495ef22-04f6-4dbf-984f-399e8f0cfe03	5ea2846f-17fc-4d8a-ab09-a38056e6763b
4e82508b-f478-4dbd-acc2-47f7fecc8eee	6495ef22-04f6-4dbf-984f-399e8f0cfe03	31516d53-ffcd-4acc-bb37-b1fe16ee3cd4
aae8aade-6249-43ff-9bdc-ea2c130a6f27	6495ef22-04f6-4dbf-984f-399e8f0cfe03	86336a57-97b8-4b01-81f4-711e50c74e85
b1a2f06f-ed25-4eda-bffb-4e09de82d856	6495ef22-04f6-4dbf-984f-399e8f0cfe03	287bdbf6-76bc-41fa-983b-a4ae81d68d3a
09e08306-51dc-4637-8f64-713e7f0f1c70	6495ef22-04f6-4dbf-984f-399e8f0cfe03	2054d4ee-0c4b-48ff-ba77-019a5015d1f6
1d12a7e4-6206-4b96-9847-dca9af07ab17	b836b98f-271d-4cb3-a255-e9b7b91b53a2	390310a5-30c8-4ae3-af04-29c89b822f06
f2737138-7cf9-4d1a-b16c-04677b554a55	b836b98f-271d-4cb3-a255-e9b7b91b53a2	81b07858-4294-45ef-86e8-4882cf1c4829
dc5c08d9-33ba-4ca4-9c23-c0416a9f5c48	b836b98f-271d-4cb3-a255-e9b7b91b53a2	70da5369-4957-483f-8471-622c9f998fba
b34ed1e1-045b-4594-a4b0-18a470c463b9	b836b98f-271d-4cb3-a255-e9b7b91b53a2	3e71bf8d-7a77-47ca-bbb9-f441588c3891
b15154c6-2ac8-48b1-b20f-efa2db97f828	b836b98f-271d-4cb3-a255-e9b7b91b53a2	6d718930-3d66-4c6c-bf6d-a28cc2bc346c
db56949d-c396-4ce2-ae28-38de582b50a3	7d7ae678-1343-4d26-8373-c17a209ff0bd	5b4d63a3-2ccd-4983-bd55-1b99993df063
ce847734-f79e-4294-a175-58cb87aed892	7d7ae678-1343-4d26-8373-c17a209ff0bd	39420ac9-0d91-4b92-b828-3360fe3d2232
173b7abc-cc02-4d77-81ed-ea2a516164ec	b0543d4a-c42a-4c25-ae9d-4086895f4d0b	50aae810-2de6-4d97-9d82-c494856b8e77
6d3947ec-7e3e-46d0-bb81-a8e375da1ea5	b0543d4a-c42a-4c25-ae9d-4086895f4d0b	ce504f19-86a1-47d9-a1de-250ec03e4f59
f4a19882-de61-48bf-bab1-92ca3f50595e	b0543d4a-c42a-4c25-ae9d-4086895f4d0b	1242eae3-bd45-42ce-abd4-fa35c4321826
7fe3ec77-b015-43cc-a77a-92c30df83984	b0543d4a-c42a-4c25-ae9d-4086895f4d0b	8a9c3be1-70d9-4908-b6fb-84fcc3572f30
917b11dc-c70e-4e8b-9f1d-0c74f2ac0959	990c9297-2541-4a87-a9a6-3abe187b473f	6b42195e-ed20-4913-893f-b9e0e6c58340
c295d1ad-cf08-46ae-a491-d160ed173e6d	990c9297-2541-4a87-a9a6-3abe187b473f	63431422-d456-4509-85db-9ef223759d61
6b969b14-90a2-42d9-8147-302cc8cece48	990c9297-2541-4a87-a9a6-3abe187b473f	86d3d582-56c0-44ac-99dd-5149f81618b3
c54714b5-61c0-4038-b62b-6e84091df476	990c9297-2541-4a87-a9a6-3abe187b473f	60c6e5d9-f2bb-465c-b174-7303f483deec
1f1d52eb-5c31-4a2c-a4fb-e01aa1ebb990	990c9297-2541-4a87-a9a6-3abe187b473f	c2fc69a9-abf9-4d04-a40c-415c1cff0376
1b899aa5-a065-4689-a840-a91241242145	ef465cfd-381a-4a12-a20b-fd1a351cefbc	91958a00-8e09-440a-b4c6-4d5eb17abae3
f7727b61-c8f1-4580-a7c2-a753003b0ead	ef465cfd-381a-4a12-a20b-fd1a351cefbc	139d9f3b-2c6e-4f1d-80b6-8fac082a6f0e
a3afc401-640f-4061-8bdd-1885c34b408b	ef465cfd-381a-4a12-a20b-fd1a351cefbc	5a802ef8-97e8-4274-b1dc-b57660ed988d
0f2b4d5c-c713-449b-af65-469a719e7917	ef465cfd-381a-4a12-a20b-fd1a351cefbc	f693e8b7-fd0f-4340-a80c-152a46aad044
677ff091-783f-40c6-9018-221b49e97e78	ef465cfd-381a-4a12-a20b-fd1a351cefbc	3abd20be-15ef-42d8-8ea6-3a9af7a6ece5
41b1cdfd-54a0-430d-be82-e2b128bec5eb	5e2f7417-5026-49ae-b2e6-cea0343fa538	236022f4-ad85-4010-85ac-d0fa3c20b4ff
f189fb11-9be1-424d-bad0-25e94ac83e71	5e2f7417-5026-49ae-b2e6-cea0343fa538	6f900d65-c780-4ba4-a166-d36486ff4165
241ff6c9-e1aa-4f81-b2aa-cc736f8b7e24	5e2f7417-5026-49ae-b2e6-cea0343fa538	80e4a875-2f39-458d-8079-71ccfcccf09d
d5c841dd-f9af-4307-8dff-e07dd4e3213a	5e2f7417-5026-49ae-b2e6-cea0343fa538	17814123-6cc9-438c-990d-cce9a12d413f
817a9a7b-fe8a-4c54-8d29-647da1538e7a	5e2f7417-5026-49ae-b2e6-cea0343fa538	cfa6db29-58f0-43da-9f81-eac74d1decb9
549a0694-3048-4bd7-ab17-5cb2c31b1f2f	049f7522-0660-41d7-8a23-c3fc34a0afd7	ee14dc6d-c09a-45c0-a02e-e1ef068b851a
8c42815e-e902-4f6a-b443-6f4b14622021	049f7522-0660-41d7-8a23-c3fc34a0afd7	b27b83ce-83a6-4396-b6b6-fb5483e26ab5
f7794ee1-cc8a-421a-92fd-2ea46ff3fa4e	049f7522-0660-41d7-8a23-c3fc34a0afd7	33d3922d-0229-4180-b158-f86d6191c8af
26fa9c51-af5a-448f-8a41-58265ea8ae02	049f7522-0660-41d7-8a23-c3fc34a0afd7	c7712c6e-9550-406d-b9e0-828f1229b83e
5563fc97-839f-47d5-a71c-c976c7fe91e8	049f7522-0660-41d7-8a23-c3fc34a0afd7	82fe39b0-40e8-48a7-b3f9-c1562657d4e0
62cf0fff-68d4-4c45-ba11-d8c4837d8dd7	40c95838-2057-4583-bbfb-4638936e56a6	51596326-98f9-451d-b05d-809d57a99eb2
a2f1e731-430d-4aa8-8035-4ec0db0f8008	40c95838-2057-4583-bbfb-4638936e56a6	46991b13-45ec-4720-8467-deb0618a6845
eba9d261-583b-490c-b3ec-ac8c2c78058d	2c524cb8-8ceb-4389-9b3e-2bd9849f9321	c76b99af-a7ef-4a27-953d-97ed7437d405
c752df7f-e893-46d3-a97a-70d9bfe18419	2c524cb8-8ceb-4389-9b3e-2bd9849f9321	1f54fcc2-a971-4230-8fea-903465bf5f97
0dfc28f4-0684-40af-a9f2-83008ead44cc	2c524cb8-8ceb-4389-9b3e-2bd9849f9321	e6ffe8d7-c81f-4150-aeb4-b0c72393e114
df7b7a2e-5756-427c-874c-4fc42694da04	2c524cb8-8ceb-4389-9b3e-2bd9849f9321	b5c9f8d2-b062-4550-abdd-a4705c0d83d9
43cf9e07-1f36-453c-93d4-ae38797432a9	7b36aaff-5ad2-45ac-a97b-de55588c0c48	2aea7458-4bc6-421a-952d-45c7bbdfe03c
dd032111-957a-4312-878f-6965a0d52714	7b36aaff-5ad2-45ac-a97b-de55588c0c48	17ba9981-e86a-45b2-a126-5328f66d692c
59806ac3-c0d7-47c7-b749-d029f895203b	7b36aaff-5ad2-45ac-a97b-de55588c0c48	15c63a58-4ea4-4706-8151-726b3d081e24
2dee8855-aaa9-493b-ae34-4f7f830906c0	7b36aaff-5ad2-45ac-a97b-de55588c0c48	fc4084ec-376f-456b-9607-c580b0402a68
19b13f1a-9dd1-41f1-afbe-74f9036c7cac	0ba3c67e-d04b-487b-b82f-0f666bef80e3	3cc9d841-55ab-4b40-aece-29d6fbc5dd84
40291b99-70d5-41d1-9d1e-68544d488072	0ba3c67e-d04b-487b-b82f-0f666bef80e3	b1eefec8-4be9-41d7-ae94-5151df9282b8
b08c371d-3776-4818-af17-8500160388ac	0ba3c67e-d04b-487b-b82f-0f666bef80e3	cbf79614-3cc4-4969-9331-0b2edc70e55b
4d320372-a677-4ade-b16d-9ddaaad7dc9f	0ba3c67e-d04b-487b-b82f-0f666bef80e3	dfbb948c-6172-457d-bb30-d57d1378b048
89d35019-2c92-4921-aa49-f14afcfdbe0d	2f6db2de-0619-4128-a88d-e07fb01c856d	34ed207a-dcd3-49e6-ad3f-7e3fc67024c3
c6a165ab-68ca-4f96-b452-88960a1b2e94	2f6db2de-0619-4128-a88d-e07fb01c856d	a17825d6-a21d-4b6f-9c2f-121320db5c37
6d15756c-bffe-4578-9384-daeaede2b1e4	2f6db2de-0619-4128-a88d-e07fb01c856d	cc7c0039-1da2-435a-aedb-ee4692c8fbe8
d5b77893-8231-4ecb-aa70-21c2cb3b7a03	2f6db2de-0619-4128-a88d-e07fb01c856d	0df1ca84-09c1-4916-b10c-16bafced4dfa
dfad2901-9e45-416b-a64c-65b279795227	1228c941-d144-41b2-8ff1-ab8d832c7cdc	d6c9bd09-ca47-42ca-ba5e-c98bad63c0c9
3313eea7-126e-4a99-bc49-413ace77a0d9	1228c941-d144-41b2-8ff1-ab8d832c7cdc	13b8b25a-3f99-479e-85d1-849f99a1ab7b
a07f6bc4-e42d-4b56-ac2b-118e032533d6	1228c941-d144-41b2-8ff1-ab8d832c7cdc	a70f14eb-6d4d-4a3b-a8f3-8d22fc9dc649
3303ed83-891a-42b7-94de-87aa64d8ec6f	1228c941-d144-41b2-8ff1-ab8d832c7cdc	7d038cd4-37c8-4b48-844b-ea6e2e59dd36
461f7ae3-c5b8-4022-8ec1-f06485512b0f	1228c941-d144-41b2-8ff1-ab8d832c7cdc	23f7d712-2faf-484b-be22-806630d17f61
e1e528be-c3c3-4ab6-b81a-606259a28916	56efc939-5010-415f-8b31-e89bda8875aa	8ed307a9-9643-412f-9398-3ca1b525de80
5cb1f9b2-cd1c-41d5-a227-f56c53096915	56efc939-5010-415f-8b31-e89bda8875aa	e66e3a5e-10ea-475f-820f-5181ad05c905
c5893bbf-1ec0-433a-9a14-ce34045a9930	56efc939-5010-415f-8b31-e89bda8875aa	b73b2669-d0e7-45b6-b2a8-4fc6691fd0a3
901e705d-fa75-41c7-ba63-82b2e91e63fe	95fed209-7a3a-40e5-8dd7-9337d36cd122	a660a8db-4b68-478b-8a44-943ebebb9dc4
76e9483a-4b58-41fe-b567-85a27d842b56	95fed209-7a3a-40e5-8dd7-9337d36cd122	399211b0-0c0a-4cb2-b911-cf47f84281f9
568108ab-e2d1-4361-85b8-fa8d29d053f1	95fed209-7a3a-40e5-8dd7-9337d36cd122	7c1258ce-8ba8-4651-924f-6971af5cb446
88fd398b-e9bd-4116-9ed0-629c5fcc943a	95fed209-7a3a-40e5-8dd7-9337d36cd122	b55f6b74-c026-45b1-a2e8-f0f502859d5a
50752a26-5a1a-490d-8ffc-f1fda5199426	ce2c8f9b-e8b4-40ca-a0bb-780889f84106	01b65a2d-561d-4f9b-bcb2-dd5987bd31f7
178ffe8c-c1df-4946-9567-4a5183f6bac1	ce2c8f9b-e8b4-40ca-a0bb-780889f84106	a4784b9f-82d7-4f24-97da-ec02dae7bf60
f9869e48-edef-4840-9073-17648a211789	ce2c8f9b-e8b4-40ca-a0bb-780889f84106	9f5686b1-fef7-49db-b4de-2ccead4ca37d
6b61cb90-6229-4862-9489-45a0a223942d	ce2c8f9b-e8b4-40ca-a0bb-780889f84106	9dffb673-9ad9-4644-baa1-649c17e3fb3b
aa4b4ac7-5b3c-496e-bd57-2d7f431aa67e	08e16713-62f3-4495-9a3d-5d2949ebd717	298a6e47-7800-4435-98f3-ad3f4ff75c83
384259ae-0207-4c9e-9c47-592c59958370	08e16713-62f3-4495-9a3d-5d2949ebd717	967fd1e7-9f78-4bcd-a921-7eed4a2ca4fa
683f1934-1d9f-455e-87ff-1eb1582374d0	08e16713-62f3-4495-9a3d-5d2949ebd717	673ea4b3-632b-47c0-8aec-b9561b7e1b70
92e9c27e-3281-4bbb-a757-9e830a6f4ead	08e16713-62f3-4495-9a3d-5d2949ebd717	2eb241c5-a099-4df4-8bbc-cad53c442ae6
fad35cbd-d0f2-430b-9d59-1b9e8b6b96af	47fc8ce1-4059-4469-be9c-96dee7961f33	7cffa8df-063b-4684-b444-1e2e655da8d7
d870aebe-1a92-459a-8e09-39274d27aa7e	47fc8ce1-4059-4469-be9c-96dee7961f33	337d8abb-a3b9-4684-9189-50a75fb0da4d
4dd830f1-77bc-41cc-863d-6c121d57c43f	47fc8ce1-4059-4469-be9c-96dee7961f33	5cd4e093-e424-413b-b6ec-eb54ebd910eb
3954e0bb-1c1c-4af2-ad2f-397876986b70	47fc8ce1-4059-4469-be9c-96dee7961f33	6b3b1f65-e705-4a95-aa26-edd09063c7eb
2e309567-2601-41fe-81bf-e4cc8cdeb045	35bd34d5-186f-4111-b2aa-a8567a2af6f0	71ec67a3-de5c-4a23-b552-91dab9a0e8e4
e06178ef-a9f8-4ff9-b06d-a2a3af1ae0e0	35bd34d5-186f-4111-b2aa-a8567a2af6f0	aab4c2e3-606d-4464-be26-88ce0c20d093
430bb589-2480-4b0d-a026-c52a5c6243a4	35bd34d5-186f-4111-b2aa-a8567a2af6f0	7994d9f9-ea02-4970-8236-2d2f74136ccb
8c5dd789-305d-49eb-86f2-95f1af1f2a19	35bd34d5-186f-4111-b2aa-a8567a2af6f0	4802dcd9-1b85-4c5a-93d4-e3ca7a379e83
e6cd5a47-f114-4340-a8a2-4bee53905dcd	063d69ac-b550-4119-b79b-8c59c128bc85	dabf9c56-6eb1-419e-96e9-8be7e938bbc0
93623445-3e37-419b-98e7-4f27404eadb9	063d69ac-b550-4119-b79b-8c59c128bc85	c05d847c-c8ea-475a-a8da-a94e009c4678
\.


--
-- Data for Name: movie; Type: TABLE DATA; Schema: public; Owner: -
--

COPY public.movie (id, title, release_date, stardate) FROM stdin;
a0c67ab4-67c9-447a-9ca9-1da231282f6f	Star Trek: The Motion Picture	1979-12-07	7410.2
83b8be6b-3419-4466-b6a9-32ac1d8f98d6	Star Trek II: The Wrath of Khan	1982-06-04	8130.3
b2052c4a-97e5-4c19-951f-590290e708c1	Star Trek III: The Search for Spock	1984-06-01	8210.3
8572390d-13c1-4f62-993f-b8f502db165c	Star Trek V: The Final Frontier	1989-06-09	8454.1
26597b0c-c9dc-4901-93f4-a078fac7a4bd	Star Trek VI: The Undiscovered Country	1991-12-06	9521.6
3aab858a-6e86-42fa-b05e-862ff17fff59	Star Trek: Generations	1994-11-18	48632.4
71452f39-c2c3-4e44-9bcb-194f5062a14c	Star Trek: First Contact	1996-11-22	50893.5
8103e04a-db1c-421d-bd9c-1a49d8ef8f19	Star Trek: Nemesis	2002-12-13	56844.9
a86384e6-420a-488d-a6bf-4fd70cd3c4df	Star Trek	2009-05-08	2258.42
aca48b16-31ad-4ec5-8ad1-d0ddcbf433d4	Star Trek Into Darkness	2013-05-16	2259.55
8b7303fc-c244-43af-8271-789dde6b37dd	Star Trek IV: The Voyage Home	1986-11-26	8390.0
cad4e76a-4443-4b2d-bdf1-5fbe37365269	Star Trek Beyond	2016-07-22	2263.02
43584f2f-efbf-422b-ae68-3acaa0eea64d	Star Trek: Insurrection	1998-12-11	\N
\.


--
-- PostgreSQL database dump complete
--

