PRAGMA foreign_keys=on;

INSERT INTO series (series_id, title, begin, end) VALUES
(1, 'Star Trek: The Original Series', '1966-09-08', '1969-06-03'),
(2, 'Star Trek: The Animated Series', '1973-09-08', '1974-10-12'),
(3, 'Star Trek: The Next Generation', '1987-09-28', '1994-05-23'),
(4, 'Star Trek: Deep Space Nine', '1993-01-03', '1999-06-02'),
(5, 'Star Trek: Voyager', '1995-01-16', '2001-05-23'),
(6, 'Star Trek: Enterprise', '2001-09-26', '2005-05-13'),
(7, 'Star Trek Continues', '2013-05-26', '2017-11-13'),
(8, 'Star Trek: Discovery', '2017-09-24', '2024-05-30'),
(9, 'Star Trek: Short Treks', '2018-10-04', '2020-01-09'),
(10, 'Star Trek: Picard', '2020-01-23', '2023-04-20'),
(11, 'Star Trek: Lower Decks', '2020-08-06', '2024-12-19'),
(12, 'Star Trek: Prodigy', '2021-10-28', '2024-07-01'),
(13, 'Star Trek: very Short Treks', '2023-09-08', '2023-10-04'),
(14, 'Star Trek: Strange New Worlds', '2022-05-05', null);

INSERT INTO movie (movie_id, title, release_date, stardate) VALUES
(1, 'Star Trek: The Motion Picture', '1979-12-07', 7410.2),
(2, 'Star Trek II: The Wrath of Khan', '1982-06-04', 8130.3),
(3, 'Star Trek III: The Search for Spock', '1984-06-01', 8210.3),
(4, 'Star Trek IV: The Voyage Home', '1986-11-26', 8390.0),
(5, 'Star Trek V: The Final Frontier', '1989-06-09', 8454.1),
(6, 'Star Trek VI: The Undiscovered Country', '1991-12-06', 9521.6),
(7, 'Star Trek Generations', '1994-11-18', 48632.4),
(8, 'Star Trek: First Contact', '1996-11-22', 50893.5),
(9, 'Star Trek: Insurrection', '1998-12-11', null),
(10, 'Star Trek Nemesis', '2002-12-13', 56844.9),
(11, 'Star Trek', '2009-05-08', 2258.42),
(12, 'Star Trek Into Darkness', '2013-05-16', 2259.55),
(13, 'Star Trek Beyond', '2016-07-22', 2263.02),
(14, 'Star Trek: Section 31', '2025-01-24', 1292.4);

-- TOS
INSERT INTO episode (episode_id, series_id, title, airdate,
                     remastered_airdate, season, episode_number,
                     production_code, stardate) VALUES
(1, 1, 'The Man Trap', '1966-09-08', '2007-09-29', 1, 5, '6149-06', 1513.1),
(2, 1, 'Charlie X', '1966-09-15', '2007-07-14', 1, 7, '6149-08', 1533.6),
(3, 1, 'Where No Man Has Gone Before', '1966-09-22', '2007-01-20', 1, 1, '6149-02', 1312.4),
(4, 1, 'The Naked Time', '1966-09-29', '2006-09-30', 1, 6, '6149-07', 1704.2),
(5, 1, 'The Enemy Within', '1966-10-06', '2008-01-26', 1, 4, '6149-05', 1672.1),
(6, 1, 'Mudd’s Women', '1966-10-13', '2008-04-26', 1, 3, '6149-04', 1329.1),
(7, 1, 'What Are Little Girls Made Of?', '1966-10-20', '2007-10-06', 1, 9, '6149-10', 2712.4),
(8, 1, 'Miri', '1966-10-27', '2006-09-16', 1, 11, '6149-12', 2713.5),
(9, 1, 'Dagger of the Mind', '1966-11-03', '2007-10-13', 1, 10, '6149-11', 2715.1),
(10, 1, 'The Corbomite Maneuver', '1966-11-10', '2006-12-09', 1, 2, '6149-03', 1512.2),
(11, 1, 'The Menagerie, Part I', '1966-11-17', '2006-11-25', 1, 15, '6149-16A', 3012.4),
(12, 1, 'The Menagerie, Part II', '1966-11-24', '2006-12-02', 1, 16, '6149-16B', 3013.1),
(13, 1, 'The Conscience of the King', '1966-12-08', '2007-09-22', 1, 12, '6149-13', 2817.6),
(14, 1, 'Balance of Terror', '1966-12-15', '2006-09-16', 1, 8, '6149-09', 1709.2),
(15, 1, 'Shore Leave', '1966-12-29', '2007-05-26', 1, 17, '6149-17', 2025.3),
(16, 1, 'The Galileo Seven', '1967-01-05', '2007-09-15', 1, 13, '6149-14', 2821.5),
(17, 1, 'The Squire of Gothos', '1967-01-12', '2007-07-21', 1, 18, '6149-18', 2124.5),
(18, 1, 'Arena', '1967-01-19', '2006-10-21', 1, 19, '6149-19', 3045.6),
(19, 1, 'Tomorrow Is Yesterday', '1967-01-26', '2007-05-05', 1, 21, '6149-21', 3113.2),
(20, 1, 'Court Martial', '1967-02-02', '2008-05-10', 1, 14, '6149-15', 2947.3),
(21, 1, 'The Return of the Archons', '1967-02-09', '2007-12-08', 1, 22, '6149-22', 3156.2),
(22, 1, 'Space Seed', '1967-02-16', '2006-11-18', 1, 24, '6149-24', 3141.9),
(23, 1, 'A Taste of Armageddon', '1967-02-23', '2007-12-15', 1, 23, '6149-23', 3192.1),
(24, 1, 'This Side of Paradise', '1967-03-02', '2007-07-28', 1, 25, '6149-25', 3417.3),
(25, 1, 'The Devil in the Dark', '1967-03-09', '2006-09-23', 1, 26, '6149-26', 3196.1),
(26, 1, 'Errand of Mercy', '1967-03-23', '2007-05-12', 1, 27, '6149-27', 3198.4),
(27, 1, 'The Alternative Factor', '1967-03-30', '2007-12-01', 1, 20, '6149-20', 3087.6),
(28, 1, 'The City on the Edge of Forever', '1967-04-06', '2006-10-07', 1, 28, '6149-28', null),
(29, 1, 'Operation ‐‐ Annihilate!', '1967-04-13', '2008-02-23', 1, 29, '6149-29', 3287.2),
(30, 1, 'Amok Time', '1967-09-15', '2007-02-17', 2, 5, '60334', 3372.7),
(31, 1, 'Who Mourns for Adonais?', '1967-09-22', '2008-01-12', 2, 4, '60333', 3468.1),
(32, 1, 'The Changeling', '1967-09-29', '2008-02-02', 2, 8, '60337', 3541.9),
(33, 1, 'Mirror, Mirror', '1967-10-06', '2006-11-11', 2, 10, '60339', null),
(34, 1, 'The Apple', '1967-10-13', '2008-03-01', 2, 9, '60338', 3715.3),
(35, 1, 'The Doomsday Machine', '1967-10-20', '2007-02-10', 2, 6, '60335', null),
(36, 1, 'Catspaw', '1967-10-27', '2006-10-28', 2, 1, '60330', 3018.2),
(37, 1, 'I, Mudd', '1967-11-03', '2006-10-14', 2, 12, '60341', 4513.3),
(38, 1, 'Metamorphosis', '1967-11-10', '2007-11-03', 2, 2, '60331', null),
(39, 1, 'Journey to Babel', '1967-11-17', '2007-02-03', 2, 15, '60344', 3842.3),
(40, 1, 'Friday’s Child', '1967-12-01', '2007-01-06', 2, 3, '60332', 3497.2),
(41, 1, 'The Deadly Years', '1967-12-08', '2007-11-10', 2, 11, '60340', 3478.2),
(42, 1, 'Obsession', '1967-12-15', '2008-04-12', 2, 18, '60347', 3619.2),
(43, 1, 'Wolf in the Fold', '1967-12-22', '2007-03-10', 2, 7, '60336', 3614.9),
(44, 1, 'The Trouble with Tribbles', '1967-12-29', '2006-11-04', 2, 13, '60342', 4523.3),
(45, 1, 'The Gamesters of Triskelion', '1968-01-05', '2007-10-20', 2, 17, '60346', 3211.7),
(46, 1, 'A Piece of the Action', '1968-01-12', '2007-04-28', 2, 20, '60349', null),
(47, 1, 'The Immunity Syndrome', '1968-01-19', '2007-04-07', 2, 19, '60348', 4307.1),
(48, 1, 'A Private Little War', '1968-02-02', '2008-05-17', 2, 16, '60345', 4211.4),
(49, 1, 'Return to Tomorrow', '1968-02-09', '2007-07-07', 2, 22, '60351', 4768.3),
(50, 1, 'Patterns of Force', '1968-02-16', '2007-05-19', 2, 23, '60352', null),
(51, 1, 'By Any Other Name', '1968-02-23', '2008-03-08', 2, 21, '60350', 4657.5),
(52, 1, 'The Omega Glory', '1968-03-01', '2007-06-30', 2, 25, '60354', null),
(53, 1, 'The Ultimate Computer', '1968-03-08', '2008-02-09', 2, 24, '60353', 4729.4),
(54, 1, 'Bread and Circuses', '1968-03-15', '2007-06-02', 2, 14, '60343', 4040.7),
(55, 1, 'Assignment: Earth', '1968-03-29', '2008-05-03', 2, 26, '60355', null),
(56, 1, 'Spock’s Brain', '1968-09-20', '2007-06-09', 3, 6, '60032-61', 5431.4),
(57, 1, 'The Enterprise Incident', '1968-09-27', '2008-04-05', 3, 4, '60032-59', 5027.3),
(58, 1, 'The Paradise Syndrome', '1968-10-04', '2007-02-24', 3, 3, '60032-58', 4842.6),
(59, 1, 'And the Children Shall Lead', '1968-10-11', '2007-04-14', 3, 5, '60032-60', 5029.5),
(60, 1, 'Is There in Truth No Beauty?', '1968-10-18', '2008-03-22', 3, 7, '60032-62', 5630.7),
(61, 1, 'Spectre of the Gun', '1968-10-25', '2008-07-19', 3, 1, '60032-56', 4385.3),
(62, 1, 'Day of the Dove', '1968-11-01', '2008-01-05', 3, 11, '60032-66', null),
(63, 1, 'For the World Is Hollow and I Have Touched the Sky', '1968-11-08', '2007-01-27', 3, 10, '60032-65', 5476.3),
(64, 1, 'The Tholian Web', '1968-11-15', '2007-03-31', 3, 9, '60032-64', 5693.2),
(65, 1, 'Plato’s Stepchildren', '1968-11-22', '2007-06-16', 3, 12, '60032-67', 5784.2),
(66, 1, 'Wink of an Eye', '1968-11-29', '2007-01-13', 3, 13, '60032-68', 5710.5),
(67, 1, 'The Empath', '1968-12-06', '2008-07-26', 3, 8, '60032-63', 5121.5),
(68, 1, 'Elaan of Troyius', '1968-12-20', '2008-03-29', 3, 2, '60032-57', 4372.5),
(69, 1, 'Whom Gods Destroy', '1969-01-03', '2008-05-24', 3, 16, '60032-71', 5718.3),
(70, 1, 'Let That Be Your Last Battlefield', '1969-01-10', '2008-01-19', 3, 15, '60032-70', 5730.2),
(71, 1, 'The Mark of Gideon', '1969-01-17', '2008-05-31', 3, 17, '60032-72', 5423.4),
(72, 1, 'That Which Survives', '1969-01-24', '2008-03-15', 3, 14, '60032-69', null),
(73, 1, 'The Lights of Zetar', '1969-01-31', '2008-06-07', 3, 18, '60032-73', 5725.3),
(74, 1, 'Requiem for Methuselah', '1969-02-14', '2008-06-21', 3, 21, '60032-76', 5843.7),
(75, 1, 'The Way to Eden', '1969-02-21', '2008-06-14', 3, 20, '60032-75', 5832.3),
(76, 1, 'The Cloud Minders', '1969-02-28', '2008-07-12', 3, 19, '60032-74', 5818.4),
(77, 1, 'The Savage Curtain', '1969-03-07', '2008-06-28', 3, 22, '60032-77', 5906.4),
(78, 1, 'All Our Yesterdays', '1969-03-14', '2007-04-21', 3, 23, '60032-78', 5943.7),
(79, 1, 'Turnabout Intruder', '1969-06-03', '2008-08-02', 3, 24, '60032-79', 5928.5),
(80, 1, 'The Cage (extended)', '1988-10-04', null, null, null, '6149-01', null),
(81, 1, 'The Cage', null, '2009-05-02', null, null, '6149-01', null),
(82, 1, 'Where No Man Has Gone Before (pilot cut)', null, null, null, null, '6149-02', 1312.4);

-- TAS
INSERT INTO episode (episode_id, series_id, title, airdate, season,
                     episode_number, production_code, stardate) VALUES
(83, 2, 'Beyond the Farthest Star', '1973-09-08', 1, 1, '22004', 5221.3),
(84, 2, 'Yesteryear', '1973-09-15', 1, 2, '22003', 5373.4),
(85, 2, 'One of Our Planets Is Missing', '1973-09-22', 1, 3, '22007', 5371.3),
(86, 2, 'The Lorelei Signal', '1973-09-29', 1, 4, '22006', 5483.7),
(87, 2, 'More Tribbles, More Troubles', '1973-10-06', 1, 5, '22001', 5392.4),
(88, 2, 'The Survivor', '1973-10-13', 1, 6, '22005', 5143.3),
(89, 2, 'The Infinite Vulcan', '1973-10-20', 1, 7, '22002', 5554.4),
(90, 2, 'The Magicks of Megas‐Tu', '1973-10-27', 1, 8, '22009', 1254.4),
(91, 2, 'Once Upon a Planet', '1973-11-03', 1, 9, '22017', 5591.2),
(92, 2, 'Mudd’s Passion', '1973-11-10', 1, 10, '22008', 4978.5),
(93, 2, 'The Terratin Incident', '1973-11-17', 1, 11, '22015', 5577.3),
(94, 2, 'The Time Trap', '1973-11-24', 1, 12, '22010', 5267.2),
(95, 2, 'The Ambergris Element', '1973-12-01', 1, 13, '22013', 5499.9),
(96, 2, 'The Slaver Weapon', '1973-12-15', 1, 14, '22011', 4187.3),
(97, 2, 'The Eye of the Beholder', '1974-01-05', 1, 15, '22016', 5501.2),
(98, 2, 'The Jihad', '1974-01-12', 1, 16, '22014', 5683.1),
(99, 2, 'The Pirates of Orion', '1974-09-07', 2, 1, '22020', 6334.1),
(100, 2, 'Bem', '1974-09-14', 2, 2, '22018', 7403.6),
(101, 2, 'The Practical Joker', '1974-09-21', 2, 3, '22021', 3183.3),
(102, 2, 'Albatross', '1974-09-28', 2, 4, '22019', 5275.6),
(103, 2, 'How Sharper Than a Serpent’s Tooth', '1974-10-05', 2, 5, '22022', 6063.4),
(104, 2, 'The Counter‐Clock Incident', '1974-10-12', 2, 6, '22023', 6770.1);

-- TNG
INSERT INTO episode (episode_id, series_id, title, airdate, season,
                     episode_number, production_code, stardate) VALUES
(105, 3, 'Encounter at Farpoint', '1987-09-28', 1, 1, '721', 41153.7),
(106, 3, 'The Naked Now', '1987-10-05', 1, 3, '40271-103', 41209.2),
(107, 3, 'Code of Honor', '1987-10-12', 1, 4, '40271-104', 41235.25),
(108, 3, 'The Last Outpost', '1987-10-19', 1, 5, '40271-107', 41386.4),
(109, 3, 'Where No One Has Gone Before', '1987-10-26', 1, 6, '40271-106', 41263.1),
(110, 3, 'Lonely Among Us', '1987-11-02', 1, 7, '40271-108', 41249.3),
(111, 3, 'Justice', '1987-11-09', 1, 8, '40271-109', 41255.6),
(112, 3, 'The Battle', '1987-11-16', 1, 9, '40271-110', 41723.9),
(113, 3, 'Hide and Q', '1987-11-23', 1, 10, '40271-111', 41590.5),
(114, 3, 'Haven', '1987-11-30', 1, 11, '40271-105', 41294.5),
(115, 3, 'The Big Goodbye', '1988-01-11', 1, 12, '40271-113', 41997.7),
(116, 3, 'Datalore', '1988-01-18', 1, 13, '40271-114', 41242.4),
(117, 3, 'Angel One', '1988-01-25', 1, 14, '40271-115', 41636.9),
(118, 3, '11001001', '1988-02-01', 1, 15, '40271-116', 41365.9),
(119, 3, 'Too Short a Season', '1988-02-08', 1, 16, '40271-112', 41309.5),
(120, 3, 'When the Bough Breaks', '1988-02-15', 1, 17, '40271-118', 41509.1),
(121, 3, 'Home Soil', '1988-02-22', 1, 18, '40271-117', 41463.9),
(122, 3, 'Coming of Age', '1988-03-14', 1, 19, '40271-119', 41461.2),
(123, 3, 'Heart of Glory', '1988-03-21', 1, 20, '40271-120', 41503.7),
(124, 3, 'The Arsenal of Freedom', '1988-04-11', 1, 21, '40271-121', 41798.2),
(125, 3, 'Symbiosis', '1988-04-18', 1, 22, '40271-123', null),
(126, 3, 'Skin of Evil', '1988-04-25', 1, 23, '40271-122', 41601.3),
(127, 3, 'We’ll Always Have Paris', '1988-05-02', 1, 24, '40271-124', 41697.3),
(128, 3, 'Conspiracy', '1988-05-09', 1, 25, '40271-125', 41775.5),
(129, 3, 'The Neutral Zone', '1988-05-16', 1, 26, '40271-126', 41986.0),
(130, 3, 'The Child', '1988-11-21', 2, 1, '40272-127', 42073.1),
(131, 3, 'Where Silence Has Lease', '1988-11-28', 2, 2, '40272-128', 42193.6),
(132, 3, 'Elementary, Dear Data', '1988-12-05', 2, 3, '40272-129', 42286.3),
(133, 3, 'The Outrageous Okona', '1988-12-12', 2, 4, '40272-130', 42402.7),
(134, 3, 'Loud as a Whisper', '1989-01-09', 2, 5, '40272-132', 42477.2),
(135, 3, 'The Schizoid Man', '1989-01-23', 2, 6, '40272-131', 42437.5),
(136, 3, 'Unnatural Selection', '1989-01-30', 2, 7, '40272-133', 42494.8),
(137, 3, 'A Matter of Honor', '1989-02-06', 2, 8, '40272-134', 42506.5),
(138, 3, 'The Measure of a Man', '1989-02-13', 2, 9, '40272-135', 42523.7),
(139, 3, 'The Dauphin', '1989-02-20', 2, 10, '40272-136', 42568.8),
(140, 3, 'Contagion', '1989-03-20', 2, 11, '40272-137', 42609.1),
(141, 3, 'The Royale', '1989-03-27', 2, 12, '40272-138', 42625.4),
(142, 3, 'Time Squared', '1989-04-03', 2, 13, '40272-139', 42679.2),
(143, 3, 'The Icarus Factor', '1989-04-24', 2, 14, '40272-140', 42686.4),
(144, 3, 'Pen Pals', '1989-05-01', 2, 15, '40272-141', 42695.3),
(145, 3, 'Q Who', '1989-05-08', 2, 16, '40272-142', 42761.3),
(146, 3, 'Samaritan Snare', '1989-05-15', 2, 17, '40272-143', 42779.1),
(147, 3, 'Up the Long Ladder', '1989-05-22', 2, 18, '40272-144', 42823.2),
(148, 3, 'Manhunt', '1989-06-19', 2, 19, '40272-145', 42859.2),
(149, 3, 'The Emissary', '1989-06-26', 2, 20, '40272-146', 42901.3),
(150, 3, 'Peak Performance', '1989-07-10', 2, 21, '40272-147', 42923.4),
(151, 3, 'Shades of Gray', '1989-07-17', 2, 22, '40272-148', 42976.1),
(152, 3, 'Evolution', '1989-09-25', 3, 1, '40273-150', 43125.8),
(153, 3, 'The Ensigns of Command', '1989-10-02', 3, 2, '40273-149', 43133.3),
(154, 3, 'The Survivors', '1989-10-09', 3, 3, '40273-151', 43152.4),
(155, 3, 'Who Watches the Watchers', '1989-10-16', 3, 4, '40273-152', 43173.5),
(156, 3, 'The Bonding', '1989-10-23', 3, 5, '40273-153', 43198.7),
(157, 3, 'Booby Trap', '1989-10-30', 3, 6, '40273-154', 43205.6),
(158, 3, 'The Enemy', '1989-11-06', 3, 7, '40273-155', 43349.2),
(159, 3, 'The Price', '1989-11-13', 3, 8, '40273-156', 43385.6),
(160, 3, 'The Vengeance Factor', '1989-11-20', 3, 9, '40273-157', 43421.9),
(161, 3, 'The Defector', '1990-01-01', 3, 10, '40273-158', 43462.5),
(162, 3, 'The Hunted', '1990-01-08', 3, 11, '40273-159', 43489.2),
(163, 3, 'The High Ground', '1990-01-29', 3, 12, '40273-160', 43510.7),
(164, 3, 'Deja Q', '1990-02-05', 3, 13, '40273-161', 43539.1),
(165, 3, 'A Matter of Perspective', '1990-02-12', 3, 14, '40273-162', 43610.4),
(166, 3, 'Yesterday’s Enterprise', '1990-02-19', 3, 15, '40273-163', 43625.2),
(167, 3, 'The Offspring', '1990-03-12', 3, 16, '40273-164', 43657.0),
(168, 3, 'Sins of the Father', '1990-03-19', 3, 17, '40273-165', 43685.2),
(169, 3, 'Allegiance', '1990-03-26', 3, 18, '40273-166', 43714.1),
(170, 3, 'Captain’s Holiday', '1990-04-02', 3, 19, '40273-167', 43745.2),
(171, 3, 'Tin Man', '1990-04-23', 3, 20, '40273-168', 43779.3),
(172, 3, 'Hollow Pursuits', '1990-04-30', 3, 21, '40273-169', 43807.4),
(173, 3, 'The Most Toys', '1990-05-07', 3, 22, '40273-170', 43872.2),
(174, 3, 'Sarek', '1990-05-14', 3, 23, '40273-171', 43917.4),
(175, 3, 'Ménage à Troi', '1990-05-28', 3, 24, '40273-172', 43930.7),
(176, 3, 'Transfigurations', '1990-06-04', 3, 25, '40273-173', 43957.5),
(177, 3, 'The Best of Both Worlds', '1990-06-18', 3, 26, '40273-174', 43989.1),
(178, 3, 'The Best of Both Worlds, Part II', '1990-09-24', 4, 1, '40274-175', 44001.4),
(179, 3, 'Family', '1990-10-01', 4, 2, '40274-178', 44012.3),
(180, 3, 'Brothers', '1990-10-08', 4, 3, '40274-177', 44085.7),
(181, 3, 'Suddenly Human', '1990-10-15', 4, 4, '40274-176', 44143.7),
(182, 3, 'Remember Me', '1990-10-22', 4, 5, '40274-179', 44161.2),
(183, 3, 'Legacy', '1990-10-29', 4, 6, '40274-180', 44215.2),
(184, 3, 'Reunion', '1990-11-05', 4, 7, '40274-181', 44246.3),
(185, 3, 'Future Imperfect', '1990-11-12', 4, 8, '40274-182', 44286.5),
(186, 3, 'Final Mission', '1990-11-19', 4, 9, '40274-183', 44307.3),
(187, 3, 'The Loss', '1990-12-31', 4, 10, '40274-184', 44356.9),
(188, 3, 'Data’s Day', '1991-01-07', 4, 11, '40274-185', 44390.1),
(189, 3, 'The Wounded', '1991-01-28', 4, 12, '40274-186', 44429.6),
(190, 3, 'Devil’s Due', '1991-02-04', 4, 13, '40274-187', 44474.5),
(191, 3, 'Clues', '1991-02-11', 4, 14, '40274-188', 44502.7),
(192, 3, 'First Contact', '1991-02-18', 4, 15, '40274-189', null),
(193, 3, 'Galaxy’s Child', '1991-03-11', 4, 16, '40274-190', 44614.6),
(194, 3, 'Night Terrors', '1991-03-18', 4, 17, '40274-191', 44631.2),
(195, 3, 'Identity Crisis', '1991-03-25', 4, 18, '40274-192', 44664.5),
(196, 3, 'The Nth Degree', '1991-04-01', 4, 19, '40274-193', 44704.2),
(197, 3, 'Qpid', '1991-04-22', 4, 20, '40274-194', 44741.9),
(198, 3, 'The Drumhead', '1991-04-29', 4, 21, '40274-195', 44769.2),
(199, 3, 'Half a Life', '1991-05-06', 4, 22, '40274-196', 44805.3),
(200, 3, 'The Host', '1991-05-13', 4, 23, '40274-197', 44821.3),
(201, 3, 'The Mind’s Eye', '1991-05-27', 4, 24, '40274-198', 44885.5),
(202, 3, 'In Theory', '1991-06-03', 4, 25, '40274-199', 44932.3),
(203, 3, 'Redemption', '1991-06-17', 4, 26, '40274-200', 44995.3),
(204, 3, 'Redemption II', '1991-09-23', 5, 1, '40275-201', 45020.4),
(205, 3, 'Darmok', '1991-09-30', 5, 2, '40275-202', 45047.2),
(206, 3, 'Ensign Ro', '1991-10-07', 5, 3, '40275-203', 45076.3),
(207, 3, 'Silicon Avatar', '1991-10-14', 5, 4, '40275-204', 45122.3),
(208, 3, 'Disaster', '1991-10-21', 5, 5, '40275-205', 45156.1),
(209, 3, 'The Game', '1991-10-28', 5, 6, '40275-206', 45208.2),
(210, 3, 'Unification I', '1991-11-04', 5, 7, '40275-208', 45236.4),
(211, 3, 'Unification II', '1991-11-11', 5, 8, '40275-207', 45245.8),
(212, 3, 'A Matter of Time', '1991-11-18', 5, 9, '40275-209', 45349.1),
(213, 3, 'New Ground', '1992-01-06', 5, 10, '40275-210', 45376.3),
(214, 3, 'Hero Worship', '1992-01-27', 5, 11, '40275-211', 45397.3),
(215, 3, 'Violations', '1992-02-03', 5, 12, '40275-212', 45429.3),
(216, 3, 'The Masterpiece Society', '1992-02-10', 5, 13, '40275-213', 45470.1),
(217, 3, 'Conundrum', '1992-02-17', 5, 14, '40275-214', 45494.2),
(218, 3, 'Power Play', '1992-02-24', 5, 15, '40275-215', 45571.2),
(219, 3, 'Ethics', '1992-03-02', 5, 16, '40275-216', 45587.3),
(220, 3, 'The Outcast', '1992-03-16', 5, 17, '40275-217', 45614.6),
(221, 3, 'Cause and Effect', '1992-03-23', 5, 18, '40275-218', 45652.1),
(222, 3, 'The First Duty', '1992-03-30', 5, 19, '40275-219', 45703.9),
(223, 3, 'Cost of Living', '1992-04-20', 5, 20, '40275-220', 45733.6),
(224, 3, 'The Perfect Mate', '1992-04-27', 5, 21, '40275-221', 45761.3),
(225, 3, 'Imaginary Friend', '1992-05-04', 5, 22, '40275-222', 45832.1),
(226, 3, 'I Borg', '1992-05-11', 5, 23, '40275-223', 45854.2),
(227, 3, 'The Next Phase', '1992-05-18', 5, 24, '40275-224', 45892.4),
(228, 3, 'The Inner Light', '1992-06-01', 5, 25, '40275-225', 45944.1),
(229, 3, 'Time’s Arrow', '1992-06-15', 5, 26, '40275-226', 45959.1),
(230, 3, 'Time’s Arrow, Part II', '1992-09-21', 6, 1, '40276-227', 46001.3),
(231, 3, 'Realm of Fear', '1992-09-28', 6, 2, '40276-228', 46041.1),
(232, 3, 'Man of the People', '1992-10-05', 6, 3, '40276-229', 46071.6),
(233, 3, 'Relics', '1992-10-12', 6, 4, '40276-230', 46125.3),
(234, 3, 'Schisms', '1992-10-19', 6, 5, '40276-231', 46154.2),
(235, 3, 'True Q', '1992-10-26', 6, 6, '40276-232', 46192.3),
(236, 3, 'Rascals', '1992-11-02', 6, 7, '40276-233', 46235.7),
(237, 3, 'A Fistful of Datas', '1992-11-09', 6, 8, '40276-234', 46271.5),
(238, 3, 'The Quality of Life', '1992-11-16', 6, 9, '40276-235', 46307.2),
(239, 3, 'Chain of Command, Part I', '1992-12-14', 6, 10, '40276-236', 46357.4),
(240, 3, 'Chain of Command, Part II', '1992-12-21', 6, 11, '40276-237', 46360.8),
(241, 3, 'Ship in a Bottle', '1993-01-25', 6, 12, '40276-238', 46424.1),
(242, 3, 'Aquiel', '1993-02-01', 6, 13, '40276-239', 46461.3),
(243, 3, 'Face of the Enemy', '1993-02-08', 6, 14, '40276-240', 46519.0),
(244, 3, 'Tapestry', '1993-02-15', 6, 15, '40276-241', null),
(245, 3, 'Birthright, Part I', '1993-02-22', 6, 16, '40276-242', 46578.4),
(246, 3, 'Birthright, Part II', '1993-03-01', 6, 17, '40276-243', 46579.2),
(247, 3, 'Starship Mine', '1993-03-29', 6, 18, '40276-244', 46682.4),
(248, 3, 'Lessons', '1993-04-05', 6, 19, '40276-245', 46693.1),
(249, 3, 'The Chase', '1993-04-26', 6, 20, '40276-246', 46731.5),
(250, 3, 'Frame of Mind', '1993-05-03', 6, 21, '40276-247', 46778.1),
(251, 3, 'Suspicions', '1993-05-10', 6, 22, '40276-248', 46830.1),
(252, 3, 'Rightful Heir', '1993-05-17', 6, 23, '40276-249', 46852.2),
(253, 3, 'Second Chances', '1993-05-24', 6, 24, '40276-250', 46915.2),
(254, 3, 'Timescape', '1993-06-14', 6, 25, '40276-251', 46944.2),
(255, 3, 'Descent', '1993-06-21', 6, 26, '40276-252', 46982.1),
(256, 3, 'Descent, Part II', '1993-09-20', 7, 1, '40277-253', 47025.4),
(257, 3, 'Liasions', '1993-09-27', 7, 2, '40277-254', null),
(258, 3, 'Interface', '1993-10-04', 7, 3, '40277-255', 47215.5),
(259, 3, 'Gambit, Part I', '1993-10-11', 7, 4, '40277-256', 47135.2),
(260, 3, 'Gambit, Part II', '1993-10-18', 7, 5, '40277-257', 47160.1),
(261, 3, 'Phantasms', '1993-10-25', 7, 6, '40277-258', 47225.7),
(262, 3, 'Dark Page', '1993-11-01', 7, 7, '40277-259', 47254.1),
(263, 3, 'Attached', '1993-11-08', 7, 8, '40277-260', 47304.2),
(264, 3, 'Force of Nature', '1993-11-15', 7, 9, '40277-261', 47310.2),
(265, 3, 'Inheritance', '1993-11-22', 7, 10, '40277-262', 47410.2),
(266, 3, 'Parallels', '1993-11-29', 7, 11, '40277-263', 47391.2),
(267, 3, 'The Pegasus', '1994-01-10', 7, 12, '40277-264', 47457.1),
(268, 3, 'Homeward', '1994-01-17', 7, 13, '40277-265', 47423.9),
(269, 3, 'Sub Rosa', '1994-01-31', 7, 14, '40277-266', null),
(270, 3, 'Lower Decks', '1994-02-07', 7, 15, '40277-267', 47566.7),
(271, 3, 'Thine Own Self', '1994-02-14', 7, 16, '40277-268', 47611.2),
(272, 3, 'Masks', '1994-02-21', 7, 17, '40277-269', 47615.2),
(273, 3, 'Eye of the Beholder', '1994-02-28', 7, 18, '40277-270', 47622.1),
(274, 3, 'Genesis', '1994-03-21', 7, 19, '40277-271', 47653.2),
(275, 3, 'Journey’s End', '1994-03-28', 7, 20, '40277-272', 47751.2),
(276, 3, 'Firstborn', '1994-04-25', 7, 21, '40277-273', 47779.4),
(277, 3, 'Bloodlines', '1994-05-02', 7, 22, '40277-274', 47829.1),
(278, 3, 'Emergence', '1994-05-09', 7, 23, '40277-275', 47869.2),
(279, 3, 'Preemptive Strike', '1994-05-16', 7, 24, '40277-276', 47941.7),
(280, 3, 'All Good Things…', '1994-05-23', 7, 25, '40277-747', 47988.0);

-- DS9
INSERT INTO episode (episode_id, series_id, title, airdate, season,
                     episode_number, production_code, stardate) VALUES
(281, 4, 'Emissary', '1993-01-03', 1, 1, '40511-721', 46379.1),
(282, 4, 'Past Prologue', '1993-01-10', 1, 3, '40511-404', null),
(283, 4, 'A Man Alone', '1993-01-17', 1, 4, '40511-403', 46421.5),
(284, 4, 'Babel', '1993-01-24', 1, 5, '40511-405', 46423.7),
(285, 4, 'Captive Pursuit', '1993-01-31', 1, 6, '40511-406', 46477.5),
(286, 4, 'Q‐Less', '1993-02-07', 1, 7, '40511-407', 46531.2),
(287, 4, 'Dax', '1993-02-14', 1, 8, '40511-408', 46910.1),
(288, 4, 'The Passenger', '1993-02-21', 1, 9, '40511-409', null),
(289, 4, 'Move Along Home', '1993-03-14', 1, 10, '40511-410', null),
(290, 4, 'The Nagus', '1993-03-21', 1, 11, '40511-411', null),
(291, 4, 'Vortex', '1993-04-18', 1, 12, '40511-412', null),
(292, 4, 'Battle Lines', '1993-04-25', 1, 13, '40511-413', null),
(293, 4, 'The Storyteller', '1993-05-02', 1, 14, '40511-414', 46729.1),
(294, 4, 'Progress', '1993-05-09', 1, 15, '40511-415', 46844.3),
(295, 4, 'If Wishes Were Horses', '1993-05-16', 1, 16, '40511-416', 46853.2),
(296, 4, 'The Forsaken', '1993-05-23', 1, 17, '40511-417', 46925.1),
(297, 4, 'Dramatis Personae', '1993-05-30', 1, 18, '40511-418', 46922.3),
(298, 4, 'Duet', '1993-06-13', 1, 19, '40511-419', null),
(299, 4, 'In the Hands of the Prophets', '1993-06-20', 1, 20, '40511-420', null),
(300, 4, 'The Homecoming', '1993-09-26', 2, 1, '40512-421', null),
(301, 4, 'The Circle', '1993-10-03', 2, 2, '40512-422', null),
(302, 4, 'The Siege', '1993-10-10', 2, 3, '40512-423', null),
(303, 4, 'Invasive Procedures', '1993-10-17', 2, 4, '40512-424', 47182.1),
(304, 4, 'Cardassians', '1993-10-24', 2, 5, '40512-425', 47177.2),
(305, 4, 'Melora', '1993-10-31', 2, 6, '40512-426', 47229.1),
(306, 4, 'Rules of Acquisition', '1993-11-07', 2, 7, '40512-427', null),
(307, 4, 'Necessary Evil', '1993-11-14', 2, 8, '40512-428', 47282.5),
(308, 4, 'Second Sight', '1993-11-21', 2, 9, '40512-429', 47329.4),
(309, 4, 'Sanctuary', '1993-11-28', 2, 10, '40512-430', 47391.2),
(310, 4, 'Rivals', '1994-01-02', 2, 11, '40512-431', null),
(311, 4, 'The Alternate', '1994-01-09', 2, 12, '40512-432', 47391.7),
(312, 4, 'Armageddon Game', '1994-01-30', 2, 13, '40512-433', null),
(313, 4, 'Whispers', '1994-02-06', 2, 14, '40512-434', 47581.2),
(314, 4, 'Paradise', '1994-02-13', 2, 15, '40512-435', 47573.1),
(315, 4, 'Shadowplay', '1994-02-20', 2, 16, '40512-436', 47603.3),
(316, 4, 'Playing God', '1994-02-27', 2, 17, '40512-437', null),
(317, 4, 'Profit and Loss', '1994-03-20', 2, 18, '40512-438', null),
(318, 4, 'Blood Oath', '1994-03-27', 2, 19, '40512-439', null),
(319, 4, 'The Maquis, Part I', '1994-04-24', 2, 20, '40512-440', null),
(320, 4, 'The Maquis, Part II', '1994-05-01', 2, 21, '40512-441', null),
(321, 4, 'The Wire', '1994-05-08', 2, 22, '40512-442', null),
(322, 4, 'Crossover', '1994-05-15', 2, 23, '40512-443', null),
(323, 4, 'The Collaborator', '1994-05-22', 2, 24, '40512-444', null),
(324, 4, 'Tribunal', '1994-06-05', 2, 25, '40512-445', 47944.2),
(325, 4, 'The Jem’Hadar', '1994-06-12', 2, 26, '40512-446', null),
(326, 4, 'The Search, Part I', '1994-09-26', 3, 1, '40512-447', 48213.1),
(327, 4, 'The Search, Part II', '1994-10-03', 3, 2, '40512-447', 48217.7),
(328, 4, 'The House of Quark', '1994-10-10', 3, 3, '40513-449', 48224.2),
(329, 4, 'Equilibrium', '1994-10-17', 3, 4, '40513-450', null),
(330, 4, 'Second Skin', '1994-10-24', 3, 5, '40513-451', 48244.5),
(331, 4, 'The Abandoned', '1994-10-31', 3, 6, '40513-452', 48301.1),
(332, 4, 'Civil Defense', '1994-11-07', 3, 7, '40513-453', 48388.8),
(333, 4, 'Meridian', '1994-11-14', 3, 8, '40513-454', 48423.2),
(334, 4, 'Defiant', '1994-11-21', 3, 9, '40513-455', 48467.3),
(335, 4, 'Fascination', '1994-11-28', 3, 10, '40513-456', null),
(336, 4, 'Past Tense, Part I', '1995-01-02', 3, 11, '40513-457', 48481.2),
(337, 4, 'Past Tense, Part II', '1995-01-09', 3, 12, '40513-458', 48481.2),
(338, 4, 'Life Support', '1995-01-30', 3, 13, '40513-459', 48498.4),
(339, 4, 'Heart of Stone', '1995-02-06', 3, 14, '40513-460', 48521.5),
(340, 4, 'Destiny', '1995-02-13', 3, 15, '40513-461', 48543.2),
(341, 4, 'Prophet Motive', '1995-02-20', 3, 16, '40513-462', null),
(342, 4, 'Visionary', '1995-02-27', 3, 17, '40513-463', 48576.7),
(343, 4, 'Distant Voices', '1995-04-10', 3, 18, '40513-464', 48592.2),
(344, 4, 'Through the Looking Glass', '1995-04-17', 3, 19, '40513-466', null),
(345, 4, 'Improbable Cause', '1995-04-24', 3, 20, '40513-465', null),
(346, 4, 'The Die Is Cast', '1995-05-01', 3, 21, '40513-467', null),
(347, 4, 'Explorers', '1995-05-08', 3, 22, '40513-468', null),
(348, 4, 'Family Business', '1995-05-15', 3, 23, '40513-469', null),
(349, 4, 'Shakaar', '1995-05-22', 3, 24, '40513-470', null),
(350, 4, 'Facets', '1995-06-12', 3, 25, '40513-471', 48876.3),
(351, 4, 'The Adversary', '1995-06-19', 3, 26, '40513-472', 48959.1),
(352, 4, 'The Way of the Warrior', '1995-10-02', 4, 1, '40514-473', 49011.4),
(353, 4, 'The Visitor', '1995-10-09', 4, 3, '40510-476', 49034.7),
(354, 4, 'Hippocratic Oath', '1995-10-16', 4, 4, '40510-475', 49066.5),
(355, 4, 'Indiscretion', '1995-10-23', 4, 5, '40510-477', null),
(356, 4, 'Rejoined', '1995-10-30', 4, 6, '40510-478', 49195.5),
(357, 4, 'Starship Down', '1995-11-06', 4, 7, '40510-480', 49263.5),
(358, 4, 'Little Green Men', '1995-11-13', 4, 8, '40510-479', null),
(359, 4, 'The Sword of Kahless', '1995-11-20', 4, 9, '40510-481', 49289.1),
(360, 4, 'Our Man Bashir', '1995-11-27', 4, 10, '40510-482', 49300.7),
(361, 4, 'Homefront', '1996-01-01', 4, 11, '40510-483', 49170.7),
(362, 4, 'Paradise Lost', '1996-01-08', 4, 12, '40510-484', null),
(363, 4, 'Crossfire', '1996-01-29', 4, 13, '40510-485', null),
(364, 4, 'Return to Grace', '1996-02-05', 4, 14, '40510-486', null),
(365, 4, 'Sons of Mogh', '1996-02-12', 4, 15, '40510-487', 49556.2),
(366, 4, 'Bar Association', '1996-02-19', 4, 16, '40510-488', null),
(367, 4, 'Accession', '1996-02-26', 4, 17, '40510-489', null),
(368, 4, 'Rules of Engagement', '1996-04-08', 4, 18, '40510-490', 49665.3),
(369, 4, 'Hard Time', '1996-04-15', 4, 19, '40510-491', null),
(370, 4, 'Shattered Mirror', '1996-04-22', 4, 20, '40510-492', null),
(371, 4, 'The Muse', '1996-04-29', 4, 21, '40510-493', null),
(372, 4, 'For the Cause', '1996-05-06', 4, 22, '40510-494', null),
(373, 4, 'To the Death', '1996-05-13', 4, 23, '40510-496', 49904.2),
(374, 4, 'The Quickening', '1996-05-20', 4, 24, '40510-495', null),
(375, 4, 'Body Parts', '1996-06-10', 4, 25, '40510-497', 49930.3),
(376, 4, 'Broken Link', '1996-06-17', 4, 26, '40510-498', 49962.4),
(377, 4, 'Apocalypse Rising', '1996-09-30', 5, 1, '40510-499', null),
(378, 4, 'The Ship', '1996-10-07', 5, 2, '40510-500', 50049.3),
(379, 4, 'Looking for par’Mach in All the Wrong Places', '1996-10-14', 5, 3, '40510-501', 50061.2),
(380, 4, 'Nor the Battle to the Strong', '1996-10-21', 5, 4, '40510-502', null),
(381, 4, 'The Assignment', '1996-10-28', 5, 5, '40510-504', null),
(382, 4, 'Trials and Tribble‐ations', '1996-11-04', 5, 6, '40510-503', 4523.7),
(383, 4, 'Let He Who Is Without Sin…', '1996-11-11', 5, 7, '40510-505', null),
(384, 4, 'Things Past', '1996-11-18', 5, 8, '40510-506', null),
(385, 4, 'The Ascent', '1996-11-25', 5, 9, '40510-507', null),
(386, 4, 'Rapture', '1996-12-30', 5, 10, '40510-508', null),
(387, 4, 'The Darkness and the Light', '1997-01-06', 5, 11, '40510-509', 50416.2),
(388, 4, 'The Begotten', '1997-01-27', 5, 12, '40510-510', null),
(389, 4, 'For the Uniform', '1997-02-03', 5, 13, '40510-511', 50485.2),
(390, 4, 'In Purgatory’s Shadow', '1997-02-10', 5, 14, '40510-512', null),
(391, 4, 'By Inferno’s Light', '1997-02-17', 5, 15, '40510-513', 50564.2),
(392, 4, 'Doctor Bashir, I Presume', '1997-02-24', 5, 16, '40510-514', null),
(393, 4, 'A Simple Investigation', '1997-03-31', 5, 17, '40510-515', null),
(394, 4, 'Business as Usual', '1997-04-07', 5, 18, '40510-516', null),
(395, 4, 'Ties of Blood and Water', '1997-04-14', 5, 19, '40510-517', 50712.5),
(396, 4, 'Ferengi Love Songs', '1997-04-21', 5, 20, '40510-518', null),
(397, 4, 'Soldiers of the Empire', '1997-04-28', 5, 21, '40510-519', null),
(398, 4, 'Children of Time', '1997-05-05', 5, 22, '40510-520', 50814.2),
(399, 4, 'Blaze of Glory', '1997-05-12', 5, 23, '40510-521', null),
(400, 4, 'Empok Nor', '1997-05-19', 5, 24, '40510-522', 50901.7),
(401, 4, 'In the Cards', '1997-06-09', 5, 25, '40510-523', 50929.4),
(402, 4, 'Call to Arms', '1997-06-16', 5, 26, '40510-524', 50975.2),
(403, 4, 'A Time to Stand', '1997-09-29', 6, 1, '40510-525', null),
(404, 4, 'Rocks and Shoals', '1997-10-06', 6, 2, '40510-527', 51096.2),
(405, 4, 'Sons and Daughters', '1997-10-13', 6, 3, '40510-526', null),
(406, 4, 'Behind the Lines', '1997-10-20', 6, 4, '40510-528', 51145.3),
(407, 4, 'Favor the Bold', '1997-10-27', 6, 5, '40510-529', null),
(408, 4, 'Sacrifice of Angels', '1997-11-03', 6, 6, '40510-530', null),
(409, 4, 'You Are Cordially Invited', '1997-11-10', 6, 7, '40510-531', 51247.5),
(410, 4, 'Resurrection', '1997-11-17', 6, 8, '40510-532', null),
(411, 4, 'Statistical Probabilities', '1997-11-24', 6, 9, '40510-533', null),
(412, 4, 'The Magnificent Ferengi', '1998-01-01', 6, 10, '40510-534', null),
(413, 4, 'Waltz', '1998-01-08', 6, 11, '40510-535', 51408.6),
(414, 4, 'Who Mourns for Morn?', '1998-02-04', 6, 12, '40510-536', null),
(415, 4, 'Far Beyond the Stars', '1998-02-11', 6, 13, '40510-538', null),
(416, 4, 'One Little Ship', '1998-02-18', 6, 14, '40510-537', 51474.2),
(417, 4, 'Honor Among Thieves', '1998-02-25', 6, 15, '40510-539', null),
(418, 4, 'Change of Heart', '1998-03-04', 6, 16, '40510-540', 51597.2),
(419, 4, 'Wrongs Darker Than Death or Night', '1998-04-01', 6, 17, '40510-541', null),
(420, 4, 'Inquisition', '1998-04-08', 6, 18, '40510-542', null),
(421, 4, 'In the Pale Moonlight', '1998-04-15', 6, 19, '40510-543', 51721.3),
(422, 4, 'His Way', '1998-04-22', 6, 20, '40510-544', null),
(423, 4, 'The Reckoning', '1998-04-29', 6, 21, '40510-545', null),
(424, 4, 'Valiant', '1998-05-06', 6, 22, '40510-546', 51825.4),
(425, 4, 'Profit and Lace', '1998-05-13', 6, 23, '40510-547', null),
(426, 4, 'Time’s Orphan', '1998-05-20', 6, 24, '40510-548', null),
(427, 4, 'The Sound of Her Voice', '1998-06-10', 6, 25, '40510-549', 51948.3),
(428, 4, 'Tears of the Prophets', '1998-06-17', 6, 26, '40510-550', null),
(429, 4, 'Image in the Sand', '1998-09-30', 7, 1, '40510-551', null),
(430, 4, 'Shadows and Symbols', '1998-10-07', 7, 2, '40510-552', 52152.6),
(431, 4, 'Afterimage', '1998-10-14', 7, 3, '40510-553', null),
(432, 4, 'Take Me Out to the Holosuite', '1998-10-21', 7, 4, '40510-554', null),
(433, 4, 'Chrysalis', '1998-10-28', 7, 5, '40510-555', null),
(434, 4, 'Treachery, Faith and the Great River', '1998-11-04', 7, 6, '40510-556', null),
(435, 4, 'Once More Unto the Breach', '1998-11-11', 7, 7, '40510-557', null),
(436, 4, 'The Siege of AR‐558', '1998-11-18', 7, 8, '40510-558', null),
(437, 4, 'Covenant', '1998-11-25', 7, 9, '40510-559', null),
(438, 4, 'It’s Only a Paper Moon', '1998-12-30', 7, 10, '40510-560', null),
(439, 4, 'Prodigal Daughter', '1999-01-06', 7, 11, '40510-561', null),
(440, 4, 'The Emperor’s New Cloak', '1999-02-03', 7, 12, '40510-562', null),
(441, 4, 'Field of Fire', '1999-02-10', 7, 13, '40510-563', null),
(442, 4, 'Chimera', '1999-02-17', 7, 14, '40510-564', null),
(443, 4, 'Badda‐Bing, Badda‐Bang', '1999-02-24', 7, 15, '40510-566', null),
(444, 4, 'Inter Arma Enim Silent Leges', '1999-03-03', 7, 16, '40510-565', null),
(445, 4, 'Penumbra', '1999-04-07', 7, 17, '40510-567', 52576.2),
(446, 4, '’Til Death Do Us Part', '1999-04-14', 7, 18, '40510-568', null),
(447, 4, 'Strange Bedfellows', '1999-04-21', 7, 19, '40510-569', null),
(448, 4, 'The Changing Face of Evil', '1999-04-28', 7, 20, '40510-570', null),
(449, 4, 'When It Rains…', '1999-05-05', 7, 21, '40510-571', null),
(450, 4, 'Tacking Into the Wind', '1999-05-12', 7, 22, '40510-572', null),
(451, 4, 'Extreme Measures', '1999-05-19', 7, 23, '40510-573', 52645.7),
(452, 4, 'The Dogs of War', '1999-05-26', 7, 24, '40510-574', 52861.3),
(453, 4, 'What You Leave Behind', '1999-06-02', 7, 25, '40510-575', null);

-- VOY
INSERT INTO episode (episode_id, series_id, title, airdate, season,
                     episode_number, production_code, stardate) VALUES
(454, 5, 'Caretaker', '1995-01-16', 1, 1, '101', 48315.6),
(455, 5, 'Parallax', '1995-01-23', 1, 3, '103', 48439.7),
(456, 5, 'Time and Again', '1995-01-30', 1, 4, '104', null),
(457, 5, 'Phage', '1995-02-06', 1, 5, '105', 48532.4),
(458, 5, 'The Cloud', '1995-02-13', 1, 6, '106', 48546.2),
(459, 5, 'Eye of the Needle', '1995-02-20', 1, 7, '107', 48579.4),
(460, 5, 'Ex Post Facto', '1995-02-27', 1, 8, '108', null),
(461, 5, 'Emanations', '1995-03-13', 1, 9, '109', 48623.5),
(462, 5, 'Prime Factors', '1995-03-20', 1, 10, '110', 48642.5),
(463, 5, 'State of Flux', '1995-04-10', 1, 11, '111', 48658.2),
(464, 5, 'Heroes and Demons', '1995-04-24', 1, 12, '112', 48693.2),
(465, 5, 'Cathexis', '1995-05-01', 1, 13, '113', 48734.2),
(466, 5, 'Faces', '1995-05-08', 1, 14, '114', 48784.2),
(467, 5, 'Jetrel', '1995-05-15', 1, 15, '115', 48832.1),
(468, 5, 'Learning Curve', '1995-05-22', 1, 16, '116', 48846.5),
(469, 5, 'The 37’s', '1995-08-28', 2, 1, '120', 48975.1),
(470, 5, 'Initiations', '1995-09-04', 2, 2, '121', 49005.3),
(471, 5, 'Projections', '1995-09-11', 2, 3, '117', 48892.1),
(472, 5, 'Elogium', '1995-09-18', 2, 4, '118', 48921.3),
(473, 5, 'Non Sequitur', '1995-09-25', 2, 5, '122', 49011.0),
(474, 5, 'Twisted', '1995-10-02', 2, 6, '119', null),
(475, 5, 'Parturition', '1995-10-09', 2, 7, '123', 49068.5),
(476, 5, 'Persistence of Vision', '1995-10-30', 2, 8, '124', null),
(477, 5, 'Tattoo', '1995-11-06', 2, 9, '125', null),
(478, 5, 'Cold Fire', '1995-11-13', 2, 10, '126', 49164.8),
(479, 5, 'Maneuvers', '1995-11-20', 2, 11, '127', 49208.5),
(480, 5, 'Resistance', '1995-11-27', 2, 12, '128', null),
(481, 5, 'Prototype', '1996-01-15', 2, 13, '129', null),
(482, 5, 'Alliances', '1996-01-22', 2, 14, '131', 49337.4),
(483, 5, 'Threshold', '1996-01-29', 2, 15, '132', 49373.4),
(484, 5, 'Meld', '1996-02-05', 2, 16, '133', null),
(485, 5, 'Dreadnought', '1996-02-12', 2, 17, '134', 49447.0),
(486, 5, 'Death Wish', '1996-02-19', 2, 18, '130', 49301.2),
(487, 5, 'Lifesigns', '1996-02-26', 2, 19, '136', 49504.3),
(488, 5, 'Investigations', '1996-03-13', 2, 20, '135', 49485.2),
(489, 5, 'Deadlock', '1996-03-18', 2, 21, '137', 49548.7),
(490, 5, 'Innocence', '1996-04-08', 2, 22, '138', 49578.2),
(491, 5, 'The Thaw', '1996-04-29', 2, 23, '139', null),
(492, 5, 'Tuvix', '1996-05-06', 2, 24, '140', 49655.2),
(493, 5, 'Resolutions', '1996-05-13', 2, 25, '141', 49690.1),
(494, 5, 'Basics, Part I', '1996-05-20', 2, 26, '142', null),
(495, 5, 'Basics, Part II', '1996-09-04', 3, 1, '146', 50032.7),
(496, 5, 'Flashback', '1996-09-11', 3, 2, '145', 50126.4),
(497, 5, 'The Chute', '1996-09-18', 3, 3, '147', 50156.2),
(498, 5, 'The Swarm', '1996-09-25', 3, 4, '149', 50252.3),
(499, 5, 'False Profits', '1996-10-02', 3, 5, '144', 50074.3),
(500, 5, 'Remember', '1996-10-09', 3, 6, '148', 50203.1),
(501, 5, 'Sacred Ground', '1996-10-30', 3, 7, '143', 50063.2),
(502, 5, 'Future’s End', '1996-11-06', 3, 8, '150', 50312.5),
(503, 5, 'Future’s End, Part II', '1996-11-13', 3, 9, '151', 50312.5),
(504, 5, 'Warlord', '1996-11-20', 3, 10, '152', 50348.1),
(505, 5, 'The Q and the Grey', '1996-11-27', 3, 11, '153', 50384.2),
(506, 5, 'Macrocosm', '1996-12-11', 3, 12, '154', 50425.1),
(507, 5, 'Fair Trade', '1997-01-08', 3, 13, '156', null),
(508, 5, 'Alter Ego', '1997-01-15', 3, 14, '155', 50460.3),
(509, 5, 'Coda', '1997-01-29', 3, 15, '158', 50518.6),
(510, 5, 'Blood Fever', '1997-02-05', 3, 16, '157', 50537.2),
(511, 5, 'Unity', '1997-02-12', 3, 17, '159', 50614.2),
(512, 5, 'Darkling', '1997-02-19', 3, 18, '161', 50693.2),
(513, 5, 'Rise', '1997-02-26', 3, 19, '160', null),
(514, 5, 'Favorite Son', '1997-03-19', 3, 20, '162', 50732.4),
(515, 5, 'Before and After', '1997-04-09', 3, 21, '163', null),
(516, 5, 'Real Life', '1997-04-23', 3, 22, '164', 50836.2),
(517, 5, 'Distant Origin', '1997-04-30', 3, 23, '165', null),
(518, 5, 'Displaced', '1997-05-07', 3, 24, '166', 50912.4),
(519, 5, 'Worst Case Scenario', '1997-05-14', 3, 25, '167', 50953.4),
(520, 5, 'Scorpion', '1997-05-21', 3, 26, '168', 50984.3),
(521, 5, 'Scorpion, Part II', '1997-09-03', 4, 1, '169', 51003.7),
(522, 5, 'The Gift', '1997-09-10', 4, 2, '170', 51008.0),
(523, 5, 'Day of Honor', '1997-09-17', 4, 3, '172', null),
(524, 5, 'Nemesis', '1997-09-24', 4, 4, '171', 51082.4),
(525, 5, 'Revulsion', '1997-10-01', 4, 5, '173', 51186.2),
(526, 5, 'The Raven', '1997-10-08', 4, 6, '174', null),
(527, 5, 'Scientific Method', '1997-10-29', 4, 7, '175', 51244.3),
(528, 5, 'Year of Hell', '1997-11-05', 4, 8, '176', 51268.4),
(529, 5, 'Year of Hell, Part II', '1997-11-12', 4, 9, '177', 51425.4),
(530, 5, 'Random Thoughts', '1997-11-19', 4, 10, '178', 51367.2),
(531, 5, 'Concerning Flight', '1997-11-26', 4, 11, '179', 51386.4),
(532, 5, 'Mortal Coil', '1997-12-17', 4, 12, '180', 51449.2),
(533, 5, 'Waking Moments', '1998-01-14', 4, 13, '182', 51471.3),
(534, 5, 'Message in a Bottle', '1998-01-21', 4, 14, '181', 51462.0),
(535, 5, 'Hunters', '1998-02-11', 4, 15, '183', 51501.4),
(536, 5, 'Prey', '1998-02-18', 4, 16, '184', 51652.3),
(537, 5, 'Retrospect', '1998-02-25', 4, 17, '185', 51658.2),
(538, 5, 'The Killing Game, Part II', '1998-03-04', 4, 19, '187', 51715.2),
(539, 5, 'The Killing Game', '1998-03-04', 4, 18, '186', null),
(540, 5, 'Vis à Vis', '1998-04-08', 4, 20, '188', 51762.4),
(541, 5, 'The Omega Directive', '1998-04-15', 4, 21, '189', 51781.2),
(542, 5, 'Unforgettable', '1998-04-22', 4, 22, '190', 51813.4),
(543, 5, 'Living Witness', '1998-04-29', 4, 23, '191', null),
(544, 5, 'Demon', '1998-05-06', 4, 24, '192', null),
(545, 5, 'One', '1998-05-13', 4, 25, '193', 51929.3),
(546, 5, 'Hope and Fear', '1998-05-20', 4, 26, '194', 51978.2),
(547, 5, 'Night', '1998-10-14', 5, 1, '195', 52081.2),
(548, 5, 'Drone', '1998-10-21', 5, 2, '196', null),
(549, 5, 'Extreme Risk', '1998-10-28', 5, 3, '197', null),
(550, 5, 'In the Flesh', '1998-11-04', 5, 4, '198', 52136.4),
(551, 5, 'Once Upon a Time', '1998-11-11', 5, 5, '199', null),
(552, 5, 'Timeless', '1998-11-18', 5, 6, '201', 52164.3),
(553, 5, 'Infinite Regress', '1998-11-25', 5, 7, '203', 52356.2),
(554, 5, 'Nothing Human', '1998-12-02', 5, 8, '200', null),
(555, 5, 'Thirty Days', '1998-12-09', 5, 9, '202', 52179.4),
(556, 5, 'Counterpoint', '1998-12-16', 5, 10, '204', null),
(557, 5, 'Latent Image', '1999-01-20', 5, 11, '206', null),
(558, 5, 'Bride of Chaotica!', '1999-01-27', 5, 12, '207', null),
(559, 5, 'Gravity', '1999-02-03', 5, 13, '205', 52438.9),
(560, 5, 'Bliss', '1999-02-10', 5, 14, '209', 52542.3),
(561, 5, 'Dark Frontier', '1999-02-17', 5, 15, '211', 52619.2),
(562, 5, 'The Disease', '1999-02-24', 5, 17, '210', null),
(563, 5, 'Course: Oblivion', '1999-03-03', 5, 18, '213', 52586.3),
(564, 5, 'The Fight', '1999-03-24', 5, 19, '208', null),
(565, 5, 'Think Tank', '1999-03-31', 5, 20, '214', null),
(566, 5, 'Juggernaut', '1999-04-26', 5, 21, '215', null),
(567, 5, 'Someone to Watch Over Me', '1999-04-28', 5, 22, '216', 52648.0),
(568, 5, '11:59', '1999-05-05', 5, 23, '217', null),
(569, 5, 'Relativity', '1999-05-12', 5, 24, '218', 52861.274),
(570, 5, 'Warhead', '1999-05-19', 5, 25, '219', null),
(571, 5, 'Equinox', '1999-05-26', 5, 26, '220', null),
(572, 5, 'Equinox, Part II', '1999-09-22', 6, 1, '221', null),
(573, 5, 'Survival Instinct', '1999-09-29', 6, 2, '222', 53049.2),
(574, 5, 'Barge of the Dead', '1999-10-06', 6, 3, '223', null),
(575, 5, 'Tinker Tenor Doctor Spy', '1999-10-13', 6, 4, '224', null),
(576, 5, 'Alice', '1999-10-20', 6, 5, '226', null),
(577, 5, 'Riddles', '1999-11-03', 6, 6, '227', 53263.2),
(578, 5, 'Dragon’s Teeth', '1999-11-10', 6, 7, '225', 53167.9),
(579, 5, 'One Small Step', '1999-11-17', 6, 8, '228', 53292.7),
(580, 5, 'The Voyager Conspiracy', '1999-11-24', 6, 9, '229', 53329.0),
(581, 5, 'Pathfinder', '1999-12-01', 6, 10, '230', null),
(582, 5, 'Fair Haven', '2000-01-12', 6, 11, '231', null),
(583, 5, 'Blink of an Eye', '2000-01-19', 6, 12, '233', null),
(584, 5, 'Virtuoso', '2000-01-26', 6, 13, '234', 53556.4),
(585, 5, 'Memorial', '2000-02-02', 6, 14, '236', null),
(586, 5, 'Tsunkatse', '2000-02-09', 6, 15, '232', 53447.2),
(587, 5, 'Collective', '2000-02-16', 6, 16, '235', null),
(588, 5, 'Spirit Folk', '2000-02-23', 6, 17, '237', null),
(589, 5, 'Ashes to Ashes', '2000-03-01', 6, 18, '238', 53679.4),
(590, 5, 'Child’s Play', '2000-03-08', 6, 19, '239', null),
(591, 5, 'Good Shepherd', '2000-03-15', 6, 20, '240', 53753.2),
(592, 5, 'Live Fast and Prosper', '2000-04-19', 6, 21, '242', 53849.2),
(593, 5, 'Muse', '2000-04-26', 6, 22, '244', 53918.0),
(594, 5, 'Fury', '2000-05-03', 6, 23, '241', null),
(595, 5, 'Life Line', '2000-05-10', 6, 24, '243', null),
(596, 5, 'The Haunting of Deck Twelve', '2000-05-17', 6, 25, '245', null),
(597, 5, 'Unimatrix Zero', '2000-05-24', 6, 26, '246', null),
(598, 5, 'Unimatrix Zero, Part II', '2000-10-04', 7, 1, '247', 54014.4),
(599, 5, 'Imperfection', '2000-10-11', 7, 2, '248', 54129.4),
(600, 5, 'Drive', '2000-10-18', 7, 3, '249', 54058.6),
(601, 5, 'Repression', '2000-10-25', 7, 4, '251', 54090.4),
(602, 5, 'Critical Care', '2000-11-01', 7, 5, '250', null),
(603, 5, 'Inside Man', '2000-11-08', 7, 6, '252', 54208.3),
(604, 5, 'Body and Soul', '2000-11-15', 7, 7, '255', 54238.3),
(605, 5, 'Nightingale', '2000-11-22', 7, 8, '256', 54274.7),
(606, 5, 'Flesh and Blood', '2000-11-29', 7, 9, '253', 54315.3),
(607, 5, 'Shattered', '2001-01-17', 7, 11, '257', null),
(608, 5, 'Lineage', '2001-01-24', 7, 12, '258', 54452.6),
(609, 5, 'Repentance', '2001-01-31', 7, 13, '259', 54474.6),
(610, 5, 'Prophecy', '2001-02-07', 7, 14, '260', 54518.2),
(611, 5, 'The Void', '2001-02-14', 7, 15, '261', 54553.4),
(612, 5, 'Workforce', '2001-02-21', 7, 16, '262', 54584.3),
(613, 5, 'Workforce, Part II', '2001-02-28', 7, 17, '263', 54622.4),
(614, 5, 'Human Error', '2001-03-07', 7, 18, '264', null),
(615, 5, 'Q2', '2001-04-11', 7, 19, '265', 54704.5),
(616, 5, 'Author, Author', '2001-04-18', 7, 20, '266', 54732.3),
(617, 5, 'Friendship One', '2001-04-25', 7, 21, '267', 54775.4),
(618, 5, 'Natural Law', '2001-05-02', 7, 22, '268', 54827.7),
(619, 5, 'Homestead', '2001-05-09', 7, 23, '269', 54868.6),
(620, 5, 'Renaissance Man', '2001-05-16', 7, 24, '270', 54890.7),
(621, 5, 'Endgame', '2001-05-23', 7, 25, '271', 54973.4);

-- ENT
INSERT INTO episode (episode_id, series_id, title, airdate, season,
                     episode_number, production_code, stardate, date) VALUES
(622, 6, 'Broken Bow', '2001-09-26', 1, 1, '1', null, '2151-04-16'),
(623, 6, 'Fight or Flight', '2001-10-03', 1, 3, '3', null, '2151-05-06'),
(624, 6, 'Strange New World', '2001-10-10', 1, 4, '4', null, null),
(625, 6, 'Unexpected', '2001-10-17', 1, 5, '5', null, null),
(626, 6, 'Terra Nova', '2001-10-24', 1, 6, '6', null, null),
(627, 6, 'The Andorian Incident', '2001-10-31', 1, 7, '7', null, null),
(628, 6, 'Breaking the Ice', '2001-11-07', 1, 8, '8', null, null),
(629, 6, 'Civilization', '2001-11-14', 1, 9, '9', null, '2151-07-31'),
(630, 6, 'Fortunate Son', '2001-11-21', 1, 10, '10', null, null),
(631, 6, 'Cold Front', '2001-11-28', 1, 11, '11', null, '2151-09-09'),
(632, 6, 'Silent Enemy', '2002-01-16', 1, 12, '12', null, '2151-09-01'),
(633, 6, 'Dear Doctor', '2002-01-23', 1, 13, '13', null, null),
(634, 6, 'Sleeping Dogs', '2002-01-30', 1, 14, '15', null, null),
(635, 6, 'Shadows of P’Jem', '2002-02-06', 1, 15, '14', null, null),
(636, 6, 'Shuttlepod One', '2002-02-13', 1, 16, '16', null, '2151-11-09'),
(637, 6, 'Fusion', '2002-02-27', 1, 17, '17', null, null),
(638, 6, 'Rogue Planet', '2002-03-20', 1, 18, '18', null, null),
(639, 6, 'Acquisition', '2002-03-27', 1, 19, '19', null, null),
(640, 6, 'Oasis', '2002-04-03', 1, 20, '20', null, null),
(641, 6, 'Detained', '2002-04-24', 1, 21, '21', null, null),
(642, 6, 'Vox Sola', '2002-05-01', 1, 22, '22', null, null),
(643, 6, 'Fallen Hero', '2002-05-08', 1, 23, '23', null, '2152-02-09'),
(644, 6, 'Desert Crossing', '2002-05-08', 1, 24, '24', null, '2152-02-12'),
(645, 6, 'Two Days and Two Nights', '2002-05-15', 1, 25, '25', null, '2152-02-18'),
(646, 6, 'Shockwave', '2002-05-22', 1, 26, '26', null, null),
(647, 6, 'Shockwave, Part II', '2002-09-18', 2, 1, '28', null, null),
(648, 6, 'Carbon Creek', '2002-09-25', 2, 2, '27', null, '2152-04-12'),
(649, 6, 'Minefield', '2002-10-02', 2, 3, '29', null, null),
(650, 6, 'Dead Stop', '2002-10-09', 2, 4, '31', null, null),
(651, 6, 'A Night in Sickbay', '2002-10-16', 2, 5, '30', null, null),
(652, 6, 'Marauders', '2002-10-30', 2, 6, '32', null, null),
(653, 6, 'The Seventh', '2002-11-06', 2, 7, '33', null, null),
(654, 6, 'The Communicator', '2002-11-13', 2, 8, '34', null, null),
(655, 6, 'Singularity', '2002-11-20', 2, 9, '35', null, '2152-08-14'),
(656, 6, 'Vanishing Point', '2002-11-27', 2, 10, '36', null, null),
(657, 6, 'Precious Cargo', '2002-12-11', 2, 11, '37', null, '2152-09-12'),
(658, 6, 'The Catwalk', '2002-12-18', 2, 12, '38', null, '2152-09-18'),
(659, 6, 'Dawn', '2003-01-08', 2, 13, '39', null, null),
(660, 6, 'Stigma', '2003-02-05', 2, 14, '40', null, null),
(661, 6, 'Cease Fire', '2003-02-12', 2, 15, '41', null, null),
(662, 6, 'Future Tense', '2003-02-19', 2, 16, '42', null, null),
(663, 6, 'Canamar', '2003-02-26', 2, 17, '43', null, null),
(664, 6, 'The Crossing', '2003-04-02', 2, 18, '44', null, null),
(665, 6, 'Judgment', '2003-04-09', 2, 19, '45', null, null),
(666, 6, 'Horizon', '2003-04-16', 2, 20, '46', null, '2153-01-10'),
(667, 6, 'The Breach', '2003-04-23', 2, 21, '47', null, null),
(668, 6, 'Cogenitor', '2003-04-30', 2, 22, '48', null, null),
(669, 6, 'Regeneration', '2003-05-07', 2, 23, '49', null, '2153-03-01'),
(670, 6, 'First Flight', '2003-05-14', 2, 24, '50', null, null),
(671, 6, 'Bounty', '2003-05-14', 2, 25, '51', null, '2153-03-21'),
(672, 6, 'The Expanse', '2003-05-21', 2, 26, '52', null, '2153-04-24'),
(673, 6, 'The Xindi', '2003-09-10', 3, 1, '53', null, null),
(674, 6, 'Anomaly', '2003-09-17', 3, 2, '54', null, null),
(675, 6, 'Extinction', '2003-09-24', 3, 3, '55', null, null),
(676, 6, 'Rajiin', '2003-10-01', 3, 4, '56', null, null),
(677, 6, 'Impulse', '2003-10-08', 3, 5, '57', null, null),
(678, 6, 'Exile', '2003-10-15', 3, 6, '58', null, null),
(679, 6, 'The Shipment', '2003-10-29', 3, 7, '59', null, null),
(680, 6, 'Twilight', '2003-11-05', 3, 8, '60', null, null),
(681, 6, 'North Star', '2003-11-12', 3, 9, '61', null, null),
(682, 6, 'Similitude', '2003-11-19', 3, 10, '62', null, null),
(683, 6, 'Carpenter Street', '2003-11-26', 3, 11, '63', null, null),
(684, 6, 'Chosen Realm', '2004-01-14', 3, 12, '64', null, null),
(685, 6, 'Proving Ground', '2004-01-21', 3, 13, '65', null, '2153-12-06'),
(686, 6, 'Stratagem', '2004-02-04', 3, 14, '66', null, '2153-12-12'),
(687, 6, 'Harbinger', '2004-02-11', 3, 15, '67', null, '2153-12-27'),
(688, 6, 'Doctor’s Orders', '2004-02-18', 3, 16, '68', null, null),
(689, 6, 'Hatchery', '2004-02-25', 3, 17, '69', null, '2154-01-08'),
(690, 6, 'Azati Prime', '2004-03-03', 3, 18, '70', null, '2154-01-01'),
(691, 6, 'Damage', '2004-04-21', 3, 19, '71', null, null),
(692, 6, 'The Forgotten', '2004-04-28', 3, 20, '72', null, null),
(693, 6, 'E²', '2004-05-05', 3, 21, '73', null, null),
(694, 6, 'The Council', '2004-05-12', 3, 22, '74', null, '2154-02-12'),
(695, 6, 'Countdown', '2004-05-19', 3, 23, '75', null, '2154-02-13'),
(696, 6, 'Zero Hour', '2004-05-26', 3, 24, '76', null, '2154-02-14'),
(697, 6, 'Storm Front', '2004-10-08', 4, 1, '77', null, null),
(698, 6, 'Storm Front, Part II', '2004-10-15', 4, 2, '78', null, null),
(699, 6, 'Home', '2004-10-22', 4, 3, '79', null, null),
(700, 6, 'Borderland', '2004-10-29', 4, 4, '80', null, '2154-05-17'),
(701, 6, 'Cold Station 12', '2004-11-05', 4, 5, '81', null, null),
(702, 6, 'The Augments', '2004-11-12', 4, 6, '82', null, '2154-05-27'),
(703, 6, 'The Forge', '2004-11-19', 4, 7, '83', null, null),
(704, 6, 'Awakening', '2004-11-26', 4, 8, '84', null, null),
(705, 6, 'Kir’Shara', '2004-12-03', 4, 9, '85', null, null),
(706, 6, 'Daedalus', '2005-01-14', 4, 10, '86', null, null),
(707, 6, 'Observer Effect', '2005-01-21', 4, 11, '87', null, null),
(708, 6, 'Babel One', '2005-01-28', 4, 12, '88', null, '2154-11-12'),
(709, 6, 'United', '2005-02-04', 4, 13, '89', null, '2154-11-15'),
(710, 6, 'The Aenar', '2005-02-11', 4, 14, '90', null, null),
(711, 6, 'Affliction', '2005-02-18', 4, 15, '91', null, '2154-11-27'),
(712, 6, 'Divergence', '2005-02-25', 4, 16, '92', null, '2154-12-01'),
(713, 6, 'Bound', '2005-04-15', 4, 17, '93', null, '2154-12-27'),
(714, 6, 'In a Mirror, Darkly', '2005-04-22', 4, 18, '94', null, '2155-01-13'),
(715, 6, 'In a Mirror, Darkly, Part II', '2005-04-29', 4, 19, '95', null, '2155-01-18'),
(716, 6, 'Demons', '2005-05-06', 4, 20, '96', null, '2155-01-19'),
(717, 6, 'Terra Prime', '2005-05-13', 4, 21, '97', null, null),
(718, 6, 'These Are the Voyages…', '2005-05-13', 4, 22, '98', 47457.1, null);

-- CONT
INSERT INTO episode (episode_id, series_id, title, airdate,
                     episode_number, stardate, vignette) VALUES
(719, 7, 'Turnabout Intruder', '2012-07-31', 1, 5928.5, True),
(720, 7, 'You’ve Got the Conn', '2012-09-30', 2, null, True),
(721, 7, 'Happy Birthday, Scotty', '2012-11-30', 3, null, True),
(722, 7, 'Pilgrim of Eternity', '2013-05-26', 1, 6147.3, False),
(723, 7, 'Lolani', '2014-02-08', 2, 6154.1, False),
(724, 7, 'Fairest of Them All', '2014-06-15', 3, null, False),
(725, 7, 'The White Iris', '2015-05-29', 4, 6182.3, False),
(726, 7, 'Divided We Stand', '2015-09-26', 5, 6202.1, False),
(727, 7, 'Come Not Between the Dragons', '2016-05-28', 6, 6257.4, False),
(728, 7, 'Embracing the Winds', '2016-09-03', 7, 6295.3, False),
(729, 7, 'Still Treads the Shadow', '2017-04-01', 8, 6563.4, False),
(730, 7, 'What Ships Are For', '2017-07-30', 9, 6892.3, False),
(731, 7, 'To Boldly Go, Part I', '2017-10-18', 10, 6988.4, False),
(732, 7, 'To Boldly Go, Part II', '2017-11-13', 11, 6995.1, False);

-- DIS
INSERT INTO episode (episode_id, series_id, title, airdate, season,
                     episode_number, production_code, stardate, date) VALUES
(733, 8, 'The Vulcan Hello', '2017-09-24', 1, 1, '101', 1207.3, '2256-05-11'),
(734, 8, 'Battle at the Binary Stars', '2017-09-24', 1, 2, '102', 1207.3, '2256-05-11'),
(735, 8, 'Context Is for Kings', '2017-10-01', 1, 3, '103', null, '2256-11'),
(736, 8, 'The Butcher’s Knife Cares Not for the Lamb’s Cry', '2017-10-08', 1, 4, '104', null, '2256-11'),
(737, 8, 'Choose Your Pain', '2017-10-15', 1, 5, '105', null, '2256-12'),
(738, 8, 'Lethe', '2017-10-22', 1, 6, '106', null, '2256-12'),
(739, 8, 'Magic to Make the Sanest Man Go Mad', '2017-10-29', 1, 7, '107', 2136.8, null),
(740, 8, 'Si Vis Pacem, Para Bellum', '2017-11-05', 1, 8, '108', 1308.9, null),
(741, 8, 'Into the Forest I Go', '2017-11-12', 1, 9, '109', null, null),
(742, 8, 'Despite Yourself', '2018-01-07', 1, 10, '110', null, null),
(743, 8, 'The Wolf Inside', '2018-01-14', 1, 11, '111', null, null),
(744, 8, 'Vaulting Ambition', '2018-01-21', 1, 12, '112', null, null),
(745, 8, 'What’s Past Is Prologue', '2018-01-28', 1, 13, '113', 1834.2, null),
(746, 8, 'The War Without, the War Within', '2018-02-04', 1, 14, '114', null, null),
(747, 8, 'Will You Take My Hand?', '2018-02-11', 1, 15, '115', null, null),
(748, 8, 'Brother', '2019-01-17', 2, 1, '201', 1025.19, null),
(749, 8, 'New Eden', '2019-01-24', 2, 2, '202', 1027.32, null),
(750, 8, 'Point of Light', '2019-01-31', 2, 3, '203', 1029.46, null),
(751, 8, 'An Obol for Charon', '2019-02-07', 2, 4, '204', 1834.2512, null),
(752, 8, 'Saints of Imperfection', '2019-02-14', 2, 5, '205', null, null),
(753, 8, 'The Sounds of Thunder', '2019-02-21', 2, 6, '206', 1035.86, null),
(754, 8, 'Light and Shadows', '2019-02-28', 2, 7, '207', null, null),
(755, 8, 'If Memory Serves', '2019-03-07', 2, 8, '208', 1532.9, null),
(756, 8, 'Project Daedalus', '2019-03-14', 2, 9, '209', null, null),
(757, 8, 'The Red Angel', '2019-03-21', 2, 10, '210', null, null),
(758, 8, 'Perpetual Infinity', '2019-03-28', 2, 11, '211', null, null),
(759, 8, 'Through the Valley of Shadows', '2019-04-04', 2, 12, '212', 1048.66, null),
(760, 8, 'Such Sweet Sorrow', '2019-04-11', 2, 13, '213', 1050.8, null),
(761, 8, 'Such Sweet Sorrow, Part 2', '2019-04-18', 2, 14, '214', 1201.7, null),
(762, 8, 'That Hope Is You, Part 1', '2020-10-15', 3, 1, '301', null, null),
(763, 8, 'Far From Home', '2020-10-22', 3, 2, '302', null, null),
(764, 8, 'People of Earth', '2020-10-29', 3, 3, '303-32', 865211.3, null),
(765, 8, 'Forget Me Not', '2020-11-05', 3, 4, '304', null, null),
(766, 8, 'Die Trying', '2020-11-12', 3, 5, '305', null, null),
(767, 8, 'Scavengers', '2020-11-19', 3, 6, '306', null, null),
(768, 8, 'Unification III', '2020-11-26', 3, 7, '307', null, null),
(769, 8, 'The Sanctuary', '2020-12-03', 3, 8, '308', null, null),
(770, 8, 'Terra Firma, Part 1', '2020-12-10', 3, 9, '309', null, null),
(771, 8, 'Terra Firma, Part 2', '2020-12-17', 3, 10, '310', null, null),
(772, 8, 'Su’Kal', '2020-12-24', 3, 11, '311', null, null),
(773, 8, 'There Is a Tide…', '2020-12-31', 3, 12, '312', null, null),
(774, 8, 'That Hope Is You, Part 2', '2021-01-07', 3, 13, '313', null, null),
(775, 8, 'Kobayashi Maru', '2021-11-18', 4, 1, '401', null, null),
(776, 8, 'Anomaly', '2021-11-25', 4, 2, '402', null, null),
(777, 8, 'Choose to Live', '2021-12-02', 4, 3, '403', null, null),
(778, 8, 'All Is Possible', '2021-12-09', 4, 4, '404', 865661.2, null),
(779, 8, 'The Examples', '2021-12-16', 4, 5, '405', null, null),
(780, 8, 'Stormy Weather', '2021-12-23', 4, 6, '406', null, null),
(781, 8, '…But to Connect', '2021-12-30', 4, 7, '407', null, null),
(782, 8, 'All In', '2022-02-10', 4, 8, '408', null, null),
(783, 8, 'Rubicon', '2022-02-17', 4, 9, '409', null, null),
(784, 8, 'The Galatic Barrier', '2022-02-24', 4, 10, '410', null, null),
(785, 8, 'Rosetta', '2022-03-03', 4, 11, '411', 865783.7, null),
(786, 8, 'Species Ten‐C', '2022-03-10', 4, 12, '412', null, null),
(787, 8, 'Coming Home', '2022-03-17', 4, 13, '413', null, null),
(788, 8, 'Red Directive', '2024-04-04', 5, 1, '501', null, null),
(789, 8, 'Under the Twin Moons', '2024-04-04', 5, 2, '502', 866274.3, null),
(790, 8, 'Jinaal', '2024-04-11', 5, 3, '503', null, null),
(791, 8, 'Face the Strange', '2024-04-18', 5, 4, '504', null, null),
(792, 8, 'Mirrors', '2024-04-25', 5, 5, '505', 866282.9, null),
(793, 8, 'Whistlespeak', '2024-05-02', 5, 6, '506', null, null),
(794, 8, 'Erigah', '2024-05-09', 5, 7, '507', null, null),
(795, 8, 'Labyrinths', '2024-05-16', 5, 8, '508', null, null),
(796, 8, 'Lagrange Point', '2024-05-23', 5, 9, '509', null, null),
(797, 8, 'Life, Itself', '2024-05-30', 5, 10, '510', null, null);

-- Short Treks
INSERT INTO episode (episode_id, series_id, title, airdate,
                     season, episode_number) VALUES
(798, 9, 'Runaway', '2018-10-04', 1, 1),
(799, 9, 'Calypso', '2018-11-08', 1, 2),
(800, 9, 'The Brightest Star', '2018-12-06', 1, 3),
(801, 9, 'The Escape Artist', '2019-01-03', 1, 4),
(802, 9, 'Q&A', '2019-10-05', 2, 1),
(803, 9, 'The Trouble with Edward', '2019-10-09', 2, 2),
(804, 9, 'Ask Not', '2019-11-14', 2, 3),
(805, 9, 'Ephraim and Dot', '2019-12-12', 2, 4),
(806, 9, 'The Girl Who Made the Stars', '2019-12-12', 2, 5),
(807, 9, 'Children of Mars', '2020-01-09', 2, 6);

-- Picard
INSERT INTO episode (episode_id, series_id, title, airdate, season,
                     episode_number, production_code, stardate) VALUES
(808, 10, 'Remembrance', '2020-01-23', 1, 1, '101', null),
(809, 10, 'Maps and Legends', '2020-01-30', 1, 2, '102a', null),
(810, 10, 'The End is the Beginning', '2020-02-06', 1, 3, '102b', null),
(811, 10, 'Absolute Candor', '2020-02-13', 1, 4, '103', null),
(812, 10, 'Stardust City Rag', '2020-02-20', 1, 5, '104', null),
(813, 10, 'The Impossible Box', '2020-02-27', 1, 6, '105', null),
(814, 10, 'Nepenthe', '2020-03-05', 1, 7, '106', null),
(815, 10, 'Broken Pieces', '2020-03-12', 1, 8, '107', null),
(816, 10, 'Et in Arcadia Ego, Part 1', '2020-03-19', 1, 9, '108', null),
(817, 10, 'Et in Arcadia Ego, Part 2', '2020-03-26', 1, 10, '109', null),
(818, 10, 'The Star Gazer', '2022-03-03', 2, 1, '201', null),
(819, 10, 'Penance', '2022-03-10', 2, 2, '202', null),
(820, 10, 'Assimilation', '2022-03-17', 2, 3, '203', null),
(821, 10, 'Watcher', '2022-03-24', 2, 4, '204', null),
(822, 10, 'Fly Me to the Moon', '2022-03-31', 2, 5, '205', null),
(823, 10, 'Two of One', '2022-04-07', 2, 6, '206', null),
(824, 10, 'Monsters', '2022-04-14', 2, 7, '207', null),
(825, 10, 'Mercy', '2022-04-21', 2, 8, '208', null),
(826, 10, 'Hide and Seek', '2022-04-28', 2, 9, '209', null),
(827, 10, 'Farewell', '2022-05-05', 2, 10, '301', null),
(828, 10, 'The Next Generation', '2023-02-16', 3, 1, '302', null),
(829, 10, 'Disengage', '2023-02-23', 3, 2, '303', null),
(830, 10, 'Seventeen Seconds', '2023-03-02', 3, 3, '304', null),
(831, 10, 'No Win Scenario', '2023-03-09', 3, 4, '305', 78183.1),
(832, 10, 'Imposters', '2023-03-16', 3, 5, '306', 78186.03),
(833, 10, 'The Bounty', '2023-03-23', 3, 6, '307', null),
(834, 10, 'Dominion', '2023-03-30', 3, 7, '307', null),
(835, 10, 'Surrender', '2023-04-06', 3, 8, '308', null),
(836, 10, 'Võx', '2023-04-13', 3, 9, '309', null),
(837, 10, 'The Last Generation', '2023-04-20', 3, 10, '310', null);

-- LD
INSERT INTO episode (episode_id, series_id, title, airdate, season,
                     episode_number, production_code, stardate) VALUES
(838, 11, 'Second Contact', '2020-08-06', 1, 1, 'LD-1001', 57436.2),
(839, 11, 'Envoys', '2020-08-13', 1, 2, 'LD-1002', null),
(840, 11, 'Temporal Edict', '2020-08-20', 1, 3, 'LD-1003', 57501.4),
(841, 11, 'Moist Vessel', '2020-08-27', 1, 4, 'LD-1004', 57538.9),
(842, 11, 'Cupid’s Errant Arrow', '2020-09-03', 1, 5, 'LD-1005', 57601.3),
(843, 11, 'Terminal Provocations', '2020-09-10', 1, 6, 'LD-1006', 57663.9),
(844, 11, 'Much Ado About Boimler', '2020-09-17', 1, 7, 'LD-1007', 57752.6),
(845, 11, 'Veritas', '2020-09-24', 1, 8, 'LD-1008', 57791.1),
(846, 11, 'Crisis Point', '2020-10-01', 1, 9, 'LD-1009', null),
(847, 11, 'No Small Parts', '2020-10-08', 1, 10, 'LD-1010', null),
(848, 11, 'Strange Energies', '2021-08-12', 2, 1, 'LD-2001', null),
(849, 11, 'Kayshon, His Eyes Open', '2021-08-19', 2, 2, 'LD-2002', 58001.2),
(850, 11, 'We’ll Always Have Tom Paris', '2021-08-26', 2, 3, 'LD-2003', null),
(851, 11, 'Mugato, Gumato', '2021-09-02', 2, 4, 'LD-2004', 58036.4),
(852, 11, 'An Embarrassment of Dooplers', '2021-09-09', 2, 5, 'LD-2005', 58053.9),
(853, 11, 'The Spy Humongous', '2021-09-16', 2, 6, 'LD-2006', 58105.1),
(854, 11, 'Where Pleasant Fountains Lie', '2021-09-23', 2, 7, 'LD-2007', null),
(855, 11, 'I, Excretus', '2021-09-30', 2, 8, 'LD-2008', null),
(856, 11, 'wej Duj', '2021-10-07', 2, 9, 'LD-2009', null),
(857, 11, 'First First Contact', '2021-10-14', 2, 10, 'LD-2010', 58130.6),
(858, 11, 'Grounded', '2022-08-25', 3, 1, 'LD-3001', null),
(859, 11, 'The Least Dangerous Game', '2022-09-01', 3, 2, 'LD-3002', null),
(860, 11, 'Mining the Mind’s Mines', '2022-09-08', 3, 3, 'LD-3003', 58256.2),
(861, 11, 'Room for Growth', '2022-09-15', 3, 4, 'LD-3004', null),
(862, 11, 'Reflections', '2022-09-22', 3, 5, 'LD-3005', 58354.2),
(863, 11, 'Hear All, Trust Nothing', '2022-09-29', 3, 6, 'LD-3006', 58456.2),
(864, 11, 'A Mathematically Perfect Redemption', '2022-10-06', 3, 7, 'LD-3007', null),
(865, 11, 'Crisis Point 2: Paradoxus', '2022-10-13', 3, 8, 'LD-3008', null),
(866, 11, 'Trusted Sources', '2022-10-20', 3, 9, 'LD-3009', 58496.1),
(867, 11, 'The Stars at Night', '2022-10-27', 3, 10, 'LD-3010', 58499.2),
(868, 11, 'Twovix', '2023-09-07', 4, 1, 'LD-4001', 58724.3),
(869, 11, 'I Have No Bones Yet I Must Flee', '2023-09-07', 4, 2, 'LD-4002', null),
(870, 11, 'In the Cradle of Vexilon', '2023-09-14', 4, 3, 'LD-4003', 58759.1),
(871, 11, 'Something Borrowed, Something Green', '2023-09-21', 4, 4, 'LD-4004', null),
(872, 11, 'Empathological Fallacies', '2023-09-28', 4, 5, 'LD-4005', null),
(873, 11, 'Parth Ferengi’s Heart Place', '2023-10-05', 4, 6, 'LD-4006', 58901.5),
(874, 11, 'A Few Badgeys More', '2023-10-12', 4, 7, 'LD-4007', 58934.9),
(875, 11, 'Caves', '2023-10-19', 4, 8, 'LD-4008', null),
(876, 11, 'The Inner Fight', '2023-10-26', 4, 9, 'LD-4009', null),
(877, 11, 'Old Friends, New Planets', '2023-11-02', 4, 10, 'LD-4010', null),
(878, 11, 'Dos Cerritos', '2024-10-24', 5, 1, 'LD-5001', null),
(879, 11, 'Shades of Green', '2024-10-24', 5, 2, 'LD-5002', 59376.9),
(880, 11, 'The Best Exotic Nanite Hotel', '2024-10-31', 5, 3, 'LD-5003', 59393.7),
(881, 11, 'A Farewell to Farms', '2024-11-07', 5, 4, 'LD-5004', null),
(882, 11, 'Starbase 80?!', '2024-11-14', 5, 5, 'LD-5005', null),
(883, 11, 'Of Gods and Angels', '2024-11-21', 5, 6, 'LD-5006', 59482.3),
(884, 11, 'Fully Dilated', '2024-11-28', 5, 7, 'LD-5007', 59499.6),
(885, 11, 'Upper Decks', '2024-12-05', 5, 8, 'LD-5008', null),
(886, 11, 'Fissure Quest', '2024-12-12', 5, 9, 'LD-5009', null),
(887, 11, 'The New Next Generation', '2024-12-19', 5, 10, 'LD-5010', null);

-- Prodigy
INSERT INTO episode (episode_id, series_id, title, airdate, season,
                     episode_number, production_code, stardate) VALUES
(888, 12, 'Lost and Found', '2021-10-28', 1, 1, '101, 102', null),
(889, 12, 'Starstruck', '2021-11-04', 1, 3, '103', null),
(890, 12, 'Dream Catcher', '2021-11-11', 1, 4, '104', null),
(891, 12, 'Terror Firma', '2021-11-18', 1, 5, '105', null),
(892, 12, 'Kobayashi', '2022-01-06', 1, 6, '106', null),
(893, 12, 'First Con‐tact', '2022-01-13', 1, 7, '107', null),
(894, 12, 'Time Amok', '2022-01-20', 1, 8, '108', 607125.6),
(895, 12, 'A Moral Star, Part 1', '2022-01-27', 1, 9, '109', null),
(896, 12, 'A Moral Star, Part 2', '2022-02-03', 1, 10, '110', 61103.1),
(897, 12, 'Asylum', '2022-10-27', 1, 11, '111', 61209.5),
(898, 12, 'Let Sleeping Borg Lie', '2022-11-03', 1, 12, '112', 61284.3),
(899, 12, 'All the World’s a Stage', '2022-11-10', 1, 13, '113', 61296.9),
(900, 12, 'Crossroads', '2022-11-17', 1, 14, '114', 61302.7),
(901, 12, 'Masquerade', '2022-11-24', 1, 15, '115', null),
(902, 12, 'Preludes', '2022-12-01', 1, 16, '116', null),
(903, 12, 'Ghost in the Machine', '2022-12-08', 1, 17, '117', null),
(904, 12, 'Mindwalk', '2022-12-15', 1, 18, '118', null),
(905, 12, 'Supernova, Part 1', '2022-12-22', 1, 19, '119', null),
(906, 12, 'Supernova, Part 2', '2022-12-29', 1, 20, '120', null),
(907, 12, 'Into the Breach, Part I', '2024-07-01', 2, 1, '201', null),
(908, 12, 'Into the Breach, Part II', '2024-07-01', 2, 2, '202', 61859.6),
(909, 12, 'Who Saves the Saviors', '2024-07-01', 2, 3, '203', 61860.1),
(910, 12, 'Temporal Mechanics 101', '2024-07-01', 2, 4, '204', 112152.1),
(911, 12, 'Observer’s Paradox', '2024-07-01', 2, 5, '205', 61865.1),
(912, 12, 'Imposter Syndrome', '2024-07-01', 2, 6, '206', null),
(913, 12, 'The Fast and the Curious', '2024-07-01', 2, 7, '207', 61875.9),
(914, 12, 'Is There in Beauty No Truth?', '2024-07-01', 2, 8, '208', 61881.4),
(915, 12, 'The Devourer of All Things, Part I', '2024-07-01', 2, 9, '209', 61886.6),
(916, 12, 'The Devourer of All Things, Part II', '2024-07-01', 2, 10, '210', null),
(917, 12, 'Last Flight of the Protostar, Part I', '2024-07-01', 2, 11, '211', null),
(918, 12, 'Last Flight of the Protostar, Part II', '2024-07-01', 2, 12, '212', 61898.2),
(919, 12, 'A Tribble Called Quest', '2024-07-01', 2, 13, '213', null),
(920, 12, 'Cracked Mirror', '2024-07-01', 2, 14, '214', null),
(921, 12, 'Ascension, Part I', '2024-07-01', 2, 15, '215', 61945.4),
(922, 12, 'Ascension, Part II', '2024-07-01', 2, 16, '216', null),
(923, 12, 'Brink', '2024-07-01', 2, 17, '217', 62083.5),
(924, 12, 'Touch of Grey', '2024-07-01', 2, 18, '218', 62091.1),
(925, 12, 'Ouroboros, Part I', '2024-07-01', 2, 19, '219', null),
(926, 12, 'Ouroboros, Part II', '2024-07-01', 2, 20, '220', 62314.8);

-- vshort
INSERT INTO episode (episode_id, series_id, title, airdate,
                     episode_number, production_code) VALUES
(927, 13, 'Skin a Cat', '2023-09-08', 1, '101'),
(928, 13, 'Holiday Party', '2023-09-13', 2, '102'),
(929, 13, 'Worst Contact', '2023-09-20', 3, '103'),
(930, 13, 'Holograms All the Way Down', '2023-09-27', 4, '104'),
(931, 13, 'Walk, Don’t Run', '2023-10-04', 5, '105');

-- SNW
INSERT INTO episode (episode_id, series_id, title, airdate, season,
	                 episode_number, production_code, stardate) VALUES
(932, 14, 'Strange New Worlds', '2022-05-05', 1, 1, '101', 1739.12),
(933, 14, 'Children of the Comet', '2022-05-12', 1, 2, '102', 2912.4),
(934, 14, 'Ghosts of Illyria', '2022-05-19', 1, 3, '103', 1224.3),
(935, 14, 'Memento Mori', '2022-05-26', 1, 4, '104', 3177.3),
(936, 14, 'Spock Amok', '2022-06-02', 1, 5, '105', 2341.4),
(937, 14, 'Lift Us Where Suffering Cannot Reach', '2022-06-09', 1, 6, '106', 1943.7),
(938, 14, 'The Serene Squall', '2022-06-16', 1, 7, '107', 1997.9),
(939, 14, 'The Elysian Kingdom', '2022-06-23', 1, 8, '108', 2341.6),
(940, 14, 'All Those Who Wander', '2022-06-30', 1, 9, '109', 2510.6),
(941, 14, 'A Quality of Mercy', '2022-07-07', 1, 10, '110', 1457.9),
(942, 14, 'The Broken Circle', '2023-06-15', 2, 1, '111', 2369.2),
(943, 14, 'Ad Astra per Aspera', '2023-06-22', 2, 2, '112', 2393.8),
(944, 14, 'Tomorrow and Tomorrow and Tomorrow', '2023-06-29', 2, 3, '113', 1581.2),
(945, 14, 'Among the Lotus Eaters', '2023-07-06', 2, 4, '114', 1630.1),
(946, 14, 'Charades', '2023-07-13', 2, 5, '115', 1789.3),
(947, 14, 'Lost in Translation', '2023-07-20', 2, 6, '116', 2394.8),
(948, 14, 'Those Old Scientists', '2023-07-22', 2, 7, '117', '2291.6, 58460.1'),
(949, 14, 'Under the Cloak of War', '2023-07-27', 2, 8, '118', 1875.4),
(950, 14, 'Subspace Rhapsody', '2023-08-03', 2, 9, '119', 2398.3),
(951, 14, 'Hegemony', '2023-08-10', 2, 10, '120', 2344.2),
(952, 14, 'Hegemony, Part II', '2025-07-17', 3, 1, '121', null),
(953, 14, 'Wedding Bell Blues', '2025-07-17', 3, 2, '122', 2251.7),
(954, 14, 'Shuttle to Kenfori', '2025-07-24', 3, 3, '123', 2449.1),
(955, 14, 'A Space Adventure Hour', '2025-07-31', 3, 4, '124', null),
(956, 14, 'Through the Lens of Time', '2025-08-07', 3, 5, '125', null),
(957, 14, 'The Sehlat Who Ate Its Tail', '2025-08-14', 3, 6, '126', null),
(958, 14, 'What Is Starfleet?', '2025-08-21', 3, 7, '127', null),
(959, 14, 'Four‐and‐a‐Half Vulcans', '2025-08-28', 3, 8, '128', null),
(960, 14, 'Terrarium', '2025-09-04', 3, 9, '129', null),
(961, 14, 'New Life and New Civilizations', '2025-09-11', 3, 10, '130', null);

-- TOS Blu-ray
INSERT INTO media_set (media_set_id, series_id, type, season) VALUES
(1, 1, 'Blu-ray', 1),
(2, 1, 'Blu-ray', 2),
(3, 1, 'Blu-ray', 3);
INSERT INTO medium_volume (medium_volume_id, media_set_id, sequence) VALUES
(1, 1, 1),
(2, 1, 2),
(3, 1, 3),
(4, 1, 4),
(5, 1, 5),
(6, 1, 6),
(7, 1, 7),
(8, 2, 1),
(9, 2, 2),
(10, 2, 3),
(11, 2, 4),
(12, 2, 5),
(13, 2, 6),
(14, 2, 7),
(15, 3, 1),
(16, 3, 2),
(17, 3, 3),
(18, 3, 4),
(19, 3, 5),
(20, 3, 6);
INSERT INTO medium_volume_episode (medium_volume_id, episode_id) VALUES
(1, 1),
(1, 2),
(1, 3),
(1, 4),
(2, 5),
(2, 6),
(2, 7),
(2, 8),
(2, 9),
(3, 10),
(3, 11),
(3, 12),
(3, 13),
(4, 14),
(4, 15),
(4, 16),
(4, 17),
(5, 18),
(5, 19),
(5, 20),
(5, 21),
(6, 22),
(6, 23),
(6, 24),
(6, 25),
(7, 26),
(7, 27),
(7, 28),
(7, 29),
(8, 30),
(8, 31),
(8, 32),
(8, 33),
(9, 34),
(9, 35),
(9, 36),
(9, 37),
(9, 38),
(10, 39),
(10, 40),
(10, 41),
(10, 42),
(10, 43),
(11, 44),
(12, 45),
(12, 46),
(12, 47),
(12, 48),
(13, 49),
(13, 50),
(13, 51),
(13, 52),
(14, 53),
(14, 54),
(14, 55),
(15, 56),
(15, 57),
(15, 58),
(15, 59),
(15, 60),
(16, 61),
(16, 62),
(16, 63),
(16, 64),
(16, 65),
(17, 66),
(17, 67),
(17, 68),
(17, 69),
(17, 70),
(18, 71),
(18, 72),
(18, 73),
(18, 74),
(18, 75),
(19, 76),
(19, 77),
(19, 78),
(19, 79),
(20, 80),
(20, 81),
(20, 82);

-- TOS DVD, remastered version
INSERT INTO media_set (media_set_id, series_id, type, season) VALUES
(4, 1, 'DVD (remastered)', 1),
(5, 1, 'DVD (remastered)', 2),
(6, 1, 'DVD (remastered)', 3);
INSERT INTO medium_volume (medium_volume_id, media_set_id, sequence) VALUES
(21, 4, 1),
(22, 4, 2),
(23, 4, 3),
(24, 4, 4),
(25, 4, 5),
(26, 4, 6),
(27, 4, 7),
(28, 4, 8),
(29, 4, 9),
(30, 4, 10),
(31, 5, 1),
(32, 5, 2),
(33, 5, 3),
(34, 5, 4),
(35, 5, 5),
(36, 5, 6),
(37, 5, 7),
(38, 5, 8),
(39, 6, 1),
(40, 6, 2),
(41, 6, 3),
(42, 6, 4),
(43, 6, 5),
(44, 6, 6),
(45, 6, 7);
INSERT INTO medium_volume_episode (medium_volume_id, episode_id) VALUES
(21, 1),
(21, 2),
(21, 3),
(22, 4),
(22, 5),
(22, 6),
(23, 7),
(23, 8),
(23, 9),
(24, 10),
(24, 11),
(24, 12),
(25, 13),
(25, 14),
(25, 15),
(26, 16),
(26, 17),
(26, 18),
(27, 19),
(27, 20),
(27, 21),
(28, 22),
(28, 23),
(28, 24),
(29, 25),
(29, 26),
(29, 27),
(30, 28),
(30, 29),
(31, 30),
(31, 31),
(32, 32),
(32, 33),
(32, 34),
(32, 35),
(33, 36),
(33, 37),
(33, 38),
(33, 39),
(34, 40),
(34, 41),
(34, 42),
(34, 43),
(35, 44),
(36, 45),
(36, 46),
(36, 47),
(36, 48),
(37, 49),
(37, 50),
(37, 51),
(37, 52),
(38, 53),
(38, 54),
(38, 55),
(39, 56),
(39, 57),
(39, 58),
(39, 59),
(40, 60),
(40, 61),
(40, 62),
(40, 63),
(41, 64),
(41, 65),
(41, 66),
(41, 67),
(42, 68),
(42, 69),
(42, 70),
(42, 71),
(43, 72),
(43, 73),
(43, 74),
(43, 75),
(44, 76),
(44, 77),
(44, 78),
(44, 79),
(45, 80),
(45, 81);

-- TOS HD DVD (first season only)
INSERT INTO media_set (media_set_id, series_id, type, season) VALUES
(7, 1, 'HD DVD', 1);
INSERT INTO medium_volume (medium_volume_id, media_set_id, sequence) VALUES
(46, 7, 1),
(47, 7, 2),
(48, 7, 3),
(49, 7, 4),
(50, 7, 5),
(51, 7, 6),
(52, 7, 7),
(53, 7, 8),
(54, 7, 9),
(55, 7, 10);
INSERT INTO medium_volume_episode (medium_volume_id, episode_id) VALUES
(46, 1),
(46, 2),
(46, 3),
(47, 4),
(47, 5),
(47, 6),
(48, 7),
(48, 8),
(48, 9),
(49, 10),
(49, 11),
(49, 12),
(50, 13),
(50, 14),
(50, 15),
(51, 16),
(51, 17),
(51, 18),
(52, 19),
(52, 20),
(52, 21),
(53, 22),
(53, 23),
(53, 24),
(54, 25),
(54, 26),
(54, 27),
(55, 28),
(55, 29);

-- TAS Blu-ray
INSERT INTO media_set (media_set_id, series_id, type) VALUES
(8, 2, 'Blu-ray');
INSERT INTO medium_volume (medium_volume_id, media_set_id, sequence) VALUES
(56, 8, 1),
(57, 8, 2),
(58, 8, 3);
INSERT INTO medium_volume_episode (medium_volume_id, episode_id) VALUES
(56, 83),
(56, 84),
(56, 85),
(56, 86),
(56, 87),
(56, 88),
(56, 89),
(57, 90),
(57, 91),
(57, 92),
(57, 93),
(57, 94),
(57, 95),
(57, 96),
(57, 97),
(58, 98),
(58, 99),
(58, 100),
(58, 101),
(58, 102),
(58, 103),
(58, 104);

-- TNG Blu-ray
INSERT INTO media_set (media_set_id, series_id, type, season) VALUES
(9, 3, 'Blu-ray', 1),
(10, 3, 'Blu-ray', 2),
(11, 3, 'Blu-ray', 3),
(12, 3, 'Blu-ray', 4),
(13, 3, 'Blu-ray', 5),
(14, 3, 'Blu-ray', 6),
(15, 3, 'Blu-ray', 7);
INSERT INTO medium_volume (medium_volume_id, media_set_id, sequence) VALUES
(59, 9, 1),
(60, 9, 2),
(61, 9, 3),
(62, 9, 4),
(63, 9, 5),
(64, 9, 6),
(65, 10, 1),
(66, 10, 2),
(67, 10, 3),
(68, 10, 4),
(69, 10, 5),
(70, 11, 1),
(71, 11, 2),
(72, 11, 3),
(73, 11, 4),
(74, 11, 5),
(75, 11, 6),
(76, 12, 1),
(77, 12, 2),
(78, 12, 3),
(79, 12, 4),
(80, 12, 5),
(81, 12, 6),
(82, 13, 1),
(83, 13, 2),
(84, 13, 3),
(85, 13, 4),
(86, 13, 5),
(87, 13, 6),
(88, 14, 1),
(89, 14, 2),
(90, 14, 3),
(91, 14, 4),
(92, 14, 5),
(93, 14, 6),
(94, 15, 1),
(95, 15, 2),
(96, 15, 3),
(97, 15, 4),
(98, 15, 5),
(99, 15, 6);
INSERT INTO medium_volume_episode (medium_volume_id, episode_id) VALUES
(59, 105),
(59, 106),
(59, 107),
(60, 108),
(60, 109),
(60, 110),
(60, 111),
(60, 112),
(61, 113),
(61, 114),
(61, 115),
(61, 116),
(61, 117),
(62, 118),
(62, 119),
(62, 120),
(62, 121),
(62, 122),
(63, 123),
(63, 124),
(63, 125),
(63, 126),
(63, 127),
(64, 128),
(64, 129),
(65, 130),
(65, 131),
(65, 132),
(65, 133),
(65, 134),
(66, 135),
(66, 136),
(66, 137),
(66, 138),
(67, 139),
(67, 140),
(67, 141),
(67, 142),
(67, 143),
(68, 144),
(68, 145),
(68, 146),
(68, 147),
(68, 148),
(69, 149),
(69, 150),
(69, 151),
(70, 152),
(70, 153),
(70, 154),
(70, 155),
(70, 156),
(71, 157),
(71, 158),
(71, 159),
(71, 160),
(71, 161),
(72, 162),
(72, 163),
(72, 164),
(72, 165),
(72, 166),
(73, 167),
(73, 168),
(73, 169),
(73, 170),
(74, 171),
(74, 172),
(74, 173),
(74, 174),
(74, 175),
(75, 176),
(75, 177),
(76, 178),
(76, 179),
(76, 180),
(76, 181),
(76, 182),
(77, 183),
(77, 184),
(77, 185),
(77, 186),
(77, 187),
(78, 188),
(78, 189),
(78, 190),
(78, 191),
(78, 192),
(79, 193),
(79, 194),
(79, 195),
(79, 196),
(79, 197),
(80, 198),
(80, 199),
(80, 200),
(80, 201),
(81, 202),
(81, 203),
(82, 204),
(82, 205),
(82, 206),
(82, 207),
(82, 208),
(83, 209),
(83, 210),
(83, 211),
(83, 212),
(83, 213),
(84, 214),
(84, 215),
(84, 216),
(84, 217),
(84, 218),
(85, 219),
(85, 220),
(85, 221),
(85, 222),
(85, 223),
(86, 224),
(86, 225),
(86, 226),
(86, 227),
(87, 228),
(87, 229),
(88, 230),
(88, 231),
(88, 232),
(88, 233),
(88, 234),
(89, 235),
(89, 236),
(89, 237),
(89, 238),
(90, 239),
(90, 240),
(90, 241),
(90, 242),
(90, 243),
(91, 244),
(91, 245),
(91, 246),
(91, 247),
(91, 248),
(92, 249),
(92, 250),
(92, 251),
(92, 252),
(92, 253),
(93, 254),
(93, 255),
(94, 256),
(94, 257),
(94, 258),
(94, 259),
(94, 260),
(95, 261),
(95, 262),
(95, 263),
(95, 264),
(96, 265),
(96, 266),
(96, 267),
(96, 268),
(96, 269),
(97, 270),
(97, 271),
(97, 272),
(97, 273),
(97, 274),
(98, 275),
(98, 276),
(98, 277),
(98, 278),
(98, 279),
(99, 280);

-- TNG DVD
INSERT INTO media_set (media_set_id, series_id, type, season) VALUES
(16, 3, 'DVD', 1),
(17, 3, 'DVD', 2),
(18, 3, 'DVD', 3),
(19, 3, 'DVD', 4),
(20, 3, 'DVD', 5),
(21, 3, 'DVD', 6),
(22, 3, 'DVD', 7);
INSERT INTO medium_volume (medium_volume_id, media_set_id, sequence) VALUES
(100, 16, 1),
(101, 16, 2),
(102, 16, 3),
(103, 16, 4),
(104, 16, 5),
(105, 16, 6),
(106, 16, 7),
(107, 17, 1),
(108, 17, 2),
(109, 17, 3),
(110, 17, 4),
(111, 17, 5),
(112, 17, 6),
(113, 18, 1),
(114, 18, 2),
(115, 18, 3),
(116, 18, 4),
(117, 18, 5),
(118, 18, 6),
(119, 18, 7),
(120, 19, 1),
(121, 19, 2),
(122, 19, 3),
(123, 19, 4),
(124, 19, 5),
(125, 19, 6),
(126, 19, 7),
(127, 20, 1),
(128, 20, 2),
(129, 20, 3),
(130, 20, 4),
(131, 20, 5),
(132, 20, 6),
(133, 20, 7),
(134, 21, 1),
(135, 21, 2),
(136, 21, 3),
(137, 21, 4),
(138, 21, 5),
(139, 21, 6),
(140, 21, 7),
(141, 22, 1),
(142, 22, 2),
(143, 22, 3),
(144, 22, 4),
(145, 22, 5),
(146, 22, 6),
(147, 22, 7);
INSERT INTO medium_volume_episode (medium_volume_id, episode_id) VALUES
(100, 105),
(100, 106),
(100, 107),
(101, 108),
(101, 109),
(101, 110),
(101, 111),
(102, 112),
(102, 113),
(102, 114),
(102, 115),
(103, 116),
(103, 117),
(103, 118),
(103, 119),
(104, 120),
(104, 121),
(104, 122),
(104, 123),
(105, 124),
(105, 125),
(105, 126),
(105, 127),
(106, 128),
(106, 129),
(107, 130),
(107, 131),
(107, 132),
(107, 133),
(108, 134),
(108, 135),
(108, 136),
(108, 137),
(109, 138),
(109, 139),
(109, 140),
(109, 141),
(110, 142),
(110, 143),
(110, 144),
(110, 145),
(111, 146),
(111, 147),
(111, 148),
(111, 149),
(112, 150),
(112, 151),
(113, 152),
(113, 153),
(113, 154),
(113, 155),
(114, 156),
(114, 157),
(114, 158),
(114, 159),
(115, 160),
(115, 161),
(115, 162),
(115, 163),
(116, 164),
(116, 165),
(116, 166),
(116, 167),
(117, 168),
(117, 169),
(117, 170),
(117, 171),
(118, 172),
(118, 173),
(118, 174),
(118, 175),
(119, 176),
(119, 177),
(120, 178),
(120, 179),
(120, 180),
(120, 181),
(121, 182),
(121, 183),
(121, 184),
(121, 185),
(122, 186),
(122, 187),
(122, 188),
(122, 189),
(123, 190),
(123, 191),
(123, 192),
(123, 193),
(124, 194),
(124, 195),
(124, 196),
(124, 197),
(125, 198),
(125, 199),
(125, 200),
(125, 201),
(126, 202),
(126, 203),
(127, 204),
(127, 205),
(127, 206),
(127, 207),
(128, 208),
(128, 209),
(128, 210),
(128, 211),
(129, 212),
(129, 213),
(129, 214),
(129, 215),
(130, 216),
(130, 217),
(130, 218),
(130, 219),
(131, 220),
(131, 221),
(131, 222),
(131, 223),
(132, 224),
(132, 225),
(132, 226),
(132, 227),
(133, 228),
(133, 229),
(134, 230),
(134, 231),
(134, 232),
(134, 233),
(135, 234),
(135, 235),
(135, 236),
(135, 237),
(136, 238),
(136, 239),
(136, 240),
(136, 241),
(137, 242),
(137, 243),
(137, 244),
(137, 245),
(138, 246),
(138, 247),
(138, 248),
(138, 249),
(139, 250),
(139, 251),
(139, 252),
(139, 253),
(140, 254),
(140, 255),
(141, 256),
(141, 257),
(141, 258),
(141, 259),
(142, 260),
(142, 261),
(142, 262),
(142, 263),
(143, 264),
(143, 265),
(143, 266),
(143, 267),
(144, 268),
(144, 269),
(144, 270),
(144, 271),
(145, 272),
(145, 273),
(145, 274),
(145, 275),
(146, 276),
(146, 277),
(146, 278),
(146, 279),
(147, 280);

-- DS9 DVD
INSERT INTO media_set (media_set_id, series_id, type, season) VALUES
(23, 4, 'DVD', 1),
(24, 4, 'DVD', 2),
(25, 4, 'DVD', 3),
(26, 4, 'DVD', 4),
(27, 4, 'DVD', 5),
(28, 4, 'DVD', 6),
(29, 4, 'DVD', 7);
INSERT INTO medium_volume (medium_volume_id, media_set_id, sequence) VALUES
(148, 23, 1),
(149, 23, 2),
(150, 23, 3),
(151, 23, 4),
(152, 23, 5),
(153, 24, 1),
(154, 24, 2),
(155, 24, 3),
(156, 24, 4),
(157, 24, 5),
(158, 24, 6),
(159, 24, 7),
(160, 25, 1),
(161, 25, 2),
(162, 25, 3),
(163, 25, 4),
(164, 25, 5),
(165, 25, 6),
(166, 25, 7),
(167, 26, 1),
(168, 26, 2),
(169, 26, 3),
(170, 26, 4),
(171, 26, 5),
(172, 26, 6),
(173, 26, 7),
(174, 27, 1),
(175, 27, 2),
(176, 27, 3),
(177, 27, 4),
(178, 27, 5),
(179, 27, 6),
(180, 27, 7),
(181, 28, 1),
(182, 28, 2),
(183, 28, 3),
(184, 28, 4),
(185, 28, 5),
(186, 28, 6),
(187, 28, 7),
(188, 29, 1),
(189, 29, 2),
(190, 29, 3),
(191, 29, 4),
(192, 29, 5),
(193, 29, 6),
(194, 29, 7);
INSERT INTO medium_volume_episode (medium_volume_id, episode_id) VALUES
(148, 281),
(148, 282),
(148, 283),
(149, 284),
(149, 285),
(149, 286),
(149, 287),
(150, 288),
(150, 289),
(150, 290),
(150, 291),
(151, 292),
(151, 293),
(151, 294),
(151, 295),
(152, 296),
(152, 297),
(152, 298),
(152, 299),
(153, 300),
(153, 301),
(153, 302),
(153, 303),
(154, 304),
(154, 305),
(154, 306),
(154, 307),
(155, 308),
(155, 309),
(155, 310),
(155, 311),
(156, 312),
(156, 313),
(156, 314),
(156, 315),
(157, 316),
(157, 317),
(157, 318),
(157, 319),
(158, 320),
(158, 321),
(158, 322),
(158, 323),
(159, 324),
(159, 325),
(160, 326),
(160, 327),
(160, 328),
(160, 329),
(161, 330),
(161, 331),
(161, 332),
(161, 333),
(162, 334),
(162, 335),
(162, 336),
(162, 337),
(163, 338),
(163, 339),
(163, 340),
(163, 341),
(164, 342),
(164, 343),
(164, 344),
(164, 345),
(165, 346),
(165, 347),
(165, 348),
(165, 349),
(166, 350),
(166, 351),
(167, 352),
(167, 353),
(167, 354),
(168, 355),
(168, 356),
(168, 357),
(168, 358),
(169, 359),
(169, 360),
(169, 361),
(169, 362),
(170, 363),
(170, 364),
(170, 365),
(170, 366),
(171, 367),
(171, 368),
(171, 369),
(171, 370),
(172, 371),
(172, 372),
(172, 373),
(172, 374),
(173, 375),
(173, 376),
(174, 377),
(174, 378),
(174, 379),
(174, 380),
(175, 381),
(175, 382),
(175, 383),
(175, 384),
(176, 385),
(176, 386),
(176, 387),
(176, 388),
(177, 389),
(177, 390),
(177, 391),
(177, 392),
(178, 393),
(178, 394),
(178, 395),
(178, 396),
(179, 397),
(179, 398),
(179, 399),
(179, 400),
(180, 401),
(180, 402),
(181, 403),
(181, 404),
(181, 405),
(181, 406),
(182, 407),
(182, 408),
(182, 409),
(182, 410),
(183, 411),
(183, 412),
(183, 413),
(183, 414),
(184, 415),
(184, 416),
(184, 417),
(184, 418),
(185, 419),
(185, 420),
(185, 421),
(185, 422),
(186, 423),
(186, 424),
(186, 425),
(186, 426),
(187, 427),
(187, 428),
(188, 429),
(188, 430),
(188, 431),
(188, 432),
(189, 433),
(189, 434),
(189, 435),
(189, 436),
(190, 437),
(190, 438),
(190, 439),
(190, 440),
(191, 441),
(191, 442),
(191, 443),
(191, 444),
(192, 445),
(192, 446),
(192, 447),
(192, 448),
(193, 449),
(193, 450),
(193, 451),
(193, 452),
(194, 453);

-- VOY DVD
INSERT INTO media_set (media_set_id, series_id, type, season) VALUES
(30, 5, 'DVD', 1),
(31, 5, 'DVD', 2),
(32, 5, 'DVD', 3),
(33, 5, 'DVD', 4),
(34, 5, 'DVD', 5),
(35, 5, 'DVD', 6),
(36, 5, 'DVD', 7);
INSERT INTO medium_volume (medium_volume_id, media_set_id, sequence) VALUES
(195, 30, 1),
(196, 30, 2),
(197, 30, 3),
(198, 30, 4),
(199, 31, 1),
(200, 31, 2),
(201, 31, 3),
(202, 31, 4),
(203, 31, 5),
(204, 31, 6),
(205, 31, 7),
(206, 32, 1),
(207, 32, 2),
(208, 32, 3),
(209, 32, 4),
(210, 32, 5),
(211, 32, 6),
(212, 32, 7),
(213, 33, 1),
(214, 33, 2),
(215, 33, 3),
(216, 33, 4),
(217, 33, 5),
(218, 33, 6),
(219, 33, 7),
(220, 34, 1),
(221, 34, 2),
(222, 34, 3),
(223, 34, 4),
(224, 34, 5),
(225, 34, 6),
(226, 34, 7),
(227, 35, 1),
(228, 35, 2),
(229, 35, 3),
(230, 35, 4),
(231, 35, 5),
(232, 35, 6),
(233, 35, 7),
(234, 36, 1),
(235, 36, 2),
(236, 36, 3),
(237, 36, 4),
(238, 36, 5),
(239, 36, 6),
(240, 36, 7);
INSERT INTO medium_volume_episode (medium_volume_id, episode_id) VALUES
(195, 454),
(195, 455),
(195, 456),
(196, 457),
(196, 458),
(196, 459),
(196, 460),
(197, 461),
(197, 462),
(197, 463),
(197, 464),
(198, 465),
(198, 466),
(198, 467),
(198, 468),
(199, 469),
(199, 470),
(199, 471),
(199, 472),
(200, 473),
(200, 474),
(200, 475),
(200, 476),
(201, 477),
(201, 478),
(201, 479),
(201, 480),
(202, 481),
(202, 482),
(202, 483),
(202, 484),
(203, 485),
(203, 486),
(203, 487),
(203, 488),
(204, 489),
(204, 490),
(204, 491),
(204, 492),
(205, 493),
(205, 494),
(206, 495),
(206, 496),
(206, 497),
(206, 498),
(207, 499),
(207, 500),
(207, 501),
(207, 502),
(208, 503),
(208, 504),
(208, 505),
(208, 506),
(209, 507),
(209, 508),
(209, 509),
(209, 510),
(210, 511),
(210, 512),
(210, 513),
(210, 514),
(211, 515),
(211, 516),
(211, 517),
(211, 518),
(212, 519),
(212, 520),
(213, 521),
(213, 522),
(213, 523),
(213, 524),
(214, 525),
(214, 526),
(214, 527),
(214, 528),
(215, 529),
(215, 530),
(215, 531),
(215, 532),
(216, 533),
(216, 534),
(216, 535),
(216, 536),
(217, 537),
(217, 538),
(217, 539),
(217, 540),
(218, 541),
(218, 542),
(218, 543),
(218, 544),
(219, 545),
(219, 546),
(220, 547),
(220, 548),
(220, 549),
(220, 550),
(221, 551),
(221, 552),
(221, 553),
(221, 554),
(222, 555),
(222, 556),
(222, 557),
(222, 558),
(223, 559),
(223, 560),
(223, 561),
(224, 562),
(224, 563),
(224, 564),
(224, 565),
(225, 566),
(225, 567),
(225, 568),
(225, 569),
(226, 570),
(226, 571),
(227, 572),
(227, 573),
(227, 574),
(227, 575),
(228, 576),
(228, 577),
(228, 578),
(228, 579),
(229, 580),
(229, 581),
(229, 582),
(229, 583),
(230, 584),
(230, 585),
(230, 586),
(230, 587),
(231, 588),
(231, 589),
(231, 590),
(231, 591),
(232, 592),
(232, 593),
(232, 594),
(232, 595),
(233, 596),
(233, 597),
(234, 598),
(234, 599),
(234, 600),
(234, 601),
(235, 602),
(235, 603),
(235, 604),
(235, 605),
(236, 606),
(236, 607),
(236, 608),
(237, 609),
(237, 610),
(237, 611),
(237, 612),
(238, 613),
(238, 614),
(238, 615),
(238, 616),
(239, 617),
(239, 618),
(239, 619),
(239, 620),
(240, 621);

-- ENT Blu-ray
INSERT INTO media_set (media_set_id, series_id, type, season) VALUES
(37, 6, 'Blu-ray', 1),
(38, 6, 'Blu-ray', 2),
(39, 6, 'Blu-ray', 3),
(40, 6, 'Blu-ray', 4);
INSERT INTO medium_volume (medium_volume_id, media_set_id, sequence) VALUES
(241, 37, 1),
(242, 37, 2),
(243, 37, 3),
(244, 37, 4),
(245, 37, 5),
(246, 37, 6),
(247, 38, 1),
(248, 38, 2),
(249, 38, 3),
(250, 38, 4),
(251, 38, 5),
(252, 38, 6),
(253, 39, 1),
(254, 39, 2),
(255, 39, 3),
(256, 39, 4),
(257, 39, 5),
(258, 39, 6),
(259, 40, 1),
(260, 40, 2),
(261, 40, 3),
(262, 40, 4),
(263, 40, 5),
(264, 40, 6);
INSERT INTO medium_volume_episode (medium_volume_id, episode_id) VALUES
(241, 622),
(241, 623),
(241, 624),
(242, 625),
(242, 626),
(242, 627),
(242, 628),
(242, 629),
(243, 630),
(243, 631),
(243, 632),
(243, 633),
(243, 634),
(244, 635),
(244, 636),
(244, 637),
(244, 638),
(244, 639),
(245, 640),
(245, 641),
(245, 642),
(245, 643),
(245, 644),
(246, 645),
(246, 646),
(247, 647),
(247, 648),
(247, 649),
(247, 650),
(248, 651),
(248, 652),
(248, 653),
(248, 654),
(248, 655),
(249, 656),
(249, 657),
(249, 658),
(249, 659),
(249, 660),
(250, 661),
(250, 662),
(250, 663),
(250, 664),
(250, 665),
(251, 666),
(251, 667),
(251, 668),
(251, 669),
(251, 670),
(252, 671),
(252, 672),
(253, 673),
(253, 674),
(253, 675),
(253, 676),
(254, 677),
(254, 678),
(254, 679),
(254, 680),
(255, 681),
(255, 682),
(255, 683),
(255, 684),
(256, 685),
(256, 686),
(256, 687),
(256, 688),
(257, 689),
(257, 690),
(257, 691),
(257, 692),
(257, 693),
(258, 694),
(258, 695),
(258, 696),
(259, 697),
(259, 698),
(259, 699),
(259, 700),
(260, 701),
(260, 702),
(260, 703),
(260, 704),
(261, 705),
(261, 706),
(261, 707),
(261, 708),
(262, 709),
(262, 710),
(262, 711),
(262, 712),
(263, 713),
(263, 714),
(263, 715),
(263, 716),
(264, 717),
(264, 718);
