PRAGMA foreign_keys=on;

INSERT INTO series (series_id, title, begin, end) VALUES
(1, 'Star Trek: The Original Series', '1966-09-08', '1969-06-03'),
(2, 'Star Trek: The Animated Series', '1973-09-08', '1974-10-12'),
(3, 'Star Trek: The Next Generation', '1987-09-28', '1994-05-23'),
(4, 'Star Trek: Deep Space Nine', '1993-01-03', '1999-06-02'),
(5, 'Star Trek: Voyager', '1995-01-16', '2001-05-23'),
(6, 'Star Trek: Enterprise', '2001-09-26', '2005-05-13'),
(7, 'Star Trek Continues', '2013-05-26', '2017-11-13');

INSERT INTO movie (movie_id, title, release_date, stardate) VALUES
(1, 'Star Trek: The Motion Picture', '1979-12-07', 7410.2),
(2, 'Star Trek II: The Wrath of Khan', '1982-06-04', 8130.3),
(3, 'Star Trek III: The Search for Spock', '1984-06-01', 8210.3),
(4, 'Star Trek IV: The Voyage Home', '1986-11-26', 8390.0),
(5, 'Star Trek V: The Final Frontier', '1989-06-09', 8454.1),
(6, 'Star Trek VI: The Undiscovered Country', '1991-12-06', 9521.6),
(7, 'Star Trek Generations', '1994-11-18', 48632.4),
(8, 'Star Trek: First Contact', '1996-11-22', 50893.5),
(9, 'Star Trek: Insurrection', '1998-12-11', null),
(10, 'Star Trek Nemesis', '2002-12-13', 56844.9),
(11, 'Star Trek', '2009-05-08', 2258.42),
(12, 'Star Trek Into Darkness', '2013-05-16', 2259.55),
(13, 'Star Trek Beyond', '2016-07-22', 2263.02),
(14, 'Star Trek: Section 31', '2025-01-24', 1292.4);

-- TOS
INSERT INTO episode (episode_id, series_id, title, airdate,
                     remastered_airdate, season, episode_number,
                     production_code, stardate) VALUES
(1, 1, 'The Man Trap', '1966-09-08', '2007-09-29', 1, 5, '6149-06', 1513.1),
(2, 1, 'Charlie X', '1966-09-15', '2007-07-14', 1, 7, '6149-08', 1533.6),
(3, 1, 'Where No Man Has Gone Before', '1966-09-22', '2007-01-20', 1, 1, '6149-02', 1312.4),
(4, 1, 'The Naked Time', '1966-09-29', '2006-09-30', 1, 6, '6149-07', 1704.2),
(5, 1, 'The Enemy Within', '1966-10-06', '2008-01-26', 1, 4, '6149-05', 1672.1),
(6, 1, 'Mudd’s Women', '1966-10-13', '2008-04-26', 1, 3, '6149-04', 1329.1),
(7, 1, 'What Are Little Girls Made Of?', '1966-10-20', '2007-10-06', 1, 9, '6149-10', 2712.4),
(8, 1, 'Miri', '1966-10-27', '2006-09-16', 1, 11, '6149-12', 2713.5),
(9, 1, 'Dagger of the Mind', '1966-11-03', '2007-10-13', 1, 10, '6149-11', 2715.1),
(10, 1, 'The Corbomite Maneuver', '1966-11-10', '2006-12-09', 1, 2, '6149-03', 1512.2),
(11, 1, 'The Menagerie, Part I', '1966-11-17', '2006-11-25', 1, 15, '6149-16A', 3012.4),
(12, 1, 'The Menagerie, Part II', '1966-11-24', '2006-12-02', 1, 16, '6149-16B', 3013.1),
(13, 1, 'The Conscience of the King', '1966-12-08', '2007-09-22', 1, 12, '6149-13', 2817.6),
(14, 1, 'Balance of Terror', '1966-12-15', '2006-09-16', 1, 8, '6149-09', 1709.2),
(15, 1, 'Shore Leave', '1966-12-29', '2007-05-26', 1, 17, '6149-17', 2025.3),
(16, 1, 'The Galileo Seven', '1967-01-05', '2007-09-15', 1, 13, '6149-14', 2821.5),
(17, 1, 'The Squire of Gothos', '1967-01-12', '2007-07-21', 1, 18, '6149-18', 2124.5),
(18, 1, 'Arena', '1967-01-19', '2006-10-21', 1, 19, '6149-19', 3045.6),
(19, 1, 'Tomorrow Is Yesterday', '1967-01-26', '2007-05-05', 1, 21, '6149-21', 3113.2),
(20, 1, 'Court Martial', '1967-02-02', '2008-05-10', 1, 14, '6149-15', 2947.3),
(21, 1, 'The Return of the Archons', '1967-02-09', '2007-12-08', 1, 22, '6149-22', 3156.2),
(22, 1, 'Space Seed', '1967-02-16', '2006-11-18', 1, 24, '6149-24', 3141.9),
(23, 1, 'A Taste of Armageddon', '1967-02-23', '2007-12-15', 1, 23, '6149-23', 3192.1),
(24, 1, 'This Side of Paradise', '1967-03-02', '2007-07-28', 1, 25, '6149-25', 3417.3),
(25, 1, 'The Devil in the Dark', '1967-03-09', '2006-09-23', 1, 26, '6149-26', 3196.1),
(26, 1, 'Errand of Mercy', '1967-03-23', '2007-05-12', 1, 27, '6149-27', 3198.4),
(27, 1, 'The Alternative Factor', '1967-03-30', '2007-12-01', 1, 20, '6149-20', 3087.6),
(28, 1, 'The City on the Edge of Forever', '1967-04-06', '2006-10-07', 1, 28, '6149-28', null),
(29, 1, 'Operation ‐‐ Annihilate!', '1967-04-13', '2008-02-23', 1, 29, '6149-29', 3287.2),
(30, 1, 'Amok Time', '1967-09-15', '2007-02-17', 2, 5, '60334', 3372.7),
(31, 1, 'Who Mourns for Adonais?', '1967-09-22', '2008-01-12', 2, 4, '60333', 3468.1),
(32, 1, 'The Changeling', '1967-09-29', '2008-02-02', 2, 8, '60337', 3541.9),
(33, 1, 'Mirror, Mirror', '1967-10-06', '2006-11-11', 2, 10, '60339', null),
(34, 1, 'The Apple', '1967-10-13', '2008-03-01', 2, 9, '60338', 3715.3),
(35, 1, 'The Doomsday Machine', '1967-10-20', '2007-02-10', 2, 6, '60335', null),
(36, 1, 'Catspaw', '1967-10-27', '2006-10-28', 2, 1, '60330', 3018.2),
(37, 1, 'I, Mudd', '1967-11-03', '2006-10-14', 2, 12, '60341', 4513.3),
(38, 1, 'Metamorphosis', '1967-11-10', '2007-11-03', 2, 2, '60331', null),
(39, 1, 'Journey to Babel', '1967-11-17', '2007-02-03', 2, 15, '60344', 3842.3),
(40, 1, 'Friday’s Child', '1967-12-01', '2007-01-06', 2, 3, '60332', 3497.2),
(41, 1, 'The Deadly Years', '1967-12-08', '2007-11-10', 2, 11, '60340', 3478.2),
(42, 1, 'Obsession', '1967-12-15', '2008-04-12', 2, 18, '60347', 3619.2),
(43, 1, 'Wolf in the Fold', '1967-12-22', '2007-03-10', 2, 7, '60336', 3614.9),
(44, 1, 'The Trouble with Tribbles', '1967-12-29', '2006-11-04', 2, 13, '60342', 4523.3),
(45, 1, 'The Gamesters of Triskelion', '1968-01-05', '2007-10-20', 2, 17, '60346', 3211.7),
(46, 1, 'A Piece of the Action', '1968-01-12', '2007-04-28', 2, 20, '60349', null),
(47, 1, 'The Immunity Syndrome', '1968-01-19', '2007-04-07', 2, 19, '60348', 4307.1),
(48, 1, 'A Private Little War', '1968-02-02', '2008-05-17', 2, 16, '60345', 4211.4),
(49, 1, 'Return to Tomorrow', '1968-02-09', '2007-07-07', 2, 22, '60351', 4768.3),
(50, 1, 'Patterns of Force', '1968-02-16', '2007-05-19', 2, 23, '60352', null),
(51, 1, 'By Any Other Name', '1968-02-23', '2008-03-08', 2, 21, '60350', 4657.5),
(52, 1, 'The Omega Glory', '1968-03-01', '2007-06-30', 2, 25, '60354', null),
(53, 1, 'The Ultimate Computer', '1968-03-08', '2008-02-09', 2, 24, '60353', 4729.4),
(54, 1, 'Bread and Circuses', '1968-03-15', '2007-06-02', 2, 14, '60343', 4040.7),
(55, 1, 'Assignment: Earth', '1968-03-29', '2008-05-03', 2, 26, '60355', null),
(56, 1, 'Spock’s Brain', '1968-09-20', '2007-06-09', 3, 6, '60032-61', 5431.4),
(57, 1, 'The Enterprise Incident', '1968-09-27', '2008-04-05', 3, 4, '60032-59', 5027.3),
(58, 1, 'The Paradise Syndrome', '1968-10-04', '2007-02-24', 3, 3, '60032-58', 4842.6),
(59, 1, 'And the Children Shall Lead', '1968-10-11', '2007-04-14', 3, 5, '60032-60', 5029.5),
(60, 1, 'Is There in Truth No Beauty?', '1968-10-18', '2008-03-22', 3, 7, '60032-62', 5630.7),
(61, 1, 'Spectre of the Gun', '1968-10-25', '2008-07-19', 3, 1, '60032-56', 4385.3),
(62, 1, 'Day of the Dove', '1968-11-01', '2008-01-05', 3, 11, '60032-66', null),
(63, 1, 'For the World Is Hollow and I Have Touched the Sky', '1968-11-08', '2007-01-27', 3, 10, '60032-65', 5476.3),
(64, 1, 'The Tholian Web', '1968-11-15', '2007-03-31', 3, 9, '60032-64', 5693.2),
(65, 1, 'Plato’s Stepchildren', '1968-11-22', '2007-06-16', 3, 12, '60032-67', 5784.2),
(66, 1, 'Wink of an Eye', '1968-11-29', '2007-01-13', 3, 13, '60032-68', 5710.5),
(67, 1, 'The Empath', '1968-12-06', '2008-07-26', 3, 8, '60032-63', 5121.5),
(68, 1, 'Elaan of Troyius', '1968-12-20', '2008-03-29', 3, 2, '60032-57', 4372.5),
(69, 1, 'Whom Gods Destroy', '1969-01-03', '2008-05-24', 3, 16, '60032-71', 5718.3),
(70, 1, 'Let That Be Your Last Battlefield', '1969-01-10', '2008-01-19', 3, 15, '60032-70', 5730.2),
(71, 1, 'The Mark of Gideon', '1969-01-17', '2008-05-31', 3, 17, '60032-72', 5423.4),
(72, 1, 'That Which Survives', '1969-01-24', '2008-03-15', 3, 14, '60032-69', null),
(73, 1, 'The Lights of Zetar', '1969-01-31', '2008-06-07', 3, 18, '60032-73', 5725.3),
(74, 1, 'Requiem for Methuselah', '1969-02-14', '2008-06-21', 3, 21, '60032-76', 5843.7),
(75, 1, 'The Way to Eden', '1969-02-21', '2008-06-14', 3, 20, '60032-75', 5832.3),
(76, 1, 'The Cloud Minders', '1969-02-28', '2008-07-12', 3, 19, '60032-74', 5818.4),
(77, 1, 'The Savage Curtain', '1969-03-07', '2008-06-28', 3, 22, '60032-77', 5906.4),
(78, 1, 'All Our Yesterdays', '1969-03-14', '2007-04-21', 3, 23, '60032-78', 5943.7),
(79, 1, 'Turnabout Intruder', '1969-06-03', '2008-08-02', 3, 24, '60032-79', 5928.5),
(80, 1, 'The Cage (extended)', '1988-10-04', null, null, null, '6149-01', null),
(81, 1, 'The Cage', null, '2009-05-02', null, null, '6149-01', null),
(82, 1, 'Where No Man Has Gone Before (pilot cut)', null, null, null, null, '6149-02', 1312.4);

-- TAS
INSERT INTO episode (episode_id, series_id, title, airdate, season,
                     episode_number, production_code, stardate) VALUES
(83, 2, 'Beyond the Farthest Star', '1973-09-08', 1, 1, '22004', 5221.3),
(84, 2, 'Yesteryear', '1973-09-15', 1, 2, '22003', 5373.4),
(85, 2, 'One of Our Planets Is Missing', '1973-09-22', 1, 3, '22007', 5371.3),
(86, 2, 'The Lorelei Signal', '1973-09-29', 1, 4, '22006', 5483.7),
(87, 2, 'More Tribbles, More Troubles', '1973-10-06', 1, 5, '22001', 5392.4),
(88, 2, 'The Survivor', '1973-10-13', 1, 6, '22005', 5143.3),
(89, 2, 'The Infinite Vulcan', '1973-10-20', 1, 7, '22002', 5554.4),
(90, 2, 'The Magicks of Megas‐Tu', '1973-10-27', 1, 8, '22009', 1254.4),
(91, 2, 'Once Upon a Planet', '1973-11-03', 1, 9, '22017', 5591.2),
(92, 2, 'Mudd’s Passion', '1973-11-10', 1, 10, '22008', 4978.5),
(93, 2, 'The Terratin Incident', '1973-11-17', 1, 11, '22015', 5577.3),
(94, 2, 'The Time Trap', '1973-11-24', 1, 12, '22010', 5267.2),
(95, 2, 'The Ambergris Element', '1973-12-01', 1, 13, '22013', 5499.9),
(96, 2, 'The Slaver Weapon', '1973-12-15', 1, 14, '22011', 4187.3),
(97, 2, 'The Eye of the Beholder', '1974-01-05', 1, 15, '22016', 5501.2),
(98, 2, 'The Jihad', '1974-01-12', 1, 16, '22014', 5683.1),
(99, 2, 'The Pirates of Orion', '1974-09-07', 2, 1, '22020', 6334.1),
(100, 2, 'Bem', '1974-09-14', 2, 2, '22018', 7403.6),
(101, 2, 'The Practical Joker', '1974-09-21', 2, 3, '22021', 3183.3),
(102, 2, 'Albatross', '1974-09-28', 2, 4, '22019', 5275.6),
(103, 2, 'How Sharper Than a Serpent’s Tooth', '1974-10-05', 2, 5, '22022', 6063.4),
(104, 2, 'The Counter‐Clock Incident', '1974-10-12', 2, 6, '22023', 6770.1);

-- TNG
INSERT INTO episode (episode_id, series_id, title, airdate, season,
                     episode_number, production_code, stardate) VALUES
(105, 3, 'Encounter at Farpoint', '1987-09-28', 1, 1, '721', 41153.7),
(106, 3, 'The Naked Now', '1987-10-05', 1, 3, '40271-103', 41209.2),
(107, 3, 'Code of Honor', '1987-10-12', 1, 4, '40271-104', 41235.25),
(108, 3, 'The Last Outpost', '1987-10-19', 1, 5, '40271-107', 41386.4),
(109, 3, 'Where No One Has Gone Before', '1987-10-26', 1, 6, '40271-106', 41263.1),
(110, 3, 'Lonely Among Us', '1987-11-02', 1, 7, '40271-108', 41249.3),
(111, 3, 'Justice', '1987-11-09', 1, 8, '40271-109', 41255.6),
(112, 3, 'The Battle', '1987-11-16', 1, 9, '40271-110', 41723.9),
(113, 3, 'Hide and Q', '1987-11-23', 1, 10, '40271-111', 41590.5),
(114, 3, 'Haven', '1987-11-30', 1, 11, '40271-105', 41294.5),
(115, 3, 'The Big Goodbye', '1988-01-11', 1, 12, '40271-113', 41997.7),
(116, 3, 'Datalore', '1988-01-18', 1, 13, '40271-114', 41242.4),
(117, 3, 'Angel One', '1988-01-25', 1, 14, '40271-115', 41636.9),
(118, 3, '11001001', '1988-02-01', 1, 15, '40271-116', 41365.9),
(119, 3, 'Too Short a Season', '1988-02-08', 1, 16, '40271-112', 41309.5),
(120, 3, 'When the Bough Breaks', '1988-02-15', 1, 17, '40271-118', 41509.1),
(121, 3, 'Home Soil', '1988-02-22', 1, 18, '40271-117', 41463.9),
(122, 3, 'Coming of Age', '1988-03-14', 1, 19, '40271-119', 41461.2),
(123, 3, 'Heart of Glory', '1988-03-21', 1, 20, '40271-120', 41503.7),
(124, 3, 'The Arsenal of Freedom', '1988-04-11', 1, 21, '40271-121', 41798.2),
(125, 3, 'Symbiosis', '1988-04-18', 1, 22, '40271-123', null),
(126, 3, 'Skin of Evil', '1988-04-25', 1, 23, '40271-122', 41601.3),
(127, 3, 'We’ll Always Have Paris', '1988-05-02', 1, 24, '40271-124', 41697.3),
(128, 3, 'Conspiracy', '1988-05-09', 1, 25, '40271-125', 41775.5),
(129, 3, 'The Neutral Zone', '1988-05-16', 1, 26, '40271-126', 41986.0),
(130, 3, 'The Child', '1988-11-21', 2, 1, '40272-127', 42073.1),
(131, 3, 'Where Silence Has Lease', '1988-11-28', 2, 2, '40272-128', 42193.6),
(132, 3, 'Elementary, Dear Data', '1988-12-05', 2, 3, '40272-129', 42286.3),
(133, 3, 'The Outrageous Okona', '1988-12-12', 2, 4, '40272-130', 42402.7),
(134, 3, 'Loud as a Whisper', '1989-01-09', 2, 5, '40272-132', 42477.2),
(135, 3, 'The Schizoid Man', '1989-01-23', 2, 6, '40272-131', 42437.5),
(136, 3, 'Unnatural Selection', '1989-01-30', 2, 7, '40272-133', 42494.8),
(137, 3, 'A Matter of Honor', '1989-02-06', 2, 8, '40272-134', 42506.5),
(138, 3, 'The Measure of a Man', '1989-02-13', 2, 9, '40272-135', 42523.7),
(139, 3, 'The Dauphin', '1989-02-20', 2, 10, '40272-136', 42568.8),
(140, 3, 'Contagion', '1989-03-20', 2, 11, '40272-137', 42609.1),
(141, 3, 'The Royale', '1989-03-27', 2, 12, '40272-138', 42625.4),
(142, 3, 'Time Squared', '1989-04-03', 2, 13, '40272-139', 42679.2),
(143, 3, 'The Icarus Factor', '1989-04-24', 2, 14, '40272-140', 42686.4),
(144, 3, 'Pen Pals', '1989-05-01', 2, 15, '40272-141', 42695.3),
(145, 3, 'Q Who', '1989-05-08', 2, 16, '40272-142', 42761.3),
(146, 3, 'Samaritan Snare', '1989-05-15', 2, 17, '40272-143', 42779.1),
(147, 3, 'Up the Long Ladder', '1989-05-22', 2, 18, '40272-144', 42823.2),
(148, 3, 'Manhunt', '1989-06-19', 2, 19, '40272-145', 42859.2),
(149, 3, 'The Emissary', '1989-06-26', 2, 20, '40272-146', 42901.3),
(150, 3, 'Peak Performance', '1989-07-10', 2, 21, '40272-147', 42923.4),
(151, 3, 'Shades of Gray', '1989-07-17', 2, 22, '40272-148', 42976.1),
(152, 3, 'Evolution', '1989-09-25', 3, 1, '40273-150', 43125.8),
(153, 3, 'The Ensigns of Command', '1989-10-02', 3, 2, '40273-149', 43133.3),
(154, 3, 'The Survivors', '1989-10-09', 3, 3, '40273-151', 43152.4),
(155, 3, 'Who Watches the Watchers', '1989-10-16', 3, 4, '40273-152', 43173.5),
(156, 3, 'The Bonding', '1989-10-23', 3, 5, '40273-153', 43198.7),
(157, 3, 'Booby Trap', '1989-10-30', 3, 6, '40273-154', 43205.6),
(158, 3, 'The Enemy', '1989-11-06', 3, 7, '40273-155', 43349.2),
(159, 3, 'The Price', '1989-11-13', 3, 8, '40273-156', 43385.6),
(160, 3, 'The Vengeance Factor', '1989-11-20', 3, 9, '40273-157', 43421.9),
(161, 3, 'The Defector', '1990-01-01', 3, 10, '40273-158', 43462.5),
(162, 3, 'The Hunted', '1990-01-08', 3, 11, '40273-159', 43489.2),
(163, 3, 'The High Ground', '1990-01-29', 3, 12, '40273-160', 43510.7),
(164, 3, 'Deja Q', '1990-02-05', 3, 13, '40273-161', 43539.1),
(165, 3, 'A Matter of Perspective', '1990-02-12', 3, 14, '40273-162', 43610.4),
(166, 3, 'Yesterday’s Enterprise', '1990-02-19', 3, 15, '40273-163', 43625.2),
(167, 3, 'The Offspring', '1990-03-12', 3, 16, '40273-164', 43657.0),
(168, 3, 'Sins of the Father', '1990-03-19', 3, 17, '40273-165', 43685.2),
(169, 3, 'Allegiance', '1990-03-26', 3, 18, '40273-166', 43714.1),
(170, 3, 'Captain’s Holiday', '1990-04-02', 3, 19, '40273-167', 43745.2),
(171, 3, 'Tin Man', '1990-04-23', 3, 20, '40273-168', 43779.3),
(172, 3, 'Hollow Pursuits', '1990-04-30', 3, 21, '40273-169', 43807.4),
(173, 3, 'The Most Toys', '1990-05-07', 3, 22, '40273-170', 43872.2),
(174, 3, 'Sarek', '1990-05-14', 3, 23, '40273-171', 43917.4),
(175, 3, 'Ménage à Troi', '1990-05-28', 3, 24, '40273-172', 43930.7),
(176, 3, 'Transfigurations', '1990-06-04', 3, 25, '40273-173', 43957.5),
(177, 3, 'The Best of Both Worlds', '1990-06-18', 3, 26, '40273-174', 43989.1),
(178, 3, 'The Best of Both Worlds, Part II', '1990-09-24', 4, 1, '40274-175', 44001.4),
(179, 3, 'Family', '1990-10-01', 4, 2, '40274-178', 44012.3),
(180, 3, 'Brothers', '1990-10-08', 4, 3, '40274-177', 44085.7),
(181, 3, 'Suddenly Human', '1990-10-15', 4, 4, '40274-176', 44143.7),
(182, 3, 'Remember Me', '1990-10-22', 4, 5, '40274-179', 44161.2),
(183, 3, 'Legacy', '1990-10-29', 4, 6, '40274-180', 44215.2),
(184, 3, 'Reunion', '1990-11-05', 4, 7, '40274-181', 44246.3),
(185, 3, 'Future Imperfect', '1990-11-12', 4, 8, '40274-182', 44286.5),
(186, 3, 'Final Mission', '1990-11-19', 4, 9, '40274-183', 44307.3),
(187, 3, 'The Loss', '1990-12-31', 4, 10, '40274-184', 44356.9),
(188, 3, 'Data’s Day', '1991-01-07', 4, 11, '40274-185', 44390.1),
(189, 3, 'The Wounded', '1991-01-28', 4, 12, '40274-186', 44429.6),
(190, 3, 'Devil’s Due', '1991-02-04', 4, 13, '40274-187', 44474.5),
(191, 3, 'Clues', '1991-02-11', 4, 14, '40274-188', 44502.7),
(192, 3, 'First Contact', '1991-02-18', 4, 15, '40274-189', null),
(193, 3, 'Galaxy’s Child', '1991-03-11', 4, 16, '40274-190', 44614.6),
(194, 3, 'Night Terrors', '1991-03-18', 4, 17, '40274-191', 44631.2),
(195, 3, 'Identity Crisis', '1991-03-25', 4, 18, '40274-192', 44664.5),
(196, 3, 'The Nth Degree', '1991-04-01', 4, 19, '40274-193', 44704.2),
(197, 3, 'Qpid', '1991-04-22', 4, 20, '40274-194', 44741.9),
(198, 3, 'The Drumhead', '1991-04-29', 4, 21, '40274-195', 44769.2),
(199, 3, 'Half a Life', '1991-05-06', 4, 22, '40274-196', 44805.3),
(200, 3, 'The Host', '1991-05-13', 4, 23, '40274-197', 44821.3),
(201, 3, 'The Mind’s Eye', '1991-05-27', 4, 24, '40274-198', 44885.5),
(202, 3, 'In Theory', '1991-06-03', 4, 25, '40274-199', 44932.3),
(203, 3, 'Redemption', '1991-06-17', 4, 26, '40274-200', 44995.3),
(204, 3, 'Redemption II', '1991-09-23', 5, 1, '40275-201', 45020.4),
(205, 3, 'Darmok', '1991-09-30', 5, 2, '40275-202', 45047.2),
(206, 3, 'Ensign Ro', '1991-10-07', 5, 3, '40275-203', 45076.3),
(207, 3, 'Silicon Avatar', '1991-10-14', 5, 4, '40275-204', 45122.3),
(208, 3, 'Disaster', '1991-10-21', 5, 5, '40275-205', 45156.1),
(209, 3, 'The Game', '1991-10-28', 5, 6, '40275-206', 45208.2),
(210, 3, 'Unification I', '1991-11-04', 5, 7, '40275-208', 45236.4),
(211, 3, 'Unification II', '1991-11-11', 5, 8, '40275-207', 45245.8),
(212, 3, 'A Matter of Time', '1991-11-18', 5, 9, '40275-209', 45349.1),
(213, 3, 'New Ground', '1992-01-06', 5, 10, '40275-210', 45376.3),
(214, 3, 'Hero Worship', '1992-01-27', 5, 11, '40275-211', 45397.3),
(215, 3, 'Violations', '1992-02-03', 5, 12, '40275-212', 45429.3),
(216, 3, 'The Masterpiece Society', '1992-02-10', 5, 13, '40275-213', 45470.1),
(217, 3, 'Conundrum', '1992-02-17', 5, 14, '40275-214', 45494.2),
(218, 3, 'Power Play', '1992-02-24', 5, 15, '40275-215', 45571.2),
(219, 3, 'Ethics', '1992-03-02', 5, 16, '40275-216', 45587.3),
(220, 3, 'The Outcast', '1992-03-16', 5, 17, '40275-217', 45614.6),
(221, 3, 'Cause and Effect', '1992-03-23', 5, 18, '40275-218', 45652.1),
(222, 3, 'The First Duty', '1992-03-30', 5, 19, '40275-219', 45703.9),
(223, 3, 'Cost of Living', '1992-04-20', 5, 20, '40275-220', 45733.6),
(224, 3, 'The Perfect Mate', '1992-04-27', 5, 21, '40275-221', 45761.3),
(225, 3, 'Imaginary Friend', '1992-05-04', 5, 22, '40275-222', 45832.1),
(226, 3, 'I Borg', '1992-05-11', 5, 23, '40275-223', 45854.2),
(227, 3, 'The Next Phase', '1992-05-18', 5, 24, '40275-224', 45892.4),
(228, 3, 'The Inner Light', '1992-06-01', 5, 25, '40275-225', 45944.1),
(229, 3, 'Time’s Arrow', '1992-06-15', 5, 26, '40275-226', 45959.1),
(230, 3, 'Time’s Arrow, Part II', '1992-09-21', 6, 1, '40276-227', 46001.3),
(231, 3, 'Realm of Fear', '1992-09-28', 6, 2, '40276-228', 46041.1),
(232, 3, 'Man of the People', '1992-10-05', 6, 3, '40276-229', 46071.6),
(233, 3, 'Relics', '1992-10-12', 6, 4, '40276-230', 46125.3),
(234, 3, 'Schisms', '1992-10-19', 6, 5, '40276-231', 46154.2),
(235, 3, 'True Q', '1992-10-26', 6, 6, '40276-232', 46192.3),
(236, 3, 'Rascals', '1992-11-02', 6, 7, '40276-233', 46235.7),
(237, 3, 'A Fistful of Datas', '1992-11-09', 6, 8, '40276-234', 46271.5),
(238, 3, 'The Quality of Life', '1992-11-16', 6, 9, '40276-235', 46307.2),
(239, 3, 'Chain of Command, Part I', '1992-12-14', 6, 10, '40276-236', 46357.4),
(240, 3, 'Chain of Command, Part II', '1992-12-21', 6, 11, '40276-237', 46360.8),
(241, 3, 'Ship in a Bottle', '1993-01-25', 6, 12, '40276-238', 46424.1),
(242, 3, 'Aquiel', '1993-02-01', 6, 13, '40276-239', 46461.3),
(243, 3, 'Face of the Enemy', '1993-02-08', 6, 14, '40276-240', 46519.0),
(244, 3, 'Tapestry', '1993-02-15', 6, 15, '40276-241', null),
(245, 3, 'Birthright, Part I', '1993-02-22', 6, 16, '40276-242', 46578.4),
(246, 3, 'Birthright, Part II', '1993-03-01', 6, 17, '40276-243', 46579.2),
(247, 3, 'Starship Mine', '1993-03-29', 6, 18, '40276-244', 46682.4),
(248, 3, 'Lessons', '1993-04-05', 6, 19, '40276-245', 46693.1),
(249, 3, 'The Chase', '1993-04-26', 6, 20, '40276-246', 46731.5),
(250, 3, 'Frame of Mind', '1993-05-03', 6, 21, '40276-247', 46778.1),
(251, 3, 'Suspicions', '1993-05-10', 6, 22, '40276-248', 46830.1),
(252, 3, 'Rightful Heir', '1993-05-17', 6, 23, '40276-249', 46852.2),
(253, 3, 'Second Chances', '1993-05-24', 6, 24, '40276-250', 46915.2),
(254, 3, 'Timescape', '1993-06-14', 6, 25, '40276-251', 46944.2),
(255, 3, 'Descent', '1993-06-21', 6, 26, '40276-252', 46982.1),
(256, 3, 'Descent, Part II', '1993-09-20', 7, 1, '40277-253', 47025.4),
(257, 3, 'Liasions', '1993-09-27', 7, 2, '40277-254', null),
(258, 3, 'Interface', '1993-10-04', 7, 3, '40277-255', 47215.5),
(259, 3, 'Gambit, Part I', '1993-10-11', 7, 4, '40277-256', 47135.2),
(260, 3, 'Gambit, Part II', '1993-10-18', 7, 5, '40277-257', 47160.1),
(261, 3, 'Phantasms', '1993-10-25', 7, 6, '40277-258', 47225.7),
(262, 3, 'Dark Page', '1993-11-01', 7, 7, '40277-259', 47254.1),
(263, 3, 'Attached', '1993-11-08', 7, 8, '40277-260', 47304.2),
(264, 3, 'Force of Nature', '1993-11-15', 7, 9, '40277-261', 47310.2),
(265, 3, 'Inheritance', '1993-11-22', 7, 10, '40277-262', 47410.2),
(266, 3, 'Parallels', '1993-11-29', 7, 11, '40277-263', 47391.2),
(267, 3, 'The Pegasus', '1994-01-10', 7, 12, '40277-264', 47457.1),
(268, 3, 'Homeward', '1994-01-17', 7, 13, '40277-265', 47423.9),
(269, 3, 'Sub Rosa', '1994-01-31', 7, 14, '40277-266', null),
(270, 3, 'Lower Decks', '1994-02-07', 7, 15, '40277-267', 47566.7),
(271, 3, 'Thine Own Self', '1994-02-14', 7, 16, '40277-268', 47611.2),
(272, 3, 'Masks', '1994-02-21', 7, 17, '40277-269', 47615.2),
(273, 3, 'Eye of the Beholder', '1994-02-28', 7, 18, '40277-270', 47622.1),
(274, 3, 'Genesis', '1994-03-21', 7, 19, '40277-271', 47653.2),
(275, 3, 'Journey’s End', '1994-03-28', 7, 20, '40277-272', 47751.2),
(276, 3, 'Firstborn', '1994-04-25', 7, 21, '40277-273', 47779.4),
(277, 3, 'Bloodlines', '1994-05-02', 7, 22, '40277-274', 47829.1),
(278, 3, 'Emergence', '1994-05-09', 7, 23, '40277-275', 47869.2),
(279, 3, 'Preemptive Strike', '1994-05-16', 7, 24, '40277-276', 47941.7),
(280, 3, 'All Good Things…', '1994-05-23', 7, 25, '40277-747', 47988.0);

-- DS9
INSERT INTO episode (episode_id, series_id, title, airdate, season,
                     episode_number, production_code, stardate) VALUES
(281, 4, 'Emissary', '1993-01-03', 1, 1, '40511-721', 46379.1),
(282, 4, 'Past Prologue', '1993-01-10', 1, 3, '40511-404', null),
(283, 4, 'A Man Alone', '1993-01-17', 1, 4, '40511-403', 46421.5),
(284, 4, 'Babel', '1993-01-24', 1, 5, '40511-405', 46423.7),
(285, 4, 'Captive Pursuit', '1993-01-31', 1, 6, '40511-406', 46477.5),
(286, 4, 'Q‐Less', '1993-02-07', 1, 7, '40511-407', 46531.2),
(287, 4, 'Dax', '1993-02-14', 1, 8, '40511-408', 46910.1),
(288, 4, 'The Passenger', '1993-02-21', 1, 9, '40511-409', null),
(289, 4, 'Move Along Home', '1993-03-14', 1, 10, '40511-410', null),
(290, 4, 'The Nagus', '1993-03-21', 1, 11, '40511-411', null),
(291, 4, 'Vortex', '1993-04-18', 1, 12, '40511-412', null),
(292, 4, 'Battle Lines', '1993-04-25', 1, 13, '40511-413', null),
(293, 4, 'The Storyteller', '1993-05-02', 1, 14, '40511-414', 46729.1),
(294, 4, 'Progress', '1993-05-09', 1, 15, '40511-415', 46844.3),
(295, 4, 'If Wishes Were Horses', '1993-05-16', 1, 16, '40511-416', 46853.2),
(296, 4, 'The Forsaken', '1993-05-23', 1, 17, '40511-417', 46925.1),
(297, 4, 'Dramatis Personae', '1993-05-30', 1, 18, '40511-418', 46922.3),
(298, 4, 'Duet', '1993-06-13', 1, 19, '40511-419', null),
(299, 4, 'In the Hands of the Prophets', '1993-06-20', 1, 20, '40511-420', null),
(300, 4, 'The Homecoming', '1993-09-26', 2, 1, '40512-421', null),
(301, 4, 'The Circle', '1993-10-03', 2, 2, '40512-422', null),
(302, 4, 'The Siege', '1993-10-10', 2, 3, '40512-423', null),
(303, 4, 'Invasive Procedures', '1993-10-17', 2, 4, '40512-424', 47182.1),
(304, 4, 'Cardassians', '1993-10-24', 2, 5, '40512-425', 47177.2),
(305, 4, 'Melora', '1993-10-31', 2, 6, '40512-426', 47229.1),
(306, 4, 'Rules of Acquisition', '1993-11-07', 2, 7, '40512-427', null),
(307, 4, 'Necessary Evil', '1993-11-14', 2, 8, '40512-428', 47282.5),
(308, 4, 'Second Sight', '1993-11-21', 2, 9, '40512-429', 47329.4),
(309, 4, 'Sanctuary', '1993-11-28', 2, 10, '40512-430', 47391.2),
(310, 4, 'Rivals', '1994-01-02', 2, 11, '40512-431', null),
(311, 4, 'The Alternate', '1994-01-09', 2, 12, '40512-432', 47391.7),
(312, 4, 'Armageddon Game', '1994-01-30', 2, 13, '40512-433', null),
(313, 4, 'Whispers', '1994-02-06', 2, 14, '40512-434', 47581.2),
(314, 4, 'Paradise', '1994-02-13', 2, 15, '40512-435', 47573.1),
(315, 4, 'Shadowplay', '1994-02-20', 2, 16, '40512-436', 47603.3),
(316, 4, 'Playing God', '1994-02-27', 2, 17, '40512-437', null),
(317, 4, 'Profit and Loss', '1994-03-20', 2, 18, '40512-438', null),
(318, 4, 'Blood Oath', '1994-03-27', 2, 19, '40512-439', null),
(319, 4, 'The Maquis, Part I', '1994-04-24', 2, 20, '40512-440', null),
(320, 4, 'The Maquis, Part II', '1994-05-01', 2, 21, '40512-441', null),
(321, 4, 'The Wire', '1994-05-08', 2, 22, '40512-442', null),
(322, 4, 'Crossover', '1994-05-15', 2, 23, '40512-443', null),
(323, 4, 'The Collaborator', '1994-05-22', 2, 24, '40512-444', null),
(324, 4, 'Tribunal', '1994-06-05', 2, 25, '40512-445', 47944.2),
(325, 4, 'The Jem’Hadar', '1994-06-12', 2, 26, '40512-446', null),
(326, 4, 'The Search, Part I', '1994-09-26', 3, 1, '40512-447', 48213.1),
(327, 4, 'The Search, Part II', '1994-10-03', 3, 2, '40512-447', 48217.7),
(328, 4, 'The House of Quark', '1994-10-10', 3, 3, '40513-449', 48224.2),
(329, 4, 'Equilibrium', '1994-10-17', 3, 4, '40513-450', null),
(330, 4, 'Second Skin', '1994-10-24', 3, 5, '40513-451', 48244.5),
(331, 4, 'The Abandoned', '1994-10-31', 3, 6, '40513-452', 48301.1),
(332, 4, 'Civil Defense', '1994-11-07', 3, 7, '40513-453', 48388.8),
(333, 4, 'Meridian', '1994-11-14', 3, 8, '40513-454', 48423.2),
(334, 4, 'Defiant', '1994-11-21', 3, 9, '40513-455', 48467.3),
(335, 4, 'Fascination', '1994-11-28', 3, 10, '40513-456', null),
(336, 4, 'Past Tense, Part I', '1995-01-02', 3, 11, '40513-457', 48481.2),
(337, 4, 'Past Tense, Part II', '1995-01-09', 3, 12, '40513-458', 48481.2),
(338, 4, 'Life Support', '1995-01-30', 3, 13, '40513-459', 48498.4),
(339, 4, 'Heart of Stone', '1995-02-06', 3, 14, '40513-460', 48521.5),
(340, 4, 'Destiny', '1995-02-13', 3, 15, '40513-461', 48543.2),
(341, 4, 'Prophet Motive', '1995-02-20', 3, 16, '40513-462', null),
(342, 4, 'Visionary', '1995-02-27', 3, 17, '40513-463', 48576.7),
(343, 4, 'Distant Voices', '1995-04-10', 3, 18, '40513-464', 48592.2),
(344, 4, 'Through the Looking Glass', '1995-04-17', 3, 19, '40513-466', null),
(345, 4, 'Improbable Cause', '1995-04-24', 3, 20, '40513-465', null),
(346, 4, 'The Die Is Cast', '1995-05-01', 3, 21, '40513-467', null),
(347, 4, 'Explorers', '1995-05-08', 3, 22, '40513-468', null),
(348, 4, 'Family Business', '1995-05-15', 3, 23, '40513-469', null),
(349, 4, 'Shakaar', '1995-05-22', 3, 24, '40513-470', null),
(350, 4, 'Facets', '1995-06-12', 3, 25, '40513-471', 48876.3),
(351, 4, 'The Adversary', '1995-06-19', 3, 26, '40513-472', 48959.1),
(352, 4, 'The Way of the Warrior', '1995-10-02', 4, 1, '40514-473', 49011.4),
(353, 4, 'The Visitor', '1995-10-09', 4, 3, '40510-476', 49034.7),
(354, 4, 'Hippocratic Oath', '1995-10-16', 4, 4, '40510-475', 49066.5),
(355, 4, 'Indiscretion', '1995-10-23', 4, 5, '40510-477', null),
(356, 4, 'Rejoined', '1995-10-30', 4, 6, '40510-478', 49195.5),
(357, 4, 'Starship Down', '1995-11-06', 4, 7, '40510-480', 49263.5),
(358, 4, 'Little Green Men', '1995-11-13', 4, 8, '40510-479', null),
(359, 4, 'The Sword of Kahless', '1995-11-20', 4, 9, '40510-481', 49289.1),
(360, 4, 'Our Man Bashir', '1995-11-27', 4, 10, '40510-482', 49300.7),
(361, 4, 'Homefront', '1996-01-01', 4, 11, '40510-483', 49170.7),
(362, 4, 'Paradise Lost', '1996-01-08', 4, 12, '40510-484', null),
(363, 4, 'Crossfire', '1996-01-29', 4, 13, '40510-485', null),
(364, 4, 'Return to Grace', '1996-02-05', 4, 14, '40510-486', null),
(365, 4, 'Sons of Mogh', '1996-02-12', 4, 15, '40510-487', 49556.2),
(366, 4, 'Bar Association', '1996-02-19', 4, 16, '40510-488', null),
(367, 4, 'Accession', '1996-02-26', 4, 17, '40510-489', null),
(368, 4, 'Rules of Engagement', '1996-04-08', 4, 18, '40510-490', 49665.3),
(369, 4, 'Hard Time', '1996-04-15', 4, 19, '40510-491', null),
(370, 4, 'Shattered Mirror', '1996-04-22', 4, 20, '40510-492', null),
(371, 4, 'The Muse', '1996-04-29', 4, 21, '40510-493', null),
(372, 4, 'For the Cause', '1996-05-06', 4, 22, '40510-494', null),
(373, 4, 'To the Death', '1996-05-13', 4, 23, '40510-496', 49904.2),
(374, 4, 'The Quickening', '1996-05-20', 4, 24, '40510-495', null),
(375, 4, 'Body Parts', '1996-06-10', 4, 25, '40510-497', 49930.3),
(376, 4, 'Broken Link', '1996-06-17', 4, 26, '40510-498', 49962.4),
(377, 4, 'Apocalypse Rising', '1996-09-30', 5, 1, '40510-499', null),
(378, 4, 'The Ship', '1996-10-07', 5, 2, '40510-500', 50049.3),
(379, 4, 'Looking for par’Mach in All the Wrong Places', '1996-10-14', 5, 3, '40510-501', 50061.2),
(380, 4, 'Nor the Battle to the Strong', '1996-10-21', 5, 4, '40510-502', null),
(381, 4, 'The Assignment', '1996-10-28', 5, 5, '40510-504', null),
(382, 4, 'Trials and Tribble‐ations', '1996-11-04', 5, 6, '40510-503', 4523.7),
(383, 4, 'Let He Who Is Without Sin…', '1996-11-11', 5, 7, '40510-505', null),
(384, 4, 'Things Past', '1996-11-18', 5, 8, '40510-506', null),
(385, 4, 'The Ascent', '1996-11-25', 5, 9, '40510-507', null),
(386, 4, 'Rapture', '1996-12-30', 5, 10, '40510-508', null),
(387, 4, 'The Darkness and the Light', '1997-01-06', 5, 11, '40510-509', 50416.2),
(388, 4, 'The Begotten', '1997-01-27', 5, 12, '40510-510', null),
(389, 4, 'For the Uniform', '1997-02-03', 5, 13, '40510-511', 50485.2),
(390, 4, 'In Purgatory’s Shadow', '1997-02-10', 5, 14, '40510-512', null),
(391, 4, 'By Inferno’s Light', '1997-02-17', 5, 15, '40510-513', 50564.2),
(392, 4, 'Doctor Bashir, I Presume', '1997-02-24', 5, 16, '40510-514', null),
(393, 4, 'A Simple Investigation', '1997-03-31', 5, 17, '40510-515', null),
(394, 4, 'Business as Usual', '1997-04-07', 5, 18, '40510-516', null),
(395, 4, 'Ties of Blood and Water', '1997-04-14', 5, 19, '40510-517', 50712.5),
(396, 4, 'Ferengi Love Songs', '1997-04-21', 5, 20, '40510-518', null),
(397, 4, 'Soldiers of the Empire', '1997-04-28', 5, 21, '40510-519', null),
(398, 4, 'Children of Time', '1997-05-05', 5, 22, '40510-520', 50814.2),
(399, 4, 'Blaze of Glory', '1997-05-12', 5, 23, '40510-521', null),
(400, 4, 'Empok Nor', '1997-05-19', 5, 24, '40510-522', 50901.7),
(401, 4, 'In the Cards', '1997-06-09', 5, 25, '40510-523', 50929.4),
(402, 4, 'Call to Arms', '1997-06-16', 5, 26, '40510-524', 50975.2),
(403, 4, 'A Time to Stand', '1997-09-29', 6, 1, '40510-525', null),
(404, 4, 'Rocks and Shoals', '1997-10-06', 6, 2, '40510-527', 51096.2),
(405, 4, 'Sons and Daughters', '1997-10-13', 6, 3, '40510-526', null),
(406, 4, 'Behind the Lines', '1997-10-20', 6, 4, '40510-528', 51145.3),
(407, 4, 'Favor the Bold', '1997-10-27', 6, 5, '40510-529', null),
(408, 4, 'Sacrifice of Angels', '1997-11-03', 6, 6, '40510-530', null),
(409, 4, 'You Are Cordially Invited', '1997-11-10', 6, 7, '40510-531', 51247.5),
(410, 4, 'Resurrection', '1997-11-17', 6, 8, '40510-532', null),
(411, 4, 'Statistical Probabilities', '1997-11-24', 6, 9, '40510-533', null),
(412, 4, 'The Magnificent Ferengi', '1998-01-01', 6, 10, '40510-534', null),
(413, 4, 'Waltz', '1998-01-08', 6, 11, '40510-535', 51408.6),
(414, 4, 'Who Mourns for Morn?', '1998-02-04', 6, 12, '40510-536', null),
(415, 4, 'Far Beyond the Stars', '1998-02-11', 6, 13, '40510-538', null),
(416, 4, 'One Little Ship', '1998-02-18', 6, 14, '40510-537', 51474.2),
(417, 4, 'Honor Among Thieves', '1998-02-25', 6, 15, '40510-539', null),
(418, 4, 'Change of Heart', '1998-03-04', 6, 16, '40510-540', 51597.2),
(419, 4, 'Wrongs Darker Than Death or Night', '1998-04-01', 6, 17, '40510-541', null),
(420, 4, 'Inquisition', '1998-04-08', 6, 18, '40510-542', null),
(421, 4, 'In the Pale Moonlight', '1998-04-15', 6, 19, '40510-543', 51721.3),
(422, 4, 'His Way', '1998-04-22', 6, 20, '40510-544', null),
(423, 4, 'The Reckoning', '1998-04-29', 6, 21, '40510-545', null),
(424, 4, 'Valiant', '1998-05-06', 6, 22, '40510-546', 51825.4),
(425, 4, 'Profit and Lace', '1998-05-13', 6, 23, '40510-547', null),
(426, 4, 'Time’s Orphan', '1998-05-20', 6, 24, '40510-548', null),
(427, 4, 'The Sound of Her Voice', '1998-06-10', 6, 25, '40510-549', 51948.3),
(428, 4, 'Tears of the Prophets', '1998-06-17', 6, 26, '40510-550', null),
(429, 4, 'Image in the Sand', '1998-09-30', 7, 1, '40510-551', null),
(430, 4, 'Shadows and Symbols', '1998-10-07', 7, 2, '40510-552', 52152.6),
(431, 4, 'Afterimage', '1998-10-14', 7, 3, '40510-553', null),
(432, 4, 'Take Me Out to the Holosuite', '1998-10-21', 7, 4, '40510-554', null),
(433, 4, 'Chrysalis', '1998-10-28', 7, 5, '40510-555', null),
(434, 4, 'Treachery, Faith and the Great River', '1998-11-04', 7, 6, '40510-556', null),
(435, 4, 'Once More Unto the Breach', '1998-11-11', 7, 7, '40510-557', null),
(436, 4, 'The Siege of AR‐558', '1998-11-18', 7, 8, '40510-558', null),
(437, 4, 'Covenant', '1998-11-25', 7, 9, '40510-559', null),
(438, 4, 'It’s Only a Paper Moon', '1998-12-30', 7, 10, '40510-560', null),
(439, 4, 'Prodigal Daughter', '1999-01-06', 7, 11, '40510-561', null),
(440, 4, 'The Emperor’s New Cloak', '1999-02-03', 7, 12, '40510-562', null),
(441, 4, 'Field of Fire', '1999-02-10', 7, 13, '40510-563', null),
(442, 4, 'Chimera', '1999-02-17', 7, 14, '40510-564', null),
(443, 4, 'Badda‐Bing, Badda‐Bang', '1999-02-24', 7, 15, '40510-566', null),
(444, 4, 'Inter Arma Enim Silent Leges', '1999-03-03', 7, 16, '40510-565', null),
(445, 4, 'Penumbra', '1999-04-07', 7, 17, '40510-567', 52576.2),
(446, 4, '’Til Death Do Us Part', '1999-04-14', 7, 18, '40510-568', null),
(447, 4, 'Strange Bedfellows', '1999-04-21', 7, 19, '40510-569', null),
(448, 4, 'The Changing Face of Evil', '1999-04-28', 7, 20, '40510-570', null),
(449, 4, 'When It Rains…', '1999-05-05', 7, 21, '40510-571', null),
(450, 4, 'Tacking Into the Wind', '1999-05-12', 7, 22, '40510-572', null),
(451, 4, 'Extreme Measures', '1999-05-19', 7, 23, '40510-573', 52645.7),
(452, 4, 'The Dogs of War', '1999-05-26', 7, 24, '40510-574', 52861.3),
(453, 4, 'What You Leave Behind', '1999-06-02', 7, 25, '40510-575', null);

-- VOY
INSERT INTO episode (episode_id, series_id, title, airdate, season,
                     episode_number, production_code, stardate) VALUES
(454, 5, 'Caretaker', '1995-01-16', 1, 1, '101', 48315.6),
(455, 5, 'Parallax', '1995-01-23', 1, 3, '103', 48439.7),
(456, 5, 'Time and Again', '1995-01-30', 1, 4, '104', null),
(457, 5, 'Phage', '1995-02-06', 1, 5, '105', 48532.4),
(458, 5, 'The Cloud', '1995-02-13', 1, 6, '106', 48546.2),
(459, 5, 'Eye of the Needle', '1995-02-20', 1, 7, '107', 48579.4),
(460, 5, 'Ex Post Facto', '1995-02-27', 1, 8, '108', null),
(461, 5, 'Emanations', '1995-03-13', 1, 9, '109', 48623.5),
(462, 5, 'Prime Factors', '1995-03-20', 1, 10, '110', 48642.5),
(463, 5, 'State of Flux', '1995-04-10', 1, 11, '111', 48658.2),
(464, 5, 'Heroes and Demons', '1995-04-24', 1, 12, '112', 48693.2),
(465, 5, 'Cathexis', '1995-05-01', 1, 13, '113', 48734.2),
(466, 5, 'Faces', '1995-05-08', 1, 14, '114', 48784.2),
(467, 5, 'Jetrel', '1995-05-15', 1, 15, '115', 48832.1),
(468, 5, 'Learning Curve', '1995-05-22', 1, 16, '116', 48846.5),
(469, 5, 'The 37’s', '1995-08-28', 2, 1, '120', 48975.1),
(470, 5, 'Initiations', '1995-09-04', 2, 2, '121', 49005.3),
(471, 5, 'Projections', '1995-09-11', 2, 3, '117', 48892.1),
(472, 5, 'Elogium', '1995-09-18', 2, 4, '118', 48921.3),
(473, 5, 'Non Sequitur', '1995-09-25', 2, 5, '122', 49011.0),
(474, 5, 'Twisted', '1995-10-02', 2, 6, '119', null),
(475, 5, 'Parturition', '1995-10-09', 2, 7, '123', 49068.5),
(476, 5, 'Persistence of Vision', '1995-10-30', 2, 8, '124', null),
(477, 5, 'Tattoo', '1995-11-06', 2, 9, '125', null),
(478, 5, 'Cold Fire', '1995-11-13', 2, 10, '126', 49164.8),
(479, 5, 'Maneuvers', '1995-11-20', 2, 11, '127', 49208.5),
(480, 5, 'Resistance', '1995-11-27', 2, 12, '128', null),
(481, 5, 'Prototype', '1996-01-15', 2, 13, '129', null),
(482, 5, 'Alliances', '1996-01-22', 2, 14, '131', 49337.4),
(483, 5, 'Threshold', '1996-01-29', 2, 15, '132', 49373.4),
(484, 5, 'Meld', '1996-02-05', 2, 16, '133', null),
(485, 5, 'Dreadnought', '1996-02-12', 2, 17, '134', 49447.0),
(486, 5, 'Death Wish', '1996-02-19', 2, 18, '130', 49301.2),
(487, 5, 'Lifesigns', '1996-02-26', 2, 19, '136', 49504.3),
(488, 5, 'Investigations', '1996-03-13', 2, 20, '135', 49485.2),
(489, 5, 'Deadlock', '1996-03-18', 2, 21, '137', 49548.7),
(490, 5, 'Innocence', '1996-04-08', 2, 22, '138', 49578.2),
(491, 5, 'The Thaw', '1996-04-29', 2, 23, '139', null),
(492, 5, 'Tuvix', '1996-05-06', 2, 24, '140', 49655.2),
(493, 5, 'Resolutions', '1996-05-13', 2, 25, '141', 49690.1),
(494, 5, 'Basics, Part I', '1996-05-20', 2, 26, '142', null),
(495, 5, 'Basics, Part II', '1996-09-04', 3, 1, '146', 50032.7),
(496, 5, 'Flashback', '1996-09-11', 3, 2, '145', 50126.4),
(497, 5, 'The Chute', '1996-09-18', 3, 3, '147', 50156.2),
(498, 5, 'The Swarm', '1996-09-25', 3, 4, '149', 50252.3),
(499, 5, 'False Profits', '1996-10-02', 3, 5, '144', 50074.3),
(500, 5, 'Remember', '1996-10-09', 3, 6, '148', 50203.1),
(501, 5, 'Sacred Ground', '1996-10-30', 3, 7, '143', 50063.2),
(502, 5, 'Future’s End', '1996-11-06', 3, 8, '150', 50312.5),
(503, 5, 'Future’s End, Part II', '1996-11-13', 3, 9, '151', 50312.5),
(504, 5, 'Warlord', '1996-11-20', 3, 10, '152', 50348.1),
(505, 5, 'The Q and the Grey', '1996-11-27', 3, 11, '153', 50384.2),
(506, 5, 'Macrocosm', '1996-12-11', 3, 12, '154', 50425.1),
(507, 5, 'Fair Trade', '1997-01-08', 3, 13, '156', null),
(508, 5, 'Alter Ego', '1997-01-15', 3, 14, '155', 50460.3),
(509, 5, 'Coda', '1997-01-29', 3, 15, '158', 50518.6),
(510, 5, 'Blood Fever', '1997-02-05', 3, 16, '157', 50537.2),
(511, 5, 'Unity', '1997-02-12', 3, 17, '159', 50614.2),
(512, 5, 'Darkling', '1997-02-19', 3, 18, '161', 50693.2),
(513, 5, 'Rise', '1997-02-26', 3, 19, '160', null),
(514, 5, 'Favorite Son', '1997-03-19', 3, 20, '162', 50732.4),
(515, 5, 'Before and After', '1997-04-09', 3, 21, '163', null),
(516, 5, 'Real Life', '1997-04-23', 3, 22, '164', 50836.2),
(517, 5, 'Distant Origin', '1997-04-30', 3, 23, '165', null),
(518, 5, 'Displaced', '1997-05-07', 3, 24, '166', 50912.4),
(519, 5, 'Worst Case Scenario', '1997-05-14', 3, 25, '167', 50953.4),
(520, 5, 'Scorpion', '1997-05-21', 3, 26, '168', 50984.3),
(521, 5, 'Scorpion, Part II', '1997-09-03', 4, 1, '169', 51003.7),
(522, 5, 'The Gift', '1997-09-10', 4, 2, '170', 51008.0),
(523, 5, 'Day of Honor', '1997-09-17', 4, 3, '172', null),
(524, 5, 'Nemesis', '1997-09-24', 4, 4, '171', 51082.4),
(525, 5, 'Revulsion', '1997-10-01', 4, 5, '173', 51186.2),
(526, 5, 'The Raven', '1997-10-08', 4, 6, '174', null),
(527, 5, 'Scientific Method', '1997-10-29', 4, 7, '175', 51244.3),
(528, 5, 'Year of Hell', '1997-11-05', 4, 8, '176', 51268.4),
(529, 5, 'Year of Hell, Part II', '1997-11-12', 4, 9, '177', 51425.4),
(530, 5, 'Random Thoughts', '1997-11-19', 4, 10, '178', 51367.2),
(531, 5, 'Concerning Flight', '1997-11-26', 4, 11, '179', 51386.4),
(532, 5, 'Mortal Coil', '1997-12-17', 4, 12, '180', 51449.2),
(533, 5, 'Waking Moments', '1998-01-14', 4, 13, '182', 51471.3),
(534, 5, 'Message in a Bottle', '1998-01-21', 4, 14, '181', 51462.0),
(535, 5, 'Hunters', '1998-02-11', 4, 15, '183', 51501.4),
(536, 5, 'Prey', '1998-02-18', 4, 16, '184', 51652.3),
(537, 5, 'Retrospect', '1998-02-25', 4, 17, '185', 51658.2),
(538, 5, 'The Killing Game, Part II', '1998-03-04', 4, 19, '187', 51715.2),
(539, 5, 'The Killing Game', '1998-03-04', 4, 18, '186', null),
(540, 5, 'Vis à Vis', '1998-04-08', 4, 20, '188', 51762.4),
(541, 5, 'The Omega Directive', '1998-04-15', 4, 21, '189', 51781.2),
(542, 5, 'Unforgettable', '1998-04-22', 4, 22, '190', 51813.4),
(543, 5, 'Living Witness', '1998-04-29', 4, 23, '191', null),
(544, 5, 'Demon', '1998-05-06', 4, 24, '192', null),
(545, 5, 'One', '1998-05-13', 4, 25, '193', 51929.3),
(546, 5, 'Hope and Fear', '1998-05-20', 4, 26, '194', 51978.2),
(547, 5, 'Night', '1998-10-14', 5, 1, '195', 52081.2),
(548, 5, 'Drone', '1998-10-21', 5, 2, '196', null),
(549, 5, 'Extreme Risk', '1998-10-28', 5, 3, '197', null),
(550, 5, 'In the Flesh', '1998-11-04', 5, 4, '198', 52136.4),
(551, 5, 'Once Upon a Time', '1998-11-11', 5, 5, '199', null),
(552, 5, 'Timeless', '1998-11-18', 5, 6, '201', 52164.3),
(553, 5, 'Infinite Regress', '1998-11-25', 5, 7, '203', 52356.2),
(554, 5, 'Nothing Human', '1998-12-02', 5, 8, '200', null),
(555, 5, 'Thirty Days', '1998-12-09', 5, 9, '202', 52179.4),
(556, 5, 'Counterpoint', '1998-12-16', 5, 10, '204', null),
(557, 5, 'Latent Image', '1999-01-20', 5, 11, '206', null),
(558, 5, 'Bride of Chaotica!', '1999-01-27', 5, 12, '207', null),
(559, 5, 'Gravity', '1999-02-03', 5, 13, '205', 52438.9),
(560, 5, 'Bliss', '1999-02-10', 5, 14, '209', 52542.3),
(561, 5, 'Dark Frontier', '1999-02-17', 5, 15, '211', 52619.2),
(562, 5, 'The Disease', '1999-02-24', 5, 17, '210', null),
(563, 5, 'Course: Oblivion', '1999-03-03', 5, 18, '213', 52586.3),
(564, 5, 'The Fight', '1999-03-24', 5, 19, '208', null),
(565, 5, 'Think Tank', '1999-03-31', 5, 20, '214', null),
(566, 5, 'Juggernaut', '1999-04-26', 5, 21, '215', null),
(567, 5, 'Someone to Watch Over Me', '1999-04-28', 5, 22, '216', 52648.0),
(568, 5, '11:59', '1999-05-05', 5, 23, '217', null),
(569, 5, 'Relativity', '1999-05-12', 5, 24, '218', 52861.274),
(570, 5, 'Warhead', '1999-05-19', 5, 25, '219', null),
(571, 5, 'Equinox', '1999-05-26', 5, 26, '220', null),
(572, 5, 'Equinox, Part II', '1999-09-22', 6, 1, '221', null),
(573, 5, 'Survival Instinct', '1999-09-29', 6, 2, '222', 53049.2),
(574, 5, 'Barge of the Dead', '1999-10-06', 6, 3, '223', null),
(575, 5, 'Tinker Tenor Doctor Spy', '1999-10-13', 6, 4, '224', null),
(576, 5, 'Alice', '1999-10-20', 6, 5, '226', null),
(577, 5, 'Riddles', '1999-11-03', 6, 6, '227', 53263.2),
(578, 5, 'Dragon’s Teeth', '1999-11-10', 6, 7, '225', 53167.9),
(579, 5, 'One Small Step', '1999-11-17', 6, 8, '228', 53292.7),
(580, 5, 'The Voyager Conspiracy', '1999-11-24', 6, 9, '229', 53329.0),
(581, 5, 'Pathfinder', '1999-12-01', 6, 10, '230', null),
(582, 5, 'Fair Haven', '2000-01-12', 6, 11, '231', null),
(583, 5, 'Blink of an Eye', '2000-01-19', 6, 12, '233', null),
(584, 5, 'Virtuoso', '2000-01-26', 6, 13, '234', 53556.4),
(585, 5, 'Memorial', '2000-02-02', 6, 14, '236', null),
(586, 5, 'Tsunkatse', '2000-02-09', 6, 15, '232', 53447.2),
(587, 5, 'Collective', '2000-02-16', 6, 16, '235', null),
(588, 5, 'Spirit Folk', '2000-02-23', 6, 17, '237', null),
(589, 5, 'Ashes to Ashes', '2000-03-01', 6, 18, '238', 53679.4),
(590, 5, 'Child’s Play', '2000-03-08', 6, 19, '239', null),
(591, 5, 'Good Shepherd', '2000-03-15', 6, 20, '240', 53753.2),
(592, 5, 'Live Fast and Prosper', '2000-04-19', 6, 21, '242', 53849.2),
(593, 5, 'Muse', '2000-04-26', 6, 22, '244', 53918.0),
(594, 5, 'Fury', '2000-05-03', 6, 23, '241', null),
(595, 5, 'Life Line', '2000-05-10', 6, 24, '243', null),
(596, 5, 'The Haunting of Deck Twelve', '2000-05-17', 6, 25, '245', null),
(597, 5, 'Unimatrix Zero', '2000-05-24', 6, 26, '246', null),
(598, 5, 'Unimatrix Zero, Part II', '2000-10-04', 7, 1, '247', 54014.4),
(599, 5, 'Imperfection', '2000-10-11', 7, 2, '248', 54129.4),
(600, 5, 'Drive', '2000-10-18', 7, 3, '249', 54058.6),
(601, 5, 'Repression', '2000-10-25', 7, 4, '251', 54090.4),
(602, 5, 'Critical Care', '2000-11-01', 7, 5, '250', null),
(603, 5, 'Inside Man', '2000-11-08', 7, 6, '252', 54208.3),
(604, 5, 'Body and Soul', '2000-11-15', 7, 7, '255', 54238.3),
(605, 5, 'Nightingale', '2000-11-22', 7, 8, '256', 54274.7),
(606, 5, 'Flesh and Blood', '2000-11-29', 7, 9, '253', 54315.3),
(607, 5, 'Shattered', '2001-01-17', 7, 11, '257', null),
(608, 5, 'Lineage', '2001-01-24', 7, 12, '258', 54452.6),
(609, 5, 'Repentance', '2001-01-31', 7, 13, '259', 54474.6),
(610, 5, 'Prophecy', '2001-02-07', 7, 14, '260', 54518.2),
(611, 5, 'The Void', '2001-02-14', 7, 15, '261', 54553.4),
(612, 5, 'Workforce', '2001-02-21', 7, 16, '262', 54584.3),
(613, 5, 'Workforce, Part II', '2001-02-28', 7, 17, '263', 54622.4),
(614, 5, 'Human Error', '2001-03-07', 7, 18, '264', null),
(615, 5, 'Q2', '2001-04-11', 7, 19, '265', 54704.5),
(616, 5, 'Author, Author', '2001-04-18', 7, 20, '266', 54732.3),
(617, 5, 'Friendship One', '2001-04-25', 7, 21, '267', 54775.4),
(618, 5, 'Natural Law', '2001-05-02', 7, 22, '268', 54827.7),
(619, 5, 'Homestead', '2001-05-09', 7, 23, '269', 54868.6),
(620, 5, 'Renaissance Man', '2001-05-16', 7, 24, '270', 54890.7),
(621, 5, 'Endgame', '2001-05-23', 7, 25, '271', 54973.4);

-- ENT
INSERT INTO episode (episode_id, series_id, title, airdate, season,
                     episode_number, production_code, stardate, date) VALUES
(622, 6, 'Broken Bow', '2001-09-26', 1, 1, '1', null, '2151-04-16'),
(623, 6, 'Fight or Flight', '2001-10-03', 1, 3, '3', null, '2151-05-06'),
(624, 6, 'Strange New World', '2001-10-10', 1, 4, '4', null, null),
(625, 6, 'Unexpected', '2001-10-17', 1, 5, '5', null, null),
(626, 6, 'Terra Nova', '2001-10-24', 1, 6, '6', null, null),
(627, 6, 'The Andorian Incident', '2001-10-31', 1, 7, '7', null, null),
(628, 6, 'Breaking the Ice', '2001-11-07', 1, 8, '8', null, null),
(629, 6, 'Civilization', '2001-11-14', 1, 9, '9', null, '2151-07-31'),
(630, 6, 'Fortunate Son', '2001-11-21', 1, 10, '10', null, null),
(631, 6, 'Cold Front', '2001-11-28', 1, 11, '11', null, '2151-09-09'),
(632, 6, 'Silent Enemy', '2002-01-16', 1, 12, '12', null, '2151-09-01'),
(633, 6, 'Dear Doctor', '2002-01-23', 1, 13, '13', null, null),
(634, 6, 'Sleeping Dogs', '2002-01-30', 1, 14, '15', null, null),
(635, 6, 'Shadows of P’Jem', '2002-02-06', 1, 15, '14', null, null),
(636, 6, 'Shuttlepod One', '2002-02-13', 1, 16, '16', null, '2151-11-09'),
(637, 6, 'Fusion', '2002-02-27', 1, 17, '17', null, null),
(638, 6, 'Rogue Planet', '2002-03-20', 1, 18, '18', null, null),
(639, 6, 'Acquisition', '2002-03-27', 1, 19, '19', null, null),
(640, 6, 'Oasis', '2002-04-03', 1, 20, '20', null, null),
(641, 6, 'Detained', '2002-04-24', 1, 21, '21', null, null),
(642, 6, 'Vox Sola', '2002-05-01', 1, 22, '22', null, null),
(643, 6, 'Fallen Hero', '2002-05-08', 1, 23, '23', null, '2152-02-09'),
(644, 6, 'Desert Crossing', '2002-05-08', 1, 24, '24', null, '2152-02-12'),
(645, 6, 'Two Days and Two Nights', '2002-05-15', 1, 25, '25', null, '2152-02-18'),
(646, 6, 'Shockwave', '2002-05-22', 1, 26, '26', null, null),
(647, 6, 'Shockwave, Part II', '2002-09-18', 2, 1, '28', null, null),
(648, 6, 'Carbon Creek', '2002-09-25', 2, 2, '27', null, '2152-04-12'),
(649, 6, 'Minefield', '2002-10-02', 2, 3, '29', null, null),
(650, 6, 'Dead Stop', '2002-10-09', 2, 4, '31', null, null),
(651, 6, 'A Night in Sickbay', '2002-10-16', 2, 5, '30', null, null),
(652, 6, 'Marauders', '2002-10-30', 2, 6, '32', null, null),
(653, 6, 'The Seventh', '2002-11-06', 2, 7, '33', null, null),
(654, 6, 'The Communicator', '2002-11-13', 2, 8, '34', null, null),
(655, 6, 'Singularity', '2002-11-20', 2, 9, '35', null, '2152-08-14'),
(656, 6, 'Vanishing Point', '2002-11-27', 2, 10, '36', null, null),
(657, 6, 'Precious Cargo', '2002-12-11', 2, 11, '37', null, '2152-09-12'),
(658, 6, 'The Catwalk', '2002-12-18', 2, 12, '38', null, '2152-09-18'),
(659, 6, 'Dawn', '2003-01-08', 2, 13, '39', null, null),
(660, 6, 'Stigma', '2003-02-05', 2, 14, '40', null, null),
(661, 6, 'Cease Fire', '2003-02-12', 2, 15, '41', null, null),
(662, 6, 'Future Tense', '2003-02-19', 2, 16, '42', null, null),
(663, 6, 'Canamar', '2003-02-26', 2, 17, '43', null, null),
(664, 6, 'The Crossing', '2003-04-02', 2, 18, '44', null, null),
(665, 6, 'Judgment', '2003-04-09', 2, 19, '45', null, null),
(666, 6, 'Horizon', '2003-04-16', 2, 20, '46', null, '2153-01-10'),
(667, 6, 'The Breach', '2003-04-23', 2, 21, '47', null, null),
(668, 6, 'Cogenitor', '2003-04-30', 2, 22, '48', null, null),
(669, 6, 'Regeneration', '2003-05-07', 2, 23, '49', null, '2153-03-01'),
(670, 6, 'First Flight', '2003-05-14', 2, 24, '50', null, null),
(671, 6, 'Bounty', '2003-05-14', 2, 25, '51', null, '2153-03-21'),
(672, 6, 'The Expanse', '2003-05-21', 2, 26, '52', null, '2153-04-24'),
(673, 6, 'The Xindi', '2003-09-10', 3, 1, '53', null, null),
(674, 6, 'Anomaly', '2003-09-17', 3, 2, '54', null, null),
(675, 6, 'Extinction', '2003-09-24', 3, 3, '55', null, null),
(676, 6, 'Rajiin', '2003-10-01', 3, 4, '56', null, null),
(677, 6, 'Impulse', '2003-10-08', 3, 5, '57', null, null),
(678, 6, 'Exile', '2003-10-15', 3, 6, '58', null, null),
(679, 6, 'The Shipment', '2003-10-29', 3, 7, '59', null, null),
(680, 6, 'Twilight', '2003-11-05', 3, 8, '60', null, null),
(681, 6, 'North Star', '2003-11-12', 3, 9, '61', null, null),
(682, 6, 'Similitude', '2003-11-19', 3, 10, '62', null, null),
(683, 6, 'Carpenter Street', '2003-11-26', 3, 11, '63', null, null),
(684, 6, 'Chosen Realm', '2004-01-14', 3, 12, '64', null, null),
(685, 6, 'Proving Ground', '2004-01-21', 3, 13, '65', null, '2153-12-06'),
(686, 6, 'Stratagem', '2004-02-04', 3, 14, '66', null, '2153-12-12'),
(687, 6, 'Harbinger', '2004-02-11', 3, 15, '67', null, '2153-12-27'),
(688, 6, 'Doctor’s Orders', '2004-02-18', 3, 16, '68', null, null),
(689, 6, 'Hatchery', '2004-02-25', 3, 17, '69', null, '2154-01-08'),
(690, 6, 'Azati Prime', '2004-03-03', 3, 18, '70', null, '2154-01-01'),
(691, 6, 'Damage', '2004-04-21', 3, 19, '71', null, null),
(692, 6, 'The Forgotten', '2004-04-28', 3, 20, '72', null, null),
(693, 6, 'E²', '2004-05-05', 3, 21, '73', null, null),
(694, 6, 'The Council', '2004-05-12', 3, 22, '74', null, '2154-02-12'),
(695, 6, 'Countdown', '2004-05-19', 3, 23, '75', null, '2154-02-13'),
(696, 6, 'Zero Hour', '2004-05-26', 3, 24, '76', null, '2154-02-14'),
(697, 6, 'Storm Front', '2004-10-08', 4, 1, '77', null, null),
(698, 6, 'Storm Front, Part II', '2004-10-15', 4, 2, '78', null, null),
(699, 6, 'Home', '2004-10-22', 4, 3, '79', null, null),
(700, 6, 'Borderland', '2004-10-29', 4, 4, '80', null, '2154-05-17'),
(701, 6, 'Cold Station 12', '2004-11-05', 4, 5, '81', null, null),
(702, 6, 'The Augments', '2004-11-12', 4, 6, '82', null, '2154-05-27'),
(703, 6, 'The Forge', '2004-11-19', 4, 7, '83', null, null),
(704, 6, 'Awakening', '2004-11-26', 4, 8, '84', null, null),
(705, 6, 'Kir’Shara', '2004-12-03', 4, 9, '85', null, null),
(706, 6, 'Daedalus', '2005-01-14', 4, 10, '86', null, null),
(707, 6, 'Observer Effect', '2005-01-21', 4, 11, '87', null, null),
(708, 6, 'Babel One', '2005-01-28', 4, 12, '88', null, '2154-11-12'),
(709, 6, 'United', '2005-02-04', 4, 13, '89', null, '2154-11-15'),
(710, 6, 'The Aenar', '2005-02-11', 4, 14, '90', null, null),
(711, 6, 'Affliction', '2005-02-18', 4, 15, '91', null, '2154-11-27'),
(712, 6, 'Divergence', '2005-02-25', 4, 16, '92', null, '2154-12-01'),
(713, 6, 'Bound', '2005-04-15', 4, 17, '93', null, '2154-12-27'),
(714, 6, 'In a Mirror, Darkly', '2005-04-22', 4, 18, '94', null, '2155-01-13'),
(715, 6, 'In a Mirror, Darkly, Part II', '2005-04-29', 4, 19, '95', null, '2155-01-18'),
(716, 6, 'Demons', '2005-05-06', 4, 20, '96', null, '2155-01-19'),
(717, 6, 'Terra Prime', '2005-05-13', 4, 21, '97', null, null),
(718, 6, 'These Are the Voyages…', '2005-05-13', 4, 22, '98', 47457.1, null);

-- CONT
INSERT INTO episode (episode_id, series_id, title, airdate,
                     episode_number, stardate, vignette) VALUES
(719, 7, 'Turnabout Intruder', '2012-07-31', 1, 5928.5, True),
(720, 7, 'You’ve Got the Conn', '2012-09-30', 2, null, True),
(721, 7, 'Happy Birthday, Scotty', '2012-11-30', 3, null, True),
(722, 7, 'Pilgrim of Eternity', '2013-05-26', 1, 6147.3, False),
(723, 7, 'Lolani', '2014-02-08', 2, 6154.1, False),
(724, 7, 'Fairest of Them All', '2014-06-15', 3, null, False),
(725, 7, 'The White Iris', '2015-05-29', 4, 6182.3, False),
(726, 7, 'Divided We Stand', '2015-09-26', 5, 6202.1, False),
(727, 7, 'Come Not Between the Dragons', '2016-05-28', 6, 6257.4, False),
(728, 7, 'Embracing the Winds', '2016-09-03', 7, 6295.3, False),
(729, 7, 'Still Treads the Shadow', '2017-04-01', 8, 6563.4, False),
(730, 7, 'What Ships Are For', '2017-07-30', 9, 6892.3, False),
(731, 7, 'To Boldly Go, Part I', '2017-10-18', 10, 6988.4, False),
(732, 7, 'To Boldly Go, Part II', '2017-11-13', 11, 6995.1, False);

-- TOS Blu-ray
INSERT INTO media_set (media_set_id, series_id, type, season) VALUES
(1, 1, 'Blu-ray', 1),
(2, 1, 'Blu-ray', 2),
(3, 1, 'Blu-ray', 3);
INSERT INTO medium_volume (medium_volume_id, media_set_id, sequence) VALUES
(1, 1, 1),
(2, 1, 2),
(3, 1, 3),
(4, 1, 4),
(5, 1, 5),
(6, 1, 6),
(7, 1, 7),
(8, 2, 1),
(9, 2, 2),
(10, 2, 3),
(11, 2, 4),
(12, 2, 5),
(13, 2, 6),
(14, 2, 7),
(15, 3, 1),
(16, 3, 2),
(17, 3, 3),
(18, 3, 4),
(19, 3, 5),
(20, 3, 6);
INSERT INTO medium_volume_episode (medium_volume_episode_id, medium_volume_id,
                                   episode_id) VALUES
(1, 1, 1),
(2, 1, 2),
(3, 1, 3),
(4, 1, 4),
(5, 2, 5),
(6, 2, 6),
(7, 2, 7),
(8, 2, 8),
(9, 2, 9),
(10, 3, 10),
(11, 3, 11),
(12, 3, 12),
(13, 3, 13),
(14, 4, 14),
(15, 4, 15),
(16, 4, 16),
(17, 4, 17),
(18, 5, 18),
(19, 5, 19),
(20, 5, 20),
(21, 5, 21),
(22, 6, 22),
(23, 6, 23),
(24, 6, 24),
(25, 6, 25),
(26, 7, 26),
(27, 7, 27),
(28, 7, 28),
(29, 7, 29),
(30, 8, 30),
(31, 8, 31),
(32, 8, 32),
(33, 8, 33),
(34, 9, 34),
(35, 9, 35),
(36, 9, 36),
(37, 9, 37),
(38, 9, 38),
(39, 10, 39),
(40, 10, 40),
(41, 10, 41),
(42, 10, 42),
(43, 10, 43),
(44, 11, 44),
(45, 12, 45),
(46, 12, 46),
(47, 12, 47),
(48, 12, 48),
(49, 13, 49),
(50, 13, 50),
(51, 13, 51),
(52, 13, 52),
(53, 14, 53),
(54, 14, 54),
(55, 14, 55),
(56, 15, 56),
(57, 15, 57),
(58, 15, 58),
(59, 15, 59),
(60, 15, 60),
(61, 16, 61),
(62, 16, 62),
(63, 16, 63),
(64, 16, 64),
(65, 16, 65),
(66, 17, 66),
(67, 17, 67),
(68, 17, 68),
(69, 17, 69),
(70, 17, 70),
(71, 18, 71),
(72, 18, 72),
(73, 18, 73),
(74, 18, 74),
(75, 18, 75),
(76, 19, 76),
(77, 19, 77),
(78, 19, 78),
(79, 19, 79),
(80, 20, 80),
(81, 20, 81),
(82, 20, 82);
